time_s,roll_cmd_deg,pitch_cmd_deg,yaw_cmd_deg,roll_actual_deg,pitch_actual_deg,yaw_actual_deg,p_actual_deg_s,q_actual_deg_s,r_actual_deg_s,p_desired_deg_s,q_desired_deg_s,r_desired_deg_s,collective_thrust_n,tau_x_nm,tau_y_nm,tau_z_nm
0.0,0.0,0.0,0.0,0.0,0.0,0.0,0.0,0.0,0.0,0.0,0.0,0.0,14.715,0.0,0.0,0.0
0.005,0.0,0.0,0.0,0.0,0.0,0.0,0.0,0.0,0.0,0.0,0.0,0.0,14.715,0.0,0.0,0.0
0.01,0.0,0.0,0.0,0.0,0.0,0.0,0.0,0.0,0.0,0.0,0.0,0.0,14.715,0.0,0.0,0.0
0.015,0.0,0.0,0.0,0.0,0.0,0.0,0.0,0.0,0.0,0.0,0.0,0.0,14.715,0.0,0.0,0.0
0.02,0.0,0.0,0.0,0.0,0.0,0.0,0.0,0.0,0.0,0.0,0.0,0.0,14.715,0.0,0.0,0.0
0.025,0.0,0.0,0.0,0.0,0.0,0.0,0.0,0.0,0.0,0.0,0.0,0.0,14.715,0.0,0.0,0.0
0.03,0.0,0.0,0.0,0.0,0.0,0.0,0.0,0.0,0.0,0.0,0.0,0.0,14.715,0.0,0.0,0.0
0.035,0.0,0.0,0.0,0.0,0.0,0.0,0.0,0.0,0.0,0.0,0.0,0.0,14.715,0.0,0.0,0.0
0.04,0.0,0.0,0.0,0.0,0.0,0.0,0.0,0.0,0.0,0.0,0.0,0.0,14.715,0.0,0.0,0.0
0.045,0.0,0.0,0.0,0.0,0.0,0.0,0.0,0.0,0.0,0.0,0.0,0.0,14.715,0.0,0.0,0.0
0.05,0.0,0.0,0.0,0.0,0.0,0.0,0.0,0.0,0.0,0.0,0.0,0.0,14.715,0.0,0.0,0.0
0.055,0.0,0.0,0.0,0.0,0.0,0.0,0.0,0.0,0.0,0.0,0.0,0.0,14.715,0.0,0.0,0.0
0.06,0.0,0.0,0.0,0.0,0.0,0.0,0.0,0.0,0.0,0.0,0.0,0.0,14.715,0.0,0.0,0.0
0.065,0.0,0.0,0.0,0.0,0.0,0.0,0.0,0.0,0.0,0.0,0.0,0.0,14.715,0.0,0.0,0.0
0.07,0.0,0.0,0.0,0.0,0.0,0.0,0.0,0.0,0.0,0.0,0.0,0.0,14.715,0.0,0.0,0.0
0.075,0.0,0.0,0.0,0.0,0.0,0.0,0.0,0.0,0.0,0.0,0.0,0.0,14.715,0.0,0.0,0.0
0.08,0.0,0.0,0.0,0.0,0.0,0.0,0.0,0.0,0.0,0.0,0.0,0.0,14.715,0.0,0.0,0.0
0.085,0.0,0.0,0.0,0.0,0.0,0.0,0.0,0.0,0.0,0.0,0.0,0.0,14.715,0.0,0.0,0.0
0.09,0.0,0.0,0.0,0.0,0.0,0.0,0.0,0.0,0.0,0.0,0.0,0.0,14.715,0.0,0.0,0.0
0.095,0.0,0.0,0.0,0.0,0.0,0.0,0.0,0.0,0.0,0.0,0.0,0.0,14.715,0.0,0.0,0.0
0.1,0.0,0.0,0.0,0.0,0.0,0.0,0.0,0.0,0.0,0.0,0.0,0.0,14.715,0.0,0.0,0.0
0.105,0.0,0.0,0.0,0.0,0.0,0.0,0.0,0.0,0.0,0.0,0.0,0.0,14.715,0.0,0.0,0.0
0.11,0.0,0.0,0.0,0.0,0.0,0.0,0.0,0.0,0.0,0.0,0.0,0.0,14.715,0.0,0.0,0.0
0.115,0.0,0.0,0.0,0.0,0.0,0.0,0.0,0.0,0.0,0.0,0.0,0.0,14.715,0.0,0.0,0.0
0.12,0.0,0.0,0.0,0.0,0.0,0.0,0.0,0.0,0.0,0.0,0.0,0.0,14.715,0.0,0.0,0.0
0.125,0.0,0.0,0.0,0.0,0.0,0.0,0.0,0.0,0.0,0.0,0.0,0.0,14.715,0.0,0.0,0.0
0.13,0.0,0.0,0.0,0.0,0.0,0.0,0.0,0.0,0.0,0.0,0.0,0.0,14.715,0.0,0.0,0.0
0.135,0.0,0.0,0.0,0.0,0.0,0.0,0.0,0.0,0.0,0.0,0.0,0.0,14.715,0.0,0.0,0.0
0.14,0.0,0.0,0.0,0.0,0.0,0.0,0.0,0.0,0.0,0.0,0.0,0.0,14.715,0.0,0.0,0.0
0.145,0.0,0.0,0.0,0.0,0.0,0.0,0.0,0.0,0.0,0.0,0.0,0.0,14.715,0.0,0.0,0.0
0.15,0.0,0.0,0.0,0.0,0.0,0.0,0.0,0.0,0.0,0.0,0.0,0.0,14.715,0.0,0.0,0.0
0.155,0.0,0.0,0.0,0.0,0.0,0.0,0.0,0.0,0.0,0.0,0.0,0.0,14.715,0.0,0.0,0.0
0.16,0.0,0.0,0.0,0.0,0.0,0.0,0.0,0.0,0.0,0.0,0.0,0.0,14.715,0.0,0.0,0.0
0.165,0.0,0.0,0.0,0.0,0.0,0.0,0.0,0.0,0.0,0.0,0.0,0.0,14.715,0.0,0.0,0.0
0.17,0.0,0.0,0.0,0.0,0.0,0.0,0.0,0.0,0.0,0.0,0.0,0.0,14.715,0.0,0.0,0.0
0.17500000000000002,0.0,0.0,0.0,0.0,0.0,0.0,0.0,0.0,0.0,0.0,0.0,0.0,14.715,0.0,0.0,0.0
0.18,0.0,0.0,0.0,0.0,0.0,0.0,0.0,0.0,0.0,0.0,0.0,0.0,14.715,0.0,0.0,0.0
0.185,0.0,0.0,0.0,0.0,0.0,0.0,0.0,0.0,0.0,0.0,0.0,0.0,14.715,0.0,0.0,0.0
0.19,0.0,0.0,0.0,0.0,0.0,0.0,0.0,0.0,0.0,0.0,0.0,0.0,14.715,0.0,0.0,0.0
0.195,0.0,0.0,0.0,0.0,0.0,0.0,0.0,0.0,0.0,0.0,0.0,0.0,14.715,0.0,0.0,0.0
0.2,0.0,0.0,0.0,0.0,0.0,0.0,0.0,0.0,0.0,0.0,0.0,0.0,14.715,0.0,0.0,0.0
0.20500000000000002,0.0,0.0,0.0,0.0,0.0,0.0,0.0,0.0,0.0,0.0,0.0,0.0,14.715,0.0,0.0,0.0
0.21,0.0,0.0,0.0,0.0,0.0,0.0,0.0,0.0,0.0,0.0,0.0,0.0,14.715,0.0,0.0,0.0
0.215,0.0,0.0,0.0,0.0,0.0,0.0,0.0,0.0,0.0,0.0,0.0,0.0,14.715,0.0,0.0,0.0
0.22,0.0,0.0,0.0,0.0,0.0,0.0,0.0,0.0,0.0,0.0,0.0,0.0,14.715,0.0,0.0,0.0
0.225,0.0,0.0,0.0,0.0,0.0,0.0,0.0,0.0,0.0,0.0,0.0,0.0,14.715,0.0,0.0,0.0
0.23,0.0,0.0,0.0,0.0,0.0,0.0,0.0,0.0,0.0,0.0,0.0,0.0,14.715,0.0,0.0,0.0
0.23500000000000001,0.0,0.0,0.0,0.0,0.0,0.0,0.0,0.0,0.0,0.0,0.0,0.0,14.715,0.0,0.0,0.0
0.24,0.0,0.0,0.0,0.0,0.0,0.0,0.0,0.0,0.0,0.0,0.0,0.0,14.715,0.0,0.0,0.0
0.245,0.0,0.0,0.0,0.0,0.0,0.0,0.0,0.0,0.0,0.0,0.0,0.0,14.715,0.0,0.0,0.0
0.25,0.0,0.0,0.0,0.0,0.0,0.0,0.0,0.0,0.0,0.0,0.0,0.0,14.715,0.0,0.0,0.0
0.255,0.0,0.0,0.0,0.0,0.0,0.0,0.0,0.0,0.0,0.0,0.0,0.0,14.715,0.0,0.0,0.0
0.26,0.0,0.0,0.0,0.0,0.0,0.0,0.0,0.0,0.0,0.0,0.0,0.0,14.715,0.0,0.0,0.0
0.265,0.0,0.0,0.0,0.0,0.0,0.0,0.0,0.0,0.0,0.0,0.0,0.0,14.715,0.0,0.0,0.0
0.27,0.0,0.0,0.0,0.0,0.0,0.0,0.0,0.0,0.0,0.0,0.0,0.0,14.715,0.0,0.0,0.0
0.275,0.0,0.0,0.0,0.0,0.0,0.0,0.0,0.0,0.0,0.0,0.0,0.0,14.715,0.0,0.0,0.0
0.28,0.0,0.0,0.0,0.0,0.0,0.0,0.0,0.0,0.0,0.0,0.0,0.0,14.715,0.0,0.0,0.0
0.28500000000000003,0.0,0.0,0.0,0.0,0.0,0.0,0.0,0.0,0.0,0.0,0.0,0.0,14.715,0.0,0.0,0.0
0.29,0.0,0.0,0.0,0.0,0.0,0.0,0.0,0.0,0.0,0.0,0.0,0.0,14.715,0.0,0.0,0.0
0.295,0.0,0.0,0.0,0.0,0.0,0.0,0.0,0.0,0.0,0.0,0.0,0.0,14.715,0.0,0.0,0.0
0.3,0.0,0.0,0.0,0.0,0.0,0.0,0.0,0.0,0.0,0.0,0.0,0.0,14.715,0.0,0.0,0.0
0.305,0.0,0.0,0.0,0.0,0.0,0.0,0.0,0.0,0.0,0.0,0.0,0.0,14.715,0.0,0.0,0.0
0.31,0.0,0.0,0.0,0.0,0.0,0.0,0.0,0.0,0.0,0.0,0.0,0.0,14.715,0.0,0.0,0.0
0.315,0.0,0.0,0.0,0.0,0.0,0.0,0.0,0.0,0.0,0.0,0.0,0.0,14.715,0.0,0.0,0.0
0.32,0.0,0.0,0.0,0.0,0.0,0.0,0.0,0.0,0.0,0.0,0.0,0.0,14.715,0.0,0.0,0.0
0.325,0.0,0.0,0.0,0.0,0.0,0.0,0.0,0.0,0.0,0.0,0.0,0.0,14.715,0.0,0.0,0.0
0.33,0.0,0.0,0.0,0.0,0.0,0.0,0.0,0.0,0.0,0.0,0.0,0.0,14.715,0.0,0.0,0.0
0.335,0.0,0.0,0.0,0.0,0.0,0.0,0.0,0.0,0.0,0.0,0.0,0.0,14.715,0.0,0.0,0.0
0.34,0.0,0.0,0.0,0.0,0.0,0.0,0.0,0.0,0.0,0.0,0.0,0.0,14.715,0.0,0.0,0.0
0.34500000000000003,0.0,0.0,0.0,0.0,0.0,0.0,0.0,0.0,0.0,0.0,0.0,0.0,14.715,0.0,0.0,0.0
0.35000000000000003,0.0,0.0,0.0,0.0,0.0,0.0,0.0,0.0,0.0,0.0,0.0,0.0,14.715,0.0,0.0,0.0
0.355,0.0,0.0,0.0,0.0,0.0,0.0,0.0,0.0,0.0,0.0,0.0,0.0,14.715,0.0,0.0,0.0
0.36,0.0,0.0,0.0,0.0,0.0,0.0,0.0,0.0,0.0,0.0,0.0,0.0,14.715,0.0,0.0,0.0
0.365,0.0,0.0,0.0,0.0,0.0,0.0,0.0,0.0,0.0,0.0,0.0,0.0,14.715,0.0,0.0,0.0
0.37,0.0,0.0,0.0,0.0,0.0,0.0,0.0,0.0,0.0,0.0,0.0,0.0,14.715,0.0,0.0,0.0
0.375,0.0,0.0,0.0,0.0,0.0,0.0,0.0,0.0,0.0,0.0,0.0,0.0,14.715,0.0,0.0,0.0
0.38,0.0,0.0,0.0,0.0,0.0,0.0,0.0,0.0,0.0,0.0,0.0,0.0,14.715,0.0,0.0,0.0
0.385,0.0,0.0,0.0,0.0,0.0,0.0,0.0,0.0,0.0,0.0,0.0,0.0,14.715,0.0,0.0,0.0
0.39,0.0,0.0,0.0,0.0,0.0,0.0,0.0,0.0,0.0,0.0,0.0,0.0,14.715,0.0,0.0,0.0
0.395,0.0,0.0,0.0,0.0,0.0,0.0,0.0,0.0,0.0,0.0,0.0,0.0,14.715,0.0,0.0,0.0
0.4,0.0,0.0,0.0,0.0,0.0,0.0,0.0,0.0,0.0,0.0,0.0,0.0,14.715,0.0,0.0,0.0
0.405,0.0,0.0,0.0,0.0,0.0,0.0,0.0,0.0,0.0,0.0,0.0,0.0,14.715,0.0,0.0,0.0
0.41000000000000003,0.0,0.0,0.0,0.0,0.0,0.0,0.0,0.0,0.0,0.0,0.0,0.0,14.715,0.0,0.0,0.0
0.41500000000000004,0.0,0.0,0.0,0.0,0.0,0.0,0.0,0.0,0.0,0.0,0.0,0.0,14.715,0.0,0.0,0.0
0.42,0.0,0.0,0.0,0.0,0.0,0.0,0.0,0.0,0.0,0.0,0.0,0.0,14.715,0.0,0.0,0.0
0.425,0.0,0.0,0.0,0.0,0.0,0.0,0.0,0.0,0.0,0.0,0.0,0.0,14.715,0.0,0.0,0.0
0.43,0.0,0.0,0.0,0.0,0.0,0.0,0.0,0.0,0.0,0.0,0.0,0.0,14.715,0.0,0.0,0.0
0.435,0.0,0.0,0.0,0.0,0.0,0.0,0.0,0.0,0.0,0.0,0.0,0.0,14.715,0.0,0.0,0.0
0.44,0.0,0.0,0.0,0.0,0.0,0.0,0.0,0.0,0.0,0.0,0.0,0.0,14.715,0.0,0.0,0.0
0.445,0.0,0.0,0.0,0.0,0.0,0.0,0.0,0.0,0.0,0.0,0.0,0.0,14.715,0.0,0.0,0.0
0.45,0.0,0.0,0.0,0.0,0.0,0.0,0.0,0.0,0.0,0.0,0.0,0.0,14.715,0.0,0.0,0.0
0.455,0.0,0.0,0.0,0.0,0.0,0.0,0.0,0.0,0.0,0.0,0.0,0.0,14.715,0.0,0.0,0.0
0.46,0.0,0.0,0.0,0.0,0.0,0.0,0.0,0.0,0.0,0.0,0.0,0.0,14.715,0.0,0.0,0.0
0.465,0.0,0.0,0.0,0.0,0.0,0.0,0.0,0.0,0.0,0.0,0.0,0.0,14.715,0.0,0.0,0.0
0.47000000000000003,0.0,0.0,0.0,0.0,0.0,0.0,0.0,0.0,0.0,0.0,0.0,0.0,14.715,0.0,0.0,0.0
0.47500000000000003,0.0,0.0,0.0,0.0,0.0,0.0,0.0,0.0,0.0,0.0,0.0,0.0,14.715,0.0,0.0,0.0
0.48,0.0,0.0,0.0,0.0,0.0,0.0,0.0,0.0,0.0,0.0,0.0,0.0,14.715,0.0,0.0,0.0
0.485,0.0,0.0,0.0,0.0,0.0,0.0,0.0,0.0,0.0,0.0,0.0,0.0,14.715,0.0,0.0,0.0
0.49,0.0,0.0,0.0,0.0,0.0,0.0,0.0,0.0,0.0,0.0,0.0,0.0,14.715,0.0,0.0,0.0
0.495,0.0,0.0,0.0,0.0,0.0,0.0,0.0,0.0,0.0,0.0,0.0,0.0,14.715,0.0,0.0,0.0
0.5,0.0,0.0,0.0,0.0,0.0,0.0,0.0,0.0,0.0,0.0,0.0,0.0,14.715,0.0,0.0,0.0
0.505,0.0,0.0,0.0,0.0,0.0,0.0,0.0,0.0,0.0,0.0,0.0,0.0,14.715,0.0,0.0,0.0
0.51,0.0,0.0,0.0,0.0,0.0,0.0,0.0,0.0,0.0,0.0,0.0,0.0,14.715,0.0,0.0,0.0
0.515,0.0,0.0,0.0,0.0,0.0,0.0,0.0,0.0,0.0,0.0,0.0,0.0,14.715,0.0,0.0,0.0
0.52,0.0,0.0,0.0,0.0,0.0,0.0,0.0,0.0,0.0,0.0,0.0,0.0,14.715,0.0,0.0,0.0
0.525,0.0,0.0,0.0,0.0,0.0,0.0,0.0,0.0,0.0,0.0,0.0,0.0,14.715,0.0,0.0,0.0
0.53,0.0,0.0,0.0,0.0,0.0,0.0,0.0,0.0,0.0,0.0,0.0,0.0,14.715,0.0,0.0,0.0
0.535,0.0,0.0,0.0,0.0,0.0,0.0,0.0,0.0,0.0,0.0,0.0,0.0,14.715,0.0,0.0,0.0
0.54,0.0,0.0,0.0,0.0,0.0,0.0,0.0,0.0,0.0,0.0,0.0,0.0,14.715,0.0,0.0,0.0
0.545,0.0,0.0,0.0,0.0,0.0,0.0,0.0,0.0,0.0,0.0,0.0,0.0,14.715,0.0,0.0,0.0
0.55,0.0,0.0,0.0,0.0,0.0,0.0,0.0,0.0,0.0,0.0,0.0,0.0,14.715,0.0,0.0,0.0
0.555,0.0,0.0,0.0,0.0,0.0,0.0,0.0,0.0,0.0,0.0,0.0,0.0,14.715,0.0,0.0,0.0
0.56,0.0,0.0,0.0,0.0,0.0,0.0,0.0,0.0,0.0,0.0,0.0,0.0,14.715,0.0,0.0,0.0
0.5650000000000001,0.0,0.0,0.0,0.0,0.0,0.0,0.0,0.0,0.0,0.0,0.0,0.0,14.715,0.0,0.0,0.0
0.5700000000000001,0.0,0.0,0.0,0.0,0.0,0.0,0.0,0.0,0.0,0.0,0.0,0.0,14.715,0.0,0.0,0.0
0.5750000000000001,0.0,0.0,0.0,0.0,0.0,0.0,0.0,0.0,0.0,0.0,0.0,0.0,14.715,0.0,0.0,0.0
0.58,0.0,0.0,0.0,0.0,0.0,0.0,0.0,0.0,0.0,0.0,0.0,0.0,14.715,0.0,0.0,0.0
0.585,0.0,0.0,0.0,0.0,0.0,0.0,0.0,0.0,0.0,0.0,0.0,0.0,14.715,0.0,0.0,0.0
0.59,0.0,0.0,0.0,0.0,0.0,0.0,0.0,0.0,0.0,0.0,0.0,0.0,14.715,0.0,0.0,0.0
0.595,0.0,0.0,0.0,0.0,0.0,0.0,0.0,0.0,0.0,0.0,0.0,0.0,14.715,0.0,0.0,0.0
0.6,0.0,0.0,0.0,0.0,0.0,0.0,0.0,0.0,0.0,0.0,0.0,0.0,14.715,0.0,0.0,0.0
0.605,0.0,0.0,0.0,0.0,0.0,0.0,0.0,0.0,0.0,0.0,0.0,0.0,14.715,0.0,0.0,0.0
0.61,0.0,0.0,0.0,0.0,0.0,0.0,0.0,0.0,0.0,0.0,0.0,0.0,14.715,0.0,0.0,0.0
0.615,0.0,0.0,0.0,0.0,0.0,0.0,0.0,0.0,0.0,0.0,0.0,0.0,14.715,0.0,0.0,0.0
0.62,0.0,0.0,0.0,0.0,0.0,0.0,0.0,0.0,0.0,0.0,0.0,0.0,14.715,0.0,0.0,0.0
0.625,0.0,0.0,0.0,0.0,0.0,0.0,0.0,0.0,0.0,0.0,0.0,0.0,14.715,0.0,0.0,0.0
0.63,0.0,0.0,0.0,0.0,0.0,0.0,0.0,0.0,0.0,0.0,0.0,0.0,14.715,0.0,0.0,0.0
0.635,0.0,0.0,0.0,0.0,0.0,0.0,0.0,0.0,0.0,0.0,0.0,0.0,14.715,0.0,0.0,0.0
0.64,0.0,0.0,0.0,0.0,0.0,0.0,0.0,0.0,0.0,0.0,0.0,0.0,14.715,0.0,0.0,0.0
0.645,0.0,0.0,0.0,0.0,0.0,0.0,0.0,0.0,0.0,0.0,0.0,0.0,14.715,0.0,0.0,0.0
0.65,0.0,0.0,0.0,0.0,0.0,0.0,0.0,0.0,0.0,0.0,0.0,0.0,14.715,0.0,0.0,0.0
0.655,0.0,0.0,0.0,0.0,0.0,0.0,0.0,0.0,0.0,0.0,0.0,0.0,14.715,0.0,0.0,0.0
0.66,0.0,0.0,0.0,0.0,0.0,0.0,0.0,0.0,0.0,0.0,0.0,0.0,14.715,0.0,0.0,0.0
0.665,0.0,0.0,0.0,0.0,0.0,0.0,0.0,0.0,0.0,0.0,0.0,0.0,14.715,0.0,0.0,0.0
0.67,0.0,0.0,0.0,0.0,0.0,0.0,0.0,0.0,0.0,0.0,0.0,0.0,14.715,0.0,0.0,0.0
0.675,0.0,0.0,0.0,0.0,0.0,0.0,0.0,0.0,0.0,0.0,0.0,0.0,14.715,0.0,0.0,0.0
0.68,0.0,0.0,0.0,0.0,0.0,0.0,0.0,0.0,0.0,0.0,0.0,0.0,14.715,0.0,0.0,0.0
0.685,0.0,0.0,0.0,0.0,0.0,0.0,0.0,0.0,0.0,0.0,0.0,0.0,14.715,0.0,0.0,0.0
0.6900000000000001,0.0,0.0,0.0,0.0,0.0,0.0,0.0,0.0,0.0,0.0,0.0,0.0,14.715,0.0,0.0,0.0
0.6950000000000001,0.0,0.0,0.0,0.0,0.0,0.0,0.0,0.0,0.0,0.0,0.0,0.0,14.715,0.0,0.0,0.0
0.7000000000000001,0.0,0.0,0.0,0.0,0.0,0.0,0.0,0.0,0.0,0.0,0.0,0.0,14.715,0.0,0.0,0.0
0.705,0.0,0.0,0.0,0.0,0.0,0.0,0.0,0.0,0.0,0.0,0.0,0.0,14.715,0.0,0.0,0.0
0.71,0.0,0.0,0.0,0.0,0.0,0.0,0.0,0.0,0.0,0.0,0.0,0.0,14.715,0.0,0.0,0.0
0.715,0.0,0.0,0.0,0.0,0.0,0.0,0.0,0.0,0.0,0.0,0.0,0.0,14.715,0.0,0.0,0.0
0.72,0.0,0.0,0.0,0.0,0.0,0.0,0.0,0.0,0.0,0.0,0.0,0.0,14.715,0.0,0.0,0.0
0.725,0.0,0.0,0.0,0.0,0.0,0.0,0.0,0.0,0.0,0.0,0.0,0.0,14.715,0.0,0.0,0.0
0.73,0.0,0.0,0.0,0.0,0.0,0.0,0.0,0.0,0.0,0.0,0.0,0.0,14.715,0.0,0.0,0.0
0.735,0.0,0.0,0.0,0.0,0.0,0.0,0.0,0.0,0.0,0.0,0.0,0.0,14.715,0.0,0.0,0.0
0.74,0.0,0.0,0.0,0.0,0.0,0.0,0.0,0.0,0.0,0.0,0.0,0.0,14.715,0.0,0.0,0.0
0.745,0.0,0.0,0.0,0.0,0.0,0.0,0.0,0.0,0.0,0.0,0.0,0.0,14.715,0.0,0.0,0.0
0.75,0.0,0.0,0.0,0.0,0.0,0.0,0.0,0.0,0.0,0.0,0.0,0.0,14.715,0.0,0.0,0.0
0.755,0.0,0.0,0.0,0.0,0.0,0.0,0.0,0.0,0.0,0.0,0.0,0.0,14.715,0.0,0.0,0.0
0.76,0.0,0.0,0.0,0.0,0.0,0.0,0.0,0.0,0.0,0.0,0.0,0.0,14.715,0.0,0.0,0.0
0.765,0.0,0.0,0.0,0.0,0.0,0.0,0.0,0.0,0.0,0.0,0.0,0.0,14.715,0.0,0.0,0.0
0.77,0.0,0.0,0.0,0.0,0.0,0.0,0.0,0.0,0.0,0.0,0.0,0.0,14.715,0.0,0.0,0.0
0.775,0.0,0.0,0.0,0.0,0.0,0.0,0.0,0.0,0.0,0.0,0.0,0.0,14.715,0.0,0.0,0.0
0.78,0.0,0.0,0.0,0.0,0.0,0.0,0.0,0.0,0.0,0.0,0.0,0.0,14.715,0.0,0.0,0.0
0.785,0.0,0.0,0.0,0.0,0.0,0.0,0.0,0.0,0.0,0.0,0.0,0.0,14.715,0.0,0.0,0.0
0.79,0.0,0.0,0.0,0.0,0.0,0.0,0.0,0.0,0.0,0.0,0.0,0.0,14.715,0.0,0.0,0.0
0.795,0.0,0.0,0.0,0.0,0.0,0.0,0.0,0.0,0.0,0.0,0.0,0.0,14.715,0.0,0.0,0.0
0.8,0.0,0.0,0.0,0.0,0.0,0.0,0.0,0.0,0.0,0.0,0.0,0.0,14.715,0.0,0.0,0.0
0.805,0.0,0.0,0.0,0.0,0.0,0.0,0.0,0.0,0.0,0.0,0.0,0.0,14.715,0.0,0.0,0.0
0.81,0.0,0.0,0.0,0.0,0.0,0.0,0.0,0.0,0.0,0.0,0.0,0.0,14.715,0.0,0.0,0.0
0.8150000000000001,0.0,0.0,0.0,0.0,0.0,0.0,0.0,0.0,0.0,0.0,0.0,0.0,14.715,0.0,0.0,0.0
0.8200000000000001,0.0,0.0,0.0,0.0,0.0,0.0,0.0,0.0,0.0,0.0,0.0,0.0,14.715,0.0,0.0,0.0
0.8250000000000001,0.0,0.0,0.0,0.0,0.0,0.0,0.0,0.0,0.0,0.0,0.0,0.0,14.715,0.0,0.0,0.0
0.8300000000000001,0.0,0.0,0.0,0.0,0.0,0.0,0.0,0.0,0.0,0.0,0.0,0.0,14.715,0.0,0.0,0.0
0.835,0.0,0.0,0.0,0.0,0.0,0.0,0.0,0.0,0.0,0.0,0.0,0.0,14.715,0.0,0.0,0.0
0.84,0.0,0.0,0.0,0.0,0.0,0.0,0.0,0.0,0.0,0.0,0.0,0.0,14.715,0.0,0.0,0.0
0.845,0.0,0.0,0.0,0.0,0.0,0.0,0.0,0.0,0.0,0.0,0.0,0.0,14.715,0.0,0.0,0.0
0.85,0.0,0.0,0.0,0.0,0.0,0.0,0.0,0.0,0.0,0.0,0.0,0.0,14.715,0.0,0.0,0.0
0.855,0.0,0.0,0.0,0.0,0.0,0.0,0.0,0.0,0.0,0.0,0.0,0.0,14.715,0.0,0.0,0.0
0.86,0.0,0.0,0.0,0.0,0.0,0.0,0.0,0.0,0.0,0.0,0.0,0.0,14.715,0.0,0.0,0.0
0.865,0.0,0.0,0.0,0.0,0.0,0.0,0.0,0.0,0.0,0.0,0.0,0.0,14.715,0.0,0.0,0.0
0.87,0.0,0.0,0.0,0.0,0.0,0.0,0.0,0.0,0.0,0.0,0.0,0.0,14.715,0.0,0.0,0.0
0.875,0.0,0.0,0.0,0.0,0.0,0.0,0.0,0.0,0.0,0.0,0.0,0.0,14.715,0.0,0.0,0.0
0.88,0.0,0.0,0.0,0.0,0.0,0.0,0.0,0.0,0.0,0.0,0.0,0.0,14.715,0.0,0.0,0.0
0.885,0.0,0.0,0.0,0.0,0.0,0.0,0.0,0.0,0.0,0.0,0.0,0.0,14.715,0.0,0.0,0.0
0.89,0.0,0.0,0.0,0.0,0.0,0.0,0.0,0.0,0.0,0.0,0.0,0.0,14.715,0.0,0.0,0.0
0.895,0.0,0.0,0.0,0.0,0.0,0.0,0.0,0.0,0.0,0.0,0.0,0.0,14.715,0.0,0.0,0.0
0.9,0.0,0.0,0.0,0.0,0.0,0.0,0.0,0.0,0.0,0.0,0.0,0.0,14.715,0.0,0.0,0.0
0.905,0.0,0.0,0.0,0.0,0.0,0.0,0.0,0.0,0.0,0.0,0.0,0.0,14.715,0.0,0.0,0.0
0.91,0.0,0.0,0.0,0.0,0.0,0.0,0.0,0.0,0.0,0.0,0.0,0.0,14.715,0.0,0.0,0.0
0.915,0.0,0.0,0.0,0.0,0.0,0.0,0.0,0.0,0.0,0.0,0.0,0.0,14.715,0.0,0.0,0.0
0.92,0.0,0.0,0.0,0.0,0.0,0.0,0.0,0.0,0.0,0.0,0.0,0.0,14.715,0.0,0.0,0.0
0.925,0.0,0.0,0.0,0.0,0.0,0.0,0.0,0.0,0.0,0.0,0.0,0.0,14.715,0.0,0.0,0.0
0.93,0.0,0.0,0.0,0.0,0.0,0.0,0.0,0.0,0.0,0.0,0.0,0.0,14.715,0.0,0.0,0.0
0.935,0.0,0.0,0.0,0.0,0.0,0.0,0.0,0.0,0.0,0.0,0.0,0.0,14.715,0.0,0.0,0.0
0.9400000000000001,0.0,0.0,0.0,0.0,0.0,0.0,0.0,0.0,0.0,0.0,0.0,0.0,14.715,0.0,0.0,0.0
0.9450000000000001,0.0,0.0,0.0,0.0,0.0,0.0,0.0,0.0,0.0,0.0,0.0,0.0,14.715,0.0,0.0,0.0
0.9500000000000001,0.0,0.0,0.0,0.0,0.0,0.0,0.0,0.0,0.0,0.0,0.0,0.0,14.715,0.0,0.0,0.0
0.9550000000000001,0.0,0.0,0.0,0.0,0.0,0.0,0.0,0.0,0.0,0.0,0.0,0.0,14.715,0.0,0.0,0.0
0.96,0.0,0.0,0.0,0.0,0.0,0.0,0.0,0.0,0.0,0.0,0.0,0.0,14.715,0.0,0.0,0.0
0.965,0.0,0.0,0.0,0.0,0.0,0.0,0.0,0.0,0.0,0.0,0.0,0.0,14.715,0.0,0.0,0.0
0.97,0.0,0.0,0.0,0.0,0.0,0.0,0.0,0.0,0.0,0.0,0.0,0.0,14.715,0.0,0.0,0.0
0.975,0.0,0.0,0.0,0.0,0.0,0.0,0.0,0.0,0.0,0.0,0.0,0.0,14.715,0.0,0.0,0.0
0.98,0.0,0.0,0.0,0.0,0.0,0.0,0.0,0.0,0.0,0.0,0.0,0.0,14.715,0.0,0.0,0.0
0.985,0.0,0.0,0.0,0.0,0.0,0.0,0.0,0.0,0.0,0.0,0.0,0.0,14.715,0.0,0.0,0.0
0.99,0.0,0.0,0.0,0.0,0.0,0.0,0.0,0.0,0.0,0.0,0.0,0.0,14.715,0.0,0.0,0.0
0.995,0.0,0.0,0.0,0.0,0.0,0.0,0.0,0.0,0.0,0.0,0.0,0.0,14.715,0.0,0.0,0.0
1.0,10.0,0.0,0.0,0.0,0.0,0.0,0.0,0.0,0.0,39.99999999999996,0.0,0.0,14.715,0.35,0.0,0.0
1.0050000000000001,10.0,0.0,0.0,0.01253345176848676,0.0,0.0,5.013380707394703,0.0,0.0,39.94986619292607,0.0,0.0,14.715,0.35,0.0,0.0
1.01,10.0,0.0,0.0,0.05013380707394704,0.0,0.0,10.026761414789407,0.0,0.0,39.79946477170423,0.0,0.0,14.715,0.33600877505602345,0.0,0.0
1.0150000000000001,10.0,0.0,0.0,0.11230004207918831,0.0,0.0,14.839732587307108,0.0,0.0,39.55079983168326,0.0,0.0,14.715,0.2425382646856838,0.0,0.0
1.02,10.0,0.0,0.0,0.1951839668512967,0.0,0.0,18.31383732153624,0.0,0.0,39.21926413259477,0.0,0.0,14.715,0.2278462872168875,0.0,0.0
1.025,10.0,0.0,0.0,0.2949122976060112,0.0,0.0,21.577494980349545,0.0,0.0,38.820350809575984,0.0,0.0,14.715,0.16346601065779812,0.0,0.0
1.03,10.0,0.0,0.0,0.40865346782309164,0.0,0.0,23.91897310648264,0.0,0.0,38.36538612870766,0.0,0.0,14.715,0.14998717896455385,0.0,0.0
1.035,10.0,0.0,0.0,0.5336193535653437,0.0,0.0,26.067381190418214,0.0,0.0,37.865522585738674,0.0,0.0,14.715,0.10553893497292478,0.0,0.0
1.04,10.0,0.0,0.0,0.6677355942350937,0.0,0.0,27.57911507748177,0.0,0.0,37.32905762305965,0.0,0.0,14.715,0.09404415390878243,0.0,0.0
1.045,10.0,0.0,0.0,0.808998877814285,0.0,0.0,28.926198354194767,0.0,0.0,36.76400448874287,0.0,0.0,14.715,0.06331657432696997,0.0,0.0
1.05,10.0,0.0,0.0,0.9558972273866099,0.0,0.0,29.833141474735207,0.0,0.0,36.17641109045352,0.0,0.0,14.715,0.05396869905675848,0.0,0.0
1.055,10.0,0.0,0.0,1.1069955464363885,0.0,0.0,30.60618614517619,0.0,0.0,35.57201781425445,0.0,0.0,14.715,0.032728098156603255,0.0,0.0
1.06,10.0,0.0,0.0,1.261198465847184,0.0,0.0,31.074981619142005,0.0,0.0,34.955206136611274,0.0,0.0,14.715,0.025390561410546464,0.0,0.0
1.065,10.0,0.0,0.0,1.4174826064480766,0.0,0.0,31.438674621215014,0.0,0.0,34.33006957420767,0.0,0.0,14.715,0.01073688610076532,0.0,0.0
1.07,10.0,0.0,0.0,1.5750604659658307,0.0,0.0,31.592469185886646,0.0,0.0,33.699758136136644,0.0,0.0,14.715,0.005146773610010001,0.0,0.0
1.075,10.0,0.0,0.0,1.7332071171489907,0.0,0.0,31.66619128737737,0.0,0.0,33.067171531404085,0.0,0.0,14.715,-0.004916279047127388,0.0,0.0
1.08,10.0,0.0,0.0,1.8913620223106842,0.0,0.0,31.59577077730012,0.0,0.0,32.43455191075725,0.0,0.0,14.715,-0.00905520040782562,0.0,0.0
1.085,10.0,0.0,0.0,2.0490166107184264,0.0,0.0,31.466064585796733,0.0,0.0,31.803933557126324,0.0,0.0,14.715,-0.01590843549530769,0.0,0.0
1.09,10.0,0.0,0.0,2.205777254764574,0.0,0.0,31.238193032662423,0.0,0.0,31.17689098094175,0.0,0.0,14.715,-0.0188790703872737,0.0,0.0
1.095,10.0,0.0,0.0,2.3612921630189354,0.0,0.0,30.96777026908212,0.0,0.0,30.55483134792426,0.0,0.0,14.715,-0.023482001885233396,0.0,0.0
1.1,10.0,0.0,0.0,2.5152901271127575,0.0,0.0,30.631415368446593,0.0,0.0,29.93883949154896,0.0,0.0,14.715,-0.025533449965494216,0.0,0.0
1.105,10.0,0.0,0.0,2.6675328546303456,0.0,0.0,30.265675638588778,0.0,0.0,29.32986858147862,0.0,0.0,14.715,-0.02855578770243225,0.0,0.0
1.11,10.0,0.0,0.0,2.8178386540007767,0.0,0.0,29.85664410958354,0.0,0.0,28.72864538399687,0.0,0.0,14.715,-0.0298970677241843,0.0,0.0
1.115,10.0,0.0,0.0,2.9660512646734367,0.0,0.0,29.428400159480407,0.0,0.0,28.135794941306266,0.0,0.0,14.715,-0.0318081850826915,0.0,0.0
1.12,10.0,0.0,0.0,3.112054218746333,0.0,0.0,28.972781469678104,0.0,0.0,27.551783125014648,0.0,0.0,14.715,-0.032609195848059096,0.0,0.0
1.125,10.0,0.0,0.0,3.2557503952850926,0.0,0.0,28.505689145825777,0.0,0.0,26.97699841885965,0.0,0.0,14.715,-0.033739313008018246,0.0,0.0
1.1300000000000001,10.0,0.0,0.0,3.3970706408648272,0.0,0.0,28.022409086068205,0.0,0.0,26.41171743654073,0.0,0.0,14.715,-0.03413507917610664,0.0,0.0
1.135,10.0,0.0,0.0,3.535960313813834,0.0,0.0,27.533460093534252,0.0,0.0,25.856158744744683,0.0,0.0,14.715,-0.034717314124322676,0.0,0.0
1.1400000000000001,10.0,0.0,0.0,3.6723843920469093,0.0,0.0,27.03617119969585,0.0,0.0,25.310462431812407,0.0,0.0,14.715,-0.03481335375277958,0.0,0.0
1.145,10.0,0.0,0.0,3.8063185866449323,0.0,0.0,26.5375066395133,0.0,0.0,24.774725653420244,0.0,0.0,14.715,-0.03501276728043605,0.0,0.0
1.1500000000000001,10.0,0.0,0.0,3.937752317471097,0.0,0.0,26.035985690952618,0.0,0.0,24.248990730115608,0.0,0.0,14.715,-0.034890462646403594,0.0,0.0
1.155,10.0,0.0,0.0,4.066682823266549,0.0,0.0,25.536216627228175,0.0,0.0,23.733268706933792,0.0,0.0,14.715,-0.034824217371545424,0.0,0.0
1.16,10.0,0.0,0.0,4.193116855977543,0.0,0.0,25.037396457169248,0.0,0.0,23.22753257608979,0.0,0.0,14.715,-0.0345456666556571,0.0,0.0
1.165,10.0,0.0,0.0,4.317066762700993,0.0,0.0,24.542566232210504,0.0,0.0,22.73173294919608,0.0,0.0,14.715,-0.034297084380865886,0.0,0.0
1.17,10.0,0.0,0.0,4.438551419996653,0.0,0.0,24.051296686053586,0.0,0.0,22.245794320013367,0.0,0.0,14.715,-0.03390924065589755,0.0,0.0
1.175,10.0,0.0,0.0,4.557593618191873,0.0,0.0,23.565582592034495,0.0,0.0,21.769625527232495,0.0,0.0,14.715,-0.0335376490487108,0.0,0.0
1.18,10.0,0.0,0.0,4.674220552561244,0.0,0.0,23.085191155713982,0.0,0.0,21.303117789755017,0.0,0.0,14.715,-0.03307572528445572,0.0,0.0
1.185,10.0,0.0,0.0,4.788462071175355,0.0,0.0,22.611416289930617,0.0,0.0,20.846151715298554,0.0,0.0,14.715,-0.03262338462452069,0.0,0.0
1.19,10.0,0.0,0.0,4.900350913717248,0.0,0.0,22.144120726826362,0.0,0.0,20.398596345130994,0.0,0.0,14.715,-0.03211358590086947,0.0,0.0
1.195,10.0,0.0,0.0,5.0099215342656604,0.0,0.0,21.6841274925387,0.0,0.0,19.96031386293738,0.0,0.0,14.715,-0.03161058136854507,0.0,0.0
1.2,10.0,0.0,0.0,5.117210201165621,0.0,0.0,21.231339267445573,0.0,0.0,19.53115919533754,0.0,0.0,14.715,-0.031072258061911374,0.0,0.0
1.205,10.0,0.0,0.0,5.222254204223543,0.0,0.0,20.786261955723358,0.0,0.0,19.11098318310583,0.0,0.0,14.715,-0.030539968059129972,0.0,0.0
1.21,10.0,0.0,0.0,5.325091881954503,0.0,0.0,20.348809136660233,0.0,0.0,18.69963247218202,0.0,0.0,14.715,-0.029987289887372894,0.0,0.0
1.215,10.0,0.0,0.0,5.425762086919315,0.0,0.0,19.919272849264782,0.0,0.0,18.296951652322768,0.0,0.0,14.715,-0.029440853361016827,0.0,0.0
1.22,10.0,0.0,0.0,5.524304178263858,0.0,0.0,19.49756368855233,0.0,0.0,17.902783286944597,0.0,0.0,14.715,-0.028884097350189666,0.0,0.0
1.225,10.0,0.0,0.0,5.620757661160863,0.0,0.0,19.08382947024961,0.0,0.0,17.516969355356533,0.0,0.0,14.715,-0.02833417456703867,0.0,0.0
1.23,10.0,0.0,0.0,5.715162165625437,0.0,0.0,18.677972315580053,0.0,0.0,17.13935133749823,0.0,0.0,14.715,-0.02778070780076118,0.0,0.0
1.235,10.0,0.0,0.0,5.807557203885294,0.0,0.0,18.28004298836261,0.0,0.0,16.769771184458797,0.0,0.0,14.715,-0.02723474049649038,0.0,0.0
1.24,10.0,0.0,0.0,5.897982146522993,0.0,0.0,17.889934066716876,0.0,0.0,16.408071413908,0.0,0.0,14.715,-0.026689764977338336,0.0,0.0
1.245,10.0,0.0,0.0,5.986476060050704,0.0,0.0,17.507631344367486,0.0,0.0,16.054095759797164,0.0,0.0,14.715,-0.02615288052330329,0.0,0.0
1.25,10.0,0.0,0.0,6.073077685724981,0.0,0.0,17.13301892534369,0.0,0.0,15.707689257100048,0.0,0.0,14.715,-0.025619994634476173,0.0,0.0
1.2550000000000001,10.0,0.0,0.0,6.157825331874386,0.0,0.0,16.766039534417867,0.0,0.0,15.36869867250249,0.0,0.0,14.715,-0.025095656244677383,0.0,0.0
1.26,10.0,0.0,0.0,6.240756857554643,0.0,0.0,16.406570737685083,0.0,0.0,15.036972569781376,0.0,0.0,14.715,-0.024577276026003833,0.0,0.0
1.2650000000000001,10.0,0.0,0.0,6.321909602375432,0.0,0.0,16.054527190630562,0.0,0.0,14.71236159049832,0.0,0.0,14.715,-0.02406775124455555,0.0,0.0
1.27,10.0,0.0,0.0,6.401320375473157,0.0,0.0,15.709782048459621,0.0,0.0,14.39471849810738,0.0,0.0,14.715,-0.02356542524620537,0.0,0.0
1.2750000000000001,10.0,0.0,0.0,6.479025411084806,0.0,0.0,15.372232196199969,0.0,0.0,14.083898355660752,0.0,0.0,14.715,-0.023072124052965937,0.0,0.0
1.28,10.0,0.0,0.0,6.555060362482908,0.0,0.0,15.041748363040664,0.0,0.0,13.7797585500684,0.0,0.0,14.715,-0.022586767846859035,0.0,0.0
1.285,10.0,0.0,0.0,6.629460275254069,0.0,0.0,14.718216745423963,0.0,0.0,13.482158898983739,0.0,0.0,14.715,-0.022110486986349508,0.0,0.0
1.29,10.0,0.0,0.0,6.702259585489128,0.0,0.0,14.401507348599772,0.0,0.0,13.190961658043484,0.0,0.0,14.715,-0.02164255730123557,0.0,0.0
1.295,10.0,0.0,0.0,6.773492105237607,0.0,0.0,14.09150055079206,0.0,0.0,12.906031579049614,0.0,0.0,14.715,-0.021183657015745153,0.0,0.0
1.3,10.0,0.0,0.0,6.843191024153033,0.0,0.0,13.788067015378337,0.0,0.0,12.627235903387817,0.0,0.0,14.715,-0.02073328067265474,0.0,0.0
1.305,10.0,0.0,0.0,6.9113889033061735,0.0,0.0,13.491084645877518,0.0,0.0,12.354444386775358,0.0,0.0,14.715,-0.020291812617080095,0.0,0.0
1.31,10.0,0.0,0.0,6.978117679522042,0.0,0.0,13.200425840470267,0.0,0.0,12.087529281911834,0.0,0.0,14.715,-0.019858881735699364,0.0,0.0
1.315,10.0,0.0,0.0,7.043408664906079,0.0,0.0,12.915968313144013,0.0,0.0,11.826365340375716,0.0,0.0,14.715,-0.019434681575819835,0.0,0.0
1.32,10.0,0.0,0.0,7.107292553202751,0.0,0.0,12.63758700552523,0.0,0.0,11.570829787188952,0.0,0.0,14.715,-0.019018923680380297,0.0,0.0
1.325,10.0,0.0,0.0,7.169799423194274,0.0,0.0,12.365160991083428,0.0,0.0,11.32080230722293,0.0,0.0,14.715,-0.018611678105030956,0.0,0.0
1.33,10.0,0.0,0.0,7.2309587465215195,0.0,0.0,12.098568339814848,0.0,0.0,11.076165013913933,0.0,0.0,14.715,-0.018212707595331147,0.0,0.0
1.335,10.0,0.0,0.0,7.290799393671395,0.0,0.0,11.837690520135265,0.0,0.0,10.83680242531442,0.0,0.0,14.715,-0.017822002769552148,0.0,0.0
1.34,10.0,0.0,0.0,7.349349642808843,0.0,0.0,11.582409134843815,0.0,0.0,10.602601428764656,0.0,0.0,14.715,-0.01743935858621384,0.0,0.0
1.345,10.0,0.0,0.0,7.406637187455308,0.0,0.0,11.332608723742494,0.0,0.0,10.373451250178816,0.0,0.0,14.715,-0.017064715129026096,0.0,0.0
1.35,10.0,0.0,0.0,7.462689145976841,0.0,0.0,11.088174684870934,0.0,0.0,10.149243416092594,0.0,0.0,14.715,-0.016697888210261996,0.0,0.0
1.355,10.0,0.0,0.0,7.517532070325428,0.0,0.0,10.848995054563618,0.0,0.0,9.929871718698255,0.0,0.0,14.715,-0.016338786380984485,0.0,0.0
1.36,10.0,0.0,0.0,7.571191955909498,0.0,0.0,10.614959179064558,0.0,0.0,9.715232176361994,0.0,0.0,14.715,-0.015987239583942242,0.0,0.0
1.365,10.0,0.0,0.0,7.6236942509584305,0.0,0.0,10.385958840508463,0.0,0.0,9.505222996166271,0.0,0.0,14.715,-0.0156431373502978,0.0,0.0
1.37,10.0,0.0,0.0,7.67506386656815,0.0,0.0,10.161887403379582,0.0,0.0,9.299744533727443,0.0,0.0,14.715,-0.015306319819850927,0.0,0.0
1.375,10.0,0.0,0.0,7.725325186381576,0.0,0.0,9.942640521990857,0.0,0.0,9.0986992544737,0.0,0.0,14.715,-0.014976665749885557,0.0,0.0
1.3800000000000001,10.0,0.0,0.0,7.774502076654875,0.0,0.0,9.728115587329214,0.0,0.0,8.901991693380479,0.0,0.0,14.715,-0.014654023202844339,0.0,0.0
1.385,10.0,0.0,0.0,7.822617896040015,0.0,0.0,9.518212166726773,0.0,0.0,8.709528415839952,0.0,0.0,14.715,-0.014338265593343853,0.0,0.0
1.3900000000000001,10.0,0.0,0.0,7.869695505558627,0.0,0.0,9.312831640717711,0.0,0.0,8.521217977765492,0.0,0.0,14.715,-0.014029247603456696,0.0,0.0
1.395,10.0,0.0,0.0,7.915757278338827,0.0,0.0,9.111877471362188,0.0,0.0,8.336970886644673,0.0,0.0,14.715,-0.013726840873120011,0.0,0.0
1.4000000000000001,10.0,0.0,0.0,7.960825109415589,0.0,0.0,8.915254959342825,0.0,0.0,8.156699562337641,0.0,0.0,14.715,-0.013430905958198024,0.0,0.0
1.405,10.0,0.0,0.0,8.004920425320776,0.0,0.0,8.72287140273236,0.0,0.0,7.980318298716879,0.0,0.0,14.715,-0.013141315054525534,0.0,0.0
1.41,10.0,0.0,0.0,8.048064193653266,0.0,0.0,8.534635930263349,0.0,0.0,7.807743225386958,0.0,0.0,14.715,-0.012857934156773613,0.0,0.0
1.415,10.0,0.0,0.0,8.090276932454309,0.0,0.0,8.35045959015329,0.0,0.0,7.638892270182806,0.0,0.0,14.715,-0.012580637522684759,0.0,0.0
1.42,10.0,0.0,0.0,8.131578719509053,0.0,0.0,8.170255231744852,0.0,0.0,7.473685121963824,0.0,0.0,14.715,-0.012309296317456288,0.0,0.0
1.425,10.0,0.0,0.0,8.171989201462923,0.0,0.0,7.993937549803309,0.0,0.0,7.31204319414835,0.0,0.0,14.715,-0.012043787815742418,0.0,0.0
1.43,10.0,0.0,0.0,8.211527602829944,0.0,0.0,7.821422997005028,0.0,0.0,7.153889588680262,0.0,0.0,14.715,-0.011783988169079714,0.0,0.0
1.435,10.0,0.0,0.0,8.250212734822519,0.0,0.0,7.652629800024938,0.0,0.0,6.999149060709961,0.0,0.0,14.715,-0.011529778255018885,0.0,0.0
1.44,10.0,0.0,0.0,8.288063004052185,0.0,0.0,7.4874778918413645,0.0,0.0,6.8477479837912645,0.0,0.0,14.715,-0.011281039065455323,0.0,0.0
1.445,10.0,0.0,0.0,8.325096421057033,0.0,0.0,7.325888910098166,0.0,0.0,6.699614315771821,0.0,0.0,14.715,-0.011037655419312883,0.0,0.0
1.45,10.0,0.0,0.0,8.361330608687995,0.0,0.0,7.167786142286584,0.0,0.0,6.554677565247969,0.0,0.0,14.715,-0.010799513016781063,0.0,0.0
1.455,10.0,0.0,0.0,8.396782810326515,0.0,0.0,7.013094513122046,0.0,0.0,6.41286875869389,0.0,0.0,14.715,-0.010566500790629083,0.0,0.0
1.46,10.0,0.0,0.0,8.431469897954923,0.0,0.0,6.8617405382408725,0.0,0.0,6.27412040818035,0.0,0.0,14.715,-0.010338509019272578,0.0,0.0
1.465,10.0,0.0,0.0,8.46540838006284,0.0,0.0,6.713652304925309,0.0,0.0,6.1383664797486865,0.0,0.0,14.715,-0.010115430810658507,0.0,0.0
1.47,10.0,0.0,0.0,8.498614409404086,0.0,0.0,6.5687594315734765,0.0,0.0,6.005542362383661,0.0,0.0,14.715,-0.0098971608883362,0.0,0.0
1.475,10.0,0.0,0.0,8.531103790594415,0.0,0.0,6.426993044557573,0.0,0.0,5.875584837622316,0.0,0.0,14.715,-0.009683596522716904,0.0,0.0
1.48,10.0,0.0,0.0,8.562891987560166,0.0,0.0,6.288285741742763,0.0,0.0,5.748432049759352,0.0,0.0,14.715,-0.009474636745065913,0.0,0.0
1.485,10.0,0.0,0.0,8.593994130832684,0.0,0.0,6.152571567264802,0.0,0.0,5.624023476669283,0.0,0.0,14.715,-0.009270182926730354,0.0,0.0
1.49,10.0,0.0,0.0,8.624425024695872,0.0,0.0,6.019785978010831,0.0,0.0,5.502299901216551,0.0,0.0,14.715,-0.009070138265329245,0.0,0.0
1.495,10.0,0.0,0.0,8.65419915418455,0.0,0.0,5.889865817459962,0.0,0.0,5.3832033832617645,0.0,0.0,14.715,-0.00887440813993929,0.0,0.0
1.5,10.0,0.0,0.0,8.683330691939291,0.0,0.0,5.762749284436196,0.0,0.0,5.266677232242874,0.0,0.0,14.715,-0.008682899770530987,0.0,0.0
1.5050000000000001,10.0,0.0,0.0,8.71183350491723,0.0,0.0,5.638375906739562,0.0,0.0,5.152665980331086,0.0,0.0,14.715,-0.008495522430759373,0.0,0.0
1.51,10.0,0.0,0.0,8.739721160963402,0.0,0.0,5.516686511729254,0.0,0.0,5.041115356146349,0.0,0.0,14.715,-0.008312187217758948,0.0,0.0
1.5150000000000001,10.0,0.0,0.0,8.767006935243234,0.0,0.0,5.397623200204209,0.0,0.0,4.931972259027029,0.0,0.0,14.715,-0.008132807174573509,0.0,0.0
1.52,10.0,0.0,0.0,8.79370381654007,0.0,0.0,5.281129318530015,0.0,0.0,4.825184733839707,0.0,0.0,14.715,-0.007957297130581876,0.0,0.0
1.5250000000000001,10.0,0.0,0.0,8.819824513419023,0.0,0.0,5.16714943305154,0.0,0.0,4.72070194632393,0.0,0.0,14.715,-0.007785573766570011,0.0,0.0
1.53,10.0,0.0,0.0,8.845381460260587,0.0,0.0,5.055629303573482,0.0,0.0,4.618474158957649,0.0,0.0,14.715,-0.0076175555005625,0.0,0.0
1.5350000000000001,10.0,0.0,0.0,8.87038682316571,0.0,0.0,4.946515858476258,0.0,0.0,4.518452707337153,0.0,0.0,14.715,-0.007453162516727761,0.0,0.0
1.54,10.0,0.0,0.0,8.894852505735445,0.0,0.0,4.839757169417856,0.0,0.0,4.420589977058249,0.0,0.0,14.715,-0.007292316680512102,0.0,0.0
1.545,10.0,0.0,0.0,8.918790154727118,0.0,0.0,4.735302427251308,0.0,0.0,4.324839381091477,0.0,0.0,14.715,-0.007134941544936473,0.0,0.0
1.55,10.0,0.0,0.0,8.942211165589876,0.0,0.0,4.633101917851954,0.0,0.0,4.2311553376404625,0.0,0.0,14.715,-0.006980962284703998,0.0,0.0
1.555,10.0,0.0,0.0,8.965126687881728,0.0,0.0,4.533106998888568,0.0,0.0,4.139493248473127,0.0,0.0,14.715,-0.0068303056886707455,0.0,0.0
1.56,10.0,0.0,0.0,8.987547630570704,0.0,0.0,4.43527007670231,0.0,0.0,4.049809477717212,0.0,0.0,14.715,-0.006682900106376445,0.0,0.0
1.565,10.0,0.0,0.0,9.009484667222338,0.0,0.0,4.339544583951586,0.0,0.0,3.9620613311106423,0.0,0.0,14.715,-0.006538675432070042,0.0,0.0
1.57,10.0,0.0,0.0,9.030948241075931,0.0,0.0,4.245884957485712,0.0,0.0,3.876207035696258,0.0,0.0,14.715,-0.006397563059714522,0.0,0.0
1.575,10.0,0.0,0.0,9.051948570011804,0.0,0.0,4.154246616863102,0.0,0.0,3.7922057199527592,0.0,0.0,14.715,-0.006259495862004772,0.0,0.0
1.58,10.0,0.0,0.0,9.072495651411886,0.0,0.0,4.064585943169983,0.0,0.0,3.7100173943524095,0.0,0.0,14.715,-0.006124408151155334,0.0,0.0
1.585,10.0,0.0,0.0,9.092599266915814,0.0,0.0,3.976860258400803,0.0,0.0,3.6296029323367383,0.0,0.0,14.715,-0.005992235655189449,0.0,0.0
1.59,10.0,0.0,0.0,9.112268987074762,0.0,0.0,3.891027805178261,0.0,0.0,3.550924051700983,0.0,0.0,14.715,-0.005862915482845256,0.0,0.0
1.595,10.0,0.0,0.0,9.131514175905147,0.0,0.0,3.807047726976027,0.0,0.0,3.4739432963794346,0.0,0.0,14.715,-0.005736386098503406,0.0,0.0
1.6,10.0,0.0,0.0,9.15034399534434,0.0,0.0,3.7248800487005864,0.0,0.0,3.3986240186226278,0.0,0.0,14.715,-0.0056125872901293785,0.0,0.0
1.605,10.0,0.0,0.0,9.168767409610421,0.0,0.0,3.6444856577322913,0.0,0.0,3.3249303615583314,0.0,0.0,14.715,-0.005491460143766066,0.0,0.0
1.61,10.0,0.0,0.0,9.186793189468082,0.0,0.0,3.5658262853317666,0.0,0.0,3.2528272421276987,0.0,0.0,14.715,-0.005372947013810728,0.0,0.0
1.615,10.0,0.0,0.0,9.204429916402592,0.0,0.0,3.488864488472073,0.0,0.0,3.18228033438964,0.0,0.0,14.715,-0.005256991497572657,0.0,0.0
1.62,10.0,0.0,0.0,9.22168598670386,0.0,0.0,3.4135636320353053,0.0,0.0,3.113256053184583,0.0,0.0,14.715,-0.00514353840744632,0.0,0.0
1.625,10.0,0.0,0.0,9.238569615462469,0.0,0.0,3.339887871407776,0.0,0.0,3.0457215381501728,0.0,0.0,14.715,-0.0050325337459416475,0.0,0.0
1.6300000000000001,10.0,0.0,0.0,9.25508884047957,0.0,0.0,3.2678021354328717,0.0,0.0,2.979644638081694,0.0,0.0,14.715,-0.004923924679367937,0.0,0.0
1.635,10.0,0.0,0.0,9.271251526092504,0.0,0.0,3.197272109740849,0.0,0.0,2.914993895629995,0.0,0.0,14.715,-0.004817659513524998,0.0,0.0
1.6400000000000001,10.0,0.0,0.0,9.287065366917924,0.0,0.0,3.128264220426841,0.0,0.0,2.851738532328346,0.0,0.0,14.715,-0.004713687668807356,0.0,0.0
1.645,10.0,0.0,0.0,9.302537891514204,0.0,0.0,3.0607456180854604,0.0,0.0,2.789848433943165,0.0,0.0,14.715,-0.004611959656571993,0.0,0.0
1.6500000000000001,10.0,0.0,0.0,9.317676465964878,0.0,0.0,2.9946841621839155,0.0,0.0,2.729294136140453,0.0,0.0,14.715,-0.004512427055471329,0.0,0.0
1.655,10.0,0.0,0.0,9.33248829738477,0.0,0.0,2.9300484057741274,0.0,0.0,2.6700468104609194,0.0,0.0,14.715,-0.004415042488721144,0.0,0.0
1.6600000000000001,10.0,0.0,0.0,9.346980437350533,0.0,0.0,2.866807580530463,0.0,0.0,2.6120782505979014,0.0,0.0,14.715,-0.0043197596014509995,0.0,0.0
1.665,10.0,0.0,0.0,9.361159785257138,0.0,0.0,2.8049315821118985,0.0,0.0,2.555360858971454,0.0,0.0,14.715,-0.004226533038851688,0.0,0.0
1.67,10.0,0.0,0.0,9.375033091602011,0.0,0.0,2.744390955837198,0.0,0.0,2.4998676335919936,0.0,0.0,14.715,-0.004135318424544392,0.0,0.0
1.675,10.0,0.0,0.0,9.388606961198278,0.0,0.0,2.685156882669927,0.0,0.0,2.4455721552068934,0.0,0.0,14.715,-0.004046072339626888,0.0,0.0
1.68,10.0,0.0,0.0,9.401887856318712,0.0,0.0,2.627201165503616,0.0,0.0,2.392448574725126,0.0,0.0,14.715,-0.003958752301914664,0.0,0.0
1.685,10.0,0.0,0.0,9.414882099771832,0.0,0.0,2.5704962157442637,0.0,0.0,2.34047160091264,0.0,0.0,14.715,-0.0038733167459054827,0.0,0.0
1.69,10.0,0.0,0.0,9.427595877911642,0.0,0.0,2.515015040179831,0.0,0.0,2.289616488353478,0.0,0.0,14.715,-0.0037897250028963857,0.0,0.0
1.695,10.0,0.0,0.0,9.440035243582427,0.0,0.0,2.4607312281345393,0.0,0.0,2.2398590256703232,0.0,0.0,14.715,-0.0037079372817810726,0.0,0.0
1.7,10.0,0.0,0.0,9.452206119000008,0.0,0.0,2.407618938898223,0.0,0.0,2.191175524000003,0.0,0.0,14.715,-0.0036279146499827736,0.0,0.0
1.705,10.0,0.0,0.0,9.464114298570825,0.0,0.0,2.355652889428799,0.0,0.0,2.1435428057167165,0.0,0.0,14.715,-0.0035496190151227376,0.0,0.0
1.71,10.0,0.0,0.0,9.47576545165019,0.0,0.0,2.3048083423173202,0.0,0.0,2.096938193399226,0.0,0.0,14.715,-0.0034730131067249423,0.0,0.0
1.715,10.0,0.0,0.0,9.487165125241022,0.0,0.0,2.255061094015081,0.0,0.0,2.051339499035901,0.0,0.0,14.715,-0.0033980604586478914,0.0,0.0
1.72,10.0,0.0,0.0,9.498318746634341,0.0,0.0,2.2063874633123777,0.0,0.0,2.0067250134626304,0.0,0.0,14.715,-0.0033247253916191583,0.0,0.0
1.725,10.0,0.0,0.0,9.50923162599279,0.0,0.0,2.1587642800674383,0.0,0.0,1.9630734960288185,0.0,0.0,14.715,-0.0032529729963491874,0.0,0.0
1.73,10.0,0.0,0.0,9.519908958878402,0.0,0.0,2.11216887417723,0.0,0.0,1.920364164486377,0.0,0.0,14.715,-0.0031827691168546347,0.0,0.0
1.735,10.0,0.0,0.0,9.530355828725813,0.0,0.0,2.0665790647871423,0.0,0.0,1.878576685096723,0.0,0.0,14.715,-0.0031140803342748565,0.0,0.0
1.74,10.0,0.0,0.0,9.540577209262112,0.0,0.0,2.021973149732483,0.0,0.0,1.837691162951513,0.0,0.0,14.715,-0.0030468739509024365,0.0,0.0
1.745,10.0,0.0,0.0,9.550577966874465,0.0,0.0,1.9783298952087176,0.0,0.0,1.7976881325021197,0.0,0.0,14.715,-0.0029811179746871592,0.0,0.0
1.75,10.0,0.0,0.0,9.560362862926647,0.0,0.0,1.9356285256636772,0.0,0.0,1.7585485482933805,0.0,0.0,14.715,-0.002916781103969885,0.0,0.0
1.7550000000000001,10.0,0.0,0.0,9.569936556025578,0.0,0.0,1.893848713908431,0.0,0.0,1.7202537758977423,0.0,0.0,14.715,-0.002853832712592857,0.0,0.0
1.76,10.0,0.0,0.0,9.579303604238952,0.0,0.0,1.8529705714414457,0.0,0.0,1.6827855830442129,0.0,0.0,14.715,-0.002792242835373611,0.0,0.0
1.7650000000000001,10.0,0.0,0.0,9.588468467265008,0.0,0.0,1.8129746389808084,0.0,0.0,1.6461261309399746,0.0,0.0,14.715,-0.0027319821537281097,0.0,0.0
1.77,10.0,0.0,0.0,9.597435508555465,0.0,0.0,1.7738418772023878,0.0,0.0,1.6102579657781517,0.0,0.0,14.715,-0.002673021981879666,0.0,0.0
1.7750000000000001,10.0,0.0,0.0,9.60620899739266,0.0,0.0,1.735553657675538,0.0,0.0,1.5751640104293858,0.0,0.0,14.715,-0.0026153342530443628,0.0,0.0
1.78,10.0,0.0,0.0,9.61479311092184,0.0,0.0,1.6980917539966776,0.0,0.0,1.540827556312645,0.0,0.0,14.715,-0.002558891506205823,0.0,0.0
1.7850000000000001,10.0,0.0,0.0,9.623191936139612,0.0,0.0,1.6614383331123106,0.0,0.0,1.5072322554414954,0.0,0.0,14.715,-0.0025036668729362154,0.0,0.0
1.79,10.0,0.0,0.0,9.63140947183947,0.0,0.0,1.6255759468308202,0.0,0.0,1.474362112642073,0.0,0.0,14.715,-0.002449634064690815,0.0,0.0
1.795,10.0,0.0,0.0,9.639449630515339,0.0,0.0,1.590487523516255,0.0,0.0,1.4422014779386827,0.0,0.0,14.715,-0.002396767360249167,0.0,0.0
1.8,10.0,0.0,0.0,9.647316240224034,0.0,0.0,1.5561563599620079,0.0,0.0,1.4107350391038707,0.0,0.0,14.715,-0.0023450415935012113,0.0,0.0
1.805,10.0,0.0,0.0,9.655013046407538,0.0,0.0,1.5225661134394446,0.0,0.0,1.3799478143698152,0.0,0.0,14.715,-0.002294432141409712,0.0,0.0
1.81,10.0,0.0,0.0,9.662543713675934,0.0,0.0,1.4897007939189595,0.0,0.0,1.349825145296249,0.0,0.0,14.715,-0.0022449149123836315,0.0,0.0
1.815,10.0,0.0,0.0,9.669911827551875,0.0,0.0,1.4575447564575688,0.0,0.0,1.3203526897924776,0.0,0.0,14.715,-0.002196466334726951,0.0,0.0
1.82,10.0,0.0,0.0,9.677120896177401,0.0,0.0,1.426082693751963,0.0,0.0,1.29151641529043,0.0,0.0,14.715,-0.0021490633454564643,0.0,0.0
1.825,10.0,0.0,0.0,9.684174351983911,0.0,0.0,1.395299628851733,0.0,0.0,1.263302592064377,0.0,0.0,14.715,-0.002102683379335414,0.0,0.0
1.83,10.0,0.0,0.0,9.691075553326113,0.0,0.0,1.3651809080296766,0.0,0.0,1.2356977866955774,0.0,0.0,14.715,-0.0020573043580750065,0.0,0.0
1.835,10.0,0.0,0.0,9.697827786080705,0.0,0.0,1.3357121938067844,0.0,0.0,1.2086888556771742,0.0,0.0,14.715,-0.002012904679919864,0.0,0.0
1.84,10.0,0.0,0.0,9.704434265210539,0.0,0.0,1.3068794581263994,0.0,0.0,1.1822629391578154,0.0,0.0,14.715,-0.001969463209245515,0.0,0.0
1.845,10.0,0.0,0.0,9.710898136295047,0.0,0.0,1.2786689756773846,0.0,0.0,1.1564074548198238,0.0,0.0,14.715,-0.001926959266621718,0.0,0.0
1.85,10.0,0.0,0.0,9.717222477027638,0.0,0.0,1.2510673173596225,0.0,0.0,1.1311100918894748,0.0,0.0,14.715,-0.0018853726188714733,0.0,0.0
1.855,10.0,0.0,0.0,9.723410298680768,0.0,0.0,1.2240613438919068,0.0,0.0,1.1063588052769384,0.0,0.0,14.715,-0.001844683469491911,0.0,0.0
1.86,10.0,0.0,0.0,9.729464547539392,0.0,0.0,1.1976381995570478,0.0,0.0,1.0821418098424271,0.0,0.0,14.715,-0.0018048724492044184,0.0,0.0
1.865,10.0,0.0,0.0,9.735388106303489,0.0,0.0,1.1717853060823342,0.0,0.0,1.0584475747860018,0.0,0.0,14.715,-0.001765920606761371,0.0,0.0
1.87,10.0,0.0,0.0,9.741183795460325,0.0,0.0,1.1464903566516824,0.0,0.0,1.035264818158698,0.0,0.0,14.715,-0.0017278093998880975,0.0,0.0
1.875,10.0,0.0,0.0,9.746854374627073,0.0,0.0,1.1217413100475275,0.0,0.0,1.0125825014917145,0.0,0.0,14.715,-0.0016905206865108562,0.0,0.0
1.8800000000000001,10.0,0.0,0.0,9.752402543864488,0.0,0.0,1.0975263849183698,0.0,0.0,0.9903898245420341,0.0,0.0,14.715,-0.0016540367160444206,0.0,0.0
1.885,10.0,0.0,0.0,9.757830944962212,0.0,0.0,1.0738340541711138,0.0,0.0,0.9686762201511221,0.0,0.0,14.715,-0.0016183401210224369,0.0,0.0
1.8900000000000001,10.0,0.0,0.0,9.763142162696347,0.0,0.0,1.0506530394832947,0.0,0.0,0.9474313492146617,0.0,0.0,14.715,-0.001583413908761037,0.0,0.0
1.895,10.0,0.0,0.0,9.768338726059893,0.0,0.0,1.0279723059347148,0.0,0.0,0.9266450957604805,0.0,0.0,14.715,-0.0015492414533496322,0.0,0.0
1.9000000000000001,10.0,0.0,0.0,9.773423109466613,0.0,0.0,1.0057810567538028,0.0,0.0,0.9063075621335471,0.0,0.0,14.715,-0.0015158064876191675,0.0,0.0
1.905,10.0,0.0,0.0,9.778397733928944,0.0,0.0,0.984068728179021,0.0,0.0,0.8864090642842718,0.0,0.0,14.715,-0.0014830930955286082,0.0,0.0
1.9100000000000001,10.0,0.0,0.0,9.783264968210466,0.0,0.0,0.9628249844293256,0.0,0.0,0.8669401271581781,0.0,0.0,14.715,-0.0014510857045066544,0.0,0.0
1.915,10.0,0.0,0.0,9.788027129953498,0.0,0.0,0.942039712784326,0.0,0.0,0.8478914801860289,0.0,0.0,14.715,-0.0014197690780437954,0.0,0.0
1.92,10.0,0.0,0.0,9.792686486782385,0.0,0.0,0.9217030187705536,0.0,0.0,0.829254052870438,0.0,0.0,14.715,-0.0013891283084868163,0.0,0.0
1.925,10.0,0.0,0.0,9.79724525738294,0.0,0.0,0.9018052214509431,0.0,0.0,0.8110189704682539,0.0,0.0,14.715,-0.0013591488098721393,0.0,0.0
1.93,10.0,0.0,0.0,9.801705612558608,0.0,0.0,0.8823368488169675,0.0,0.0,0.7931775497655627,0.0,0.0,14.715,-0.0013298163110741985,0.0,0.0
1.935,10.0,0.0,0.0,9.80606967626385,0.0,0.0,0.8632886332789156,0.0,0.0,0.7757212949445946,0.0,0.0,14.715,-0.0013011168488933243,0.0,0.0
1.94,10.0,0.0,0.0,9.810339526615184,0.0,0.0,0.8446515072551786,0.0,0.0,0.7586418935392807,0.0,0.0,14.715,-0.0012730367615369884,0.0,0.0
1.945,10.0,0.0,0.0,9.81451719688046,0.0,0.0,0.8264165988549106,0.0,0.0,0.7419312124781327,0.0,0.0,14.715,-0.0012455626820129019,0.0,0.0
1.95,10.0,0.0,0.0,9.818604676446736,0.0,0.0,0.8085752276553269,0.0,0.0,0.7255812942130255,0.0,0.0,14.715,-0.0012186815318163016,0.0,0.0
1.955,10.0,0.0,0.0,9.822603911767299,0.0,0.0,0.7911189005694238,0.0,0.0,0.7095843529308258,0.0,0.0,14.715,-0.0011923805147074017,0.0,0.0
1.96,10.0,0.0,0.0,9.826516807288229,0.0,0.0,0.7740393078028311,0.0,0.0,0.6939327708470526,0.0,0.0,14.715,-0.0011666471106021043,0.0,0.0
1.965,10.0,0.0,0.0,9.830345226354982,0.0,0.0,0.757328318898173,0.0,0.0,0.678619094580046,0.0,0.0,14.715,-0.0011414690695921075,0.0,0.0
1.97,10.0,0.0,0.0,9.834090992099389,0.0,0.0,0.7409779788650848,0.0,0.0,0.6636360316024853,0.0,0.0,14.715,-0.0011168344061855658,0.0,0.0
1.975,10.0,0.0,0.0,9.837755888307534,0.0,0.0,0.7249805043927267,0.0,0.0,0.6489764467698517,0.0,0.0,14.715,-0.0010927313935238919,0.0,0.0
1.98,10.0,0.0,0.0,9.841341660268878,0.0,0.0,0.7093282801451346,0.0,0.0,0.6346333589245123,0.0,0.0,14.715,-0.0010691485578151923,0.0,0.0
1.985,10.0,0.0,0.0,9.844850015607083,0.0,0.0,0.6940138551363072,0.0,0.0,0.6205999375716585,0.0,0.0,14.715,-0.001046074672950097,0.0,0.0
1.99,10.0,0.0,0.0,9.848282625092878,0.0,0.0,0.679029939182415,0.0,0.0,0.6068694996285249,0.0,0.0,14.715,-0.0010234987549999942,0.0,0.0
1.995,10.0,0.0,0.0,9.851641123439416,0.0,0.0,0.6643693994328166,0.0,0.0,0.5934355062423075,0.0,0.0,14.715,-0.0010014100572050101,0.0,0.0
2.0,10.0,0.0,0.0,9.85492711008043,0.0,0.0,0.6500252569728662,0.0,0.0,0.5802915596783093,0.0,0.0,14.715,-0.000979798064587937,0.0,0.0
2.005,10.0,0.0,0.0,9.858142149931622,0.0,0.0,0.6359906835038723,0.0,0.0,0.567431400273529,0.0,0.0,14.715,-0.0009586524892718235,0.0,0.0
2.0100000000000002,10.0,0.0,0.0,9.861287774135608,0.0,0.0,0.622258998090126,0.0,0.0,0.554848903457524,0.0,0.0,14.715,-0.0009379632652303584,0.0,0.0
2.015,10.0,0.0,0.0,9.864365480790786,0.0,0.0,0.6088236639811235,0.0,0.0,0.5425380768368853,0.0,0.0,14.715,-0.000917720543817274,0.0,0.0
2.02,10.0,0.0,0.0,9.867376735664484,0.0,0.0,0.5956782854978284,0.0,0.0,0.5304930573421012,0.0,0.0,14.715,-0.0008979146888576505,0.0,0.0
2.025,10.0,0.0,0.0,9.870322972890701,0.0,0.0,0.5828166049892419,0.0,0.0,0.5187081084372195,0.0,0.0,14.715,-0.0008785362721601325,0.0,0.0
2.0300000000000002,10.0,0.0,0.0,9.873205595652808,0.0,0.0,0.5702324998532589,0.0,0.0,0.5071776173887428,0.0,0.0,14.715,-0.00085957606900937,0.0,0.0
2.035,10.0,0.0,0.0,9.876025976851496,0.0,0.0,0.5579199796220882,0.0,0.0,0.4958960925940642,0.0,0.0,14.715,-0.0008410250537534451,0.0,0.0
2.04,10.0,0.0,0.0,9.87878545975833,0.0,0.0,0.5458731831108793,0.0,0.0,0.4848581609666956,0.0,0.0,14.715,-0.0008228743955797594,0.0,0.0
2.045,10.0,0.0,0.0,9.881485358655173,0.0,0.0,0.5340863756268546,0.0,0.0,0.47405856537930474,0.0,0.0,14.715,-0.0008051154541665905,0.0,0.0
2.05,10.0,0.0,0.0,9.884126959459842,0.0,0.0,0.5225539462407286,0.0,0.0,0.46349216216059375,0.0,0.0,14.715,-0.0007877397757682471,0.0,0.0
2.055,10.0,0.0,0.0,9.88671152033823,0.0,0.0,0.5112704051142031,0.0,0.0,0.4531539186470351,0.0,0.0,14.715,-0.0007707390889817747,0.0,0.0
2.06,10.0,0.0,0.0,9.889240272303237,0.0,0.0,0.5002303808880997,0.0,0.0,0.44303891078702323,0.0,0.0,14.715,-0.0007541053010020706,0.0,0.0
2.065,10.0,0.0,0.0,9.891714419800767,0.0,0.0,0.48942861812413435,0.0,0.0,0.4331423207969335,0.0,0.0,14.715,-0.0007378304936035691,0.0,0.0
2.07,10.0,0.0,0.0,9.894135141283087,0.0,0.0,0.47885997480424963,0.0,0.0,0.4234594348676616,0.0,0.0,14.715,-0.0007219069195098015,0.0,0.0
2.075,10.0,0.0,0.0,9.896503589769804,0.0,0.0,0.4685194198819491,0.0,0.0,0.41398564092083207,0.0,0.0,14.715,-0.0007063269985834995,0.0,0.0
2.08,10.0,0.0,0.0,9.898820893396728,0.0,0.0,0.45840203088820475,0.0,0.0,0.40471642641304456,0.0,0.0,14.715,-0.0006910833143402421,0.0,0.0
2.085,10.0,0.0,0.0,9.901088155952916,0.0,0.0,0.44850299158730256,0.0,0.0,0.3956473761883636,0.0,0.0,14.715,-0.000676168610265724,0.0,0.0
2.09,10.0,0.0,0.0,9.9033064574061,0.0,0.0,0.4388175896854395,0.0,0.0,0.3867741703755902,0.0,0.0,14.715,-0.0006615757865823307,0.0,0.0
2.095,10.0,0.0,0.0,9.905476854416777,0.0,0.0,0.4293412145856357,0.0,0.0,0.3780925823328601,0.0,0.0,14.715,-0.0006472978965715116,0.0,0.0
2.1,10.0,0.0,0.0,9.90760038084123,0.0,0.0,0.42006935519532485,0.0,0.0,0.3695984766350907,0.0,0.0,14.715,-0.0006333281435969637,0.0,0.0
2.105,10.0,0.0,0.0,9.90967804822366,0.0,0.0,0.4109975977765845,0.0,0.0,0.3612878071053958,0.0,0.0,14.715,-0.000619659877574892,0.0,0.0
2.11,10.0,0.0,0.0,9.911710846277717,0.0,0.0,0.40212162384692585,0.0,0.0,0.3531566148891452,0.0,0.0,14.715,-0.0006062865920325691,0.0,0.0
2.115,10.0,0.0,0.0,9.913699743357641,0.0,0.0,0.3934372081222168,0.0,0.0,0.3452010265694478,0.0,0.0,14.715,-0.0005932019208399545,0.0,0.0
2.12,10.0,0.0,0.0,9.915645686919213,0.0,0.0,0.3849402165064211,0.0,0.0,0.3374172523231424,0.0,0.0,14.715,-0.0005803996353266773,0.0,0.0
2.125,10.0,0.0,0.0,9.917549603970786,0.0,0.0,0.3766266041226334,0.0,0.0,0.3298015841168891,0.0,0.0,14.715,-0.0005678736411801894,0.0,0.0
2.13,10.0,0.0,0.0,9.919412401514563,0.0,0.0,0.36849241338854555,0.0,0.0,0.322350393941732,0.0,0.0,14.715,-0.0005556179756831615,0.0,0.0
2.1350000000000002,10.0,0.0,0.0,9.921234966978364,0.0,0.0,0.36053377213148363,0.0,0.0,0.31506013208654166,0.0,0.0,14.715,-0.0005436268047150255,0.0,0.0
2.14,10.0,0.0,0.0,9.923018168638059,0.0,0.0,0.3527468917463953,0.0,0.0,0.3079273254477923,0.0,0.0,14.715,-0.0005318944201602573,0.0,0.0
2.145,10.0,0.0,0.0,9.924762856030904,0.0,0.0,0.34512806539096,0.0,0.0,0.30094857587638524,0.0,0.0,14.715,-0.0005204152370089377,0.0,0.0
2.15,10.0,0.0,0.0,9.926469860359935,0.0,0.0,0.3376736662222319,0.0,0.0,0.2941205585602992,0.0,0.0,14.715,-0.0005091837908325393,0.0,0.0
2.1550000000000002,10.0,0.0,0.0,9.928139994889666,0.0,0.0,0.33038014566943774,0.0,0.0,0.2874400204413352,0.0,0.0,14.715,-0.0004981947351270311,0.0,0.0
2.16,10.0,0.0,0.0,9.929774055333201,0.0,0.0,0.3232440317448335,0.0,0.0,0.28090377866717914,0.0,0.0,14.715,-0.0004874428387403274,0.0,0.0
2.165,10.0,0.0,0.0,9.931372820231042,0.0,0.0,0.31626192739140935,0.0,0.0,0.27450871907582913,0.0,0.0,14.715,-0.0004769229834681287,0.0,0.0
2.17,10.0,0.0,0.0,9.932937051321684,0.0,0.0,0.30943050886503154,0.0,0.0,0.26825179471330424,0.0,0.0,14.715,-0.00046663016151444705,0.0,0.0
2.1750000000000003,10.0,0.0,0.0,9.934467493904227,0.0,0.0,0.3027465241529601,0.0,0.0,0.2621300243831083,0.0,0.0,14.715,-0.00045655947320437856,0.0,0.0
2.18,10.0,0.0,0.0,9.935964877193173,0.0,0.0,0.29620679142512835,0.0,0.0,0.25614049122734595,0.0,0.0,14.715,-0.00044670612455207634,0.0,0.0
2.185,10.0,0.0,0.0,9.937429914665538,0.0,0.0,0.28980819752025855,0.0,0.0,0.25028034133786375,0.0,0.0,14.715,-0.00043706542509589,0.0,0.0
2.19,10.0,0.0,0.0,9.938863304400495,0.0,0.0,0.2835476964629871,0.0,0.0,0.24454678239802607,0.0,0.0,14.715,-0.00042763278553081536,0.0,0.0
2.195,10.0,0.0,0.0,9.940265729411689,0.0,0.0,0.2774223080149024,0.0,0.0,0.2389370823532939,0.0,0.0,14.715,-0.0004184037156626254,0.0,0.0
2.2,10.0,0.0,0.0,9.941637857972363,0.0,0.0,0.2714291162548874,0.0,0.0,0.2334485681105054,0.0,0.0,14.715,-0.0004093738221605635,0.0,0.0
2.205,10.0,0.0,0.0,9.94298034393348,0.0,0.0,0.26556526819165255,0.0,0.0,0.2280786242660612,0.0,0.0,14.715,-0.0004005388064995082,0.0,0.0
2.21,10.0,0.0,0.0,9.944293827034972,0.0,0.0,0.2598279724057453,0.0,0.0,0.22282469186006273,0.0,0.0,14.715,-0.00039189446298107367,0.0,0.0
2.215,10.0,0.0,0.0,9.945578933210287,0.0,0.0,0.25421449771990495,0.0,0.0,0.21768426715884698,0.0,0.0,14.715,-0.00038343667658454525,0.0,0.0
2.22,10.0,0.0,0.0,9.946836274884337,0.0,0.0,0.24872217190020066,0.0,0.0,0.21265490046266006,0.0,0.0,14.715,-0.0003751614211951848,0.0,0.0
2.225,10.0,0.0,0.0,9.948066451265044,0.0,0.0,0.24334838038254716,0.0,0.0,0.20773419493979314,0.0,0.0,14.715,-0.00036706475749361434,0.0,0.0
2.23,10.0,0.0,0.0,9.949270048628573,0.0,0.0,0.2380905650294529,0.0,0.0,0.2029198054857556,0.0,0.0,14.715,-0.00035914283124143675,0.0,0.0
2.235,10.0,0.0,0.0,9.950447640598426,0.0,0.0,0.23294622291132452,0.0,0.0,0.19820943760626422,0.0,0.0,14.715,-0.0003513918713706446,0.0,0.0
2.24,10.0,0.0,0.0,9.951599788418491,0.0,0.0,0.22791290511513906,0.0,0.0,0.19360084632608401,0.0,0.0,14.715,-0.0003438081881383323,0.0,0.0
2.245,10.0,0.0,0.0,9.952727041220228,0.0,0.0,0.2229882155795475,0.0,0.0,0.1890918351190386,0.0,0.0,14.715,-0.0003363881715596252,0.0,0.0
2.25,10.0,0.0,0.0,9.953829936284059,0.0,0.0,0.2181698099524252,0.0,0.0,0.18468025486377063,0.0,0.0,14.715,-0.00032912828937204205,0.0,0.0
2.255,10.0,0.0,0.0,9.954908999295133,0.0,0.0,0.21345539447758058,0.0,0.0,0.1803640028194504,0.0,0.0,14.715,-0.00032202508576805426,0.0,0.0
2.2600000000000002,10.0,0.0,0.0,9.955964744593578,0.0,0.0,0.2088427248996186,0.0,0.0,0.1761410216257078,0.0,0.0,14.715,-0.0003150751792889435,0.0,0.0
2.265,10.0,0.0,0.0,9.956997675419323,0.0,0.0,0.20432960539897257,0.0,0.0,0.17200929832271603,0.0,0.0,14.715,-0.0003082752616708833,0.0,0.0
2.27,10.0,0.0,0.0,9.95800828415168,0.0,0.0,0.1999138875434644,0.0,0.0,0.16796686339325947,0.0,0.0,14.715,-0.0003016220958551656,0.0,0.0
2.275,10.0,0.0,0.0,9.958997052543708,0.0,0.0,0.19559346926836657,0.0,0.0,0.16401178982515704,0.0,0.0,14.715,-0.0002951125147972536,0.0,0.0
2.2800000000000002,10.0,0.0,0.0,9.959964451951564,0.0,0.0,0.1913662938735229,0.0,0.0,0.16014219219373582,0.0,0.0,14.715,-0.00028874341969221826,0.0,0.0
2.285,10.0,0.0,0.0,9.960910943558863,0.0,0.0,0.18723034904588823,0.0,0.0,0.15635622576455827,0.0,0.0,14.715,-0.00028251177868443214,0.0,0.0
2.29,10.0,0.0,0.0,9.96183697859623,0.0,0.0,0.18318366590055024,0.0,0.0,0.1526520856150805,0.0,0.0,14.715,-0.00027641462530344417,0.0,0.0
2.295,10.0,0.0,0.0,9.962742998556092,0.0,0.0,0.1792243180441559,0.0,0.0,0.1490280057756478,0.0,0.0,14.715,-0.0002704490571246089,0.0,0.0
2.3000000000000003,10.0,0.0,0.0,9.963629435402845,0.0,0.0,0.17535042065752274,0.0,0.0,0.145482258388607,0.0,0.0,14.715,-0.0002646122343557966,0.0,0.0
2.305,10.0,0.0,0.0,9.964496711778486,0.0,0.0,0.17156012959849432,0.0,0.0,0.14201315288604413,0.0,0.0,14.715,-0.00025890137848098984,0.0,0.0
2.31,10.0,0.0,0.0,9.965345241203792,0.0,0.0,0.16785164052422433,0.0,0.0,0.1386190351848239,0.0,0.0,14.715,-0.0002533137709686653,0.0,0.0
2.315,10.0,0.0,0.0,9.966175428275182,0.0,0.0,0.1642231880319623,0.0,0.0,0.13529828689923737,0.0,0.0,14.715,-0.0002478467519389579,0.0,0.0
2.32,10.0,0.0,0.0,9.96698766885731,0.0,0.0,0.16067304481893027,0.0,0.0,0.1320493245707477,0.0,0.0,14.715,-0.00024249771892087397,0.0,0.0
2.325,10.0,0.0,0.0,9.967782350271507,0.0,0.0,0.15719952086000133,0.0,0.0,0.12887059891391886,0.0,0.0,14.715,-0.00023726412562291338,0.0,0.0
2.33,10.0,0.0,0.0,9.968559851480164,0.0,0.0,0.15380096260298762,0.0,0.0,0.12576059407934123,0.0,0.0,14.715,-0.00023214348066769825,0.0,0.0
2.335,10.0,0.0,0.0,9.969320543267127,0.0,0.0,0.15047575218205364,0.0,0.0,0.12271782693151842,0.0,0.0,14.715,-0.00022713334650792066,0.0,0.0
2.34,10.0,0.0,0.0,9.970064788414199,0.0,0.0,0.14722230664665706,0.0,0.0,0.11974084634324213,0.0,0.0,14.715,-0.00022223133812880727,0.0,0.0
2.345,10.0,0.0,0.0,9.970792941873837,0.0,0.0,0.1440390772090757,0.0,0.0,0.11682823250462299,0.0,0.0,14.715,-0.00021743512205702799,0.0,0.0
2.35,10.0,0.0,0.0,9.971505350938125,0.0,0.0,0.1409245485061308,0.0,0.0,0.11397859624748988,0.0,0.0,14.715,-0.00021274241510594813,0.0,0.0
2.355,10.0,0.0,0.0,9.97220235540409,0.0,0.0,0.13787723787888304,0.0,0.0,0.11119057838363103,0.0,0.0,14.715,-0.00020815098345072216,0.0,0.0
2.36,10.0,0.0,0.0,9.97288428773545,0.0,0.0,0.13489569466557708,0.0,0.0,0.10846284905819989,0.0,0.0,14.715,-0.00020365864138069845,0.0,0.0
2.365,10.0,0.0,0.0,9.973551473220894,0.0,0.0,0.13197849951245647,0.0,0.0,0.10579410711645407,0.0,0.0,14.715,-0.00019926325044383525,0.0,0.0
2.37,10.0,0.0,0.0,9.974204230128917,0.0,0.0,0.12912426369683394,0.0,0.0,0.10318307948433586,0.0,0.0,14.715,-0.00019496271827126264,0.0,0.0
2.375,10.0,0.0,0.0,9.974842869859327,0.0,0.0,0.12633162846699858,0.0,0.0,0.10062852056269117,0.0,0.0,14.715,-0.00019075499768917591,0.0,0.0
2.38,10.0,0.0,0.0,9.975467697091482,0.0,0.0,0.1235992643948442,0.0,0.0,0.09812921163410868,0.0,0.0,14.715,-0.00018663808568631702,0.0,0.0
2.3850000000000002,10.0,0.0,0.0,9.976079009929327,0.0,0.0,0.12092587074328746,0.0,0.0,0.09568396028268498,0.0,0.0,14.715,-0.00018261002250044198,0.0,0.0
2.39,10.0,0.0,0.0,9.976677100043302,0.0,0.0,0.11831017484677138,0.0,0.0,0.09329159982681719,0.0,0.0,14.715,-0.00017866889062042018,0.0,0.0
2.395,10.0,0.0,0.0,9.977262252809185,0.0,0.0,0.11575093150606271,0.0,0.0,0.09095098876329274,0.0,0.0,14.715,-0.0001748128139847667,0.0,0.0
2.4,10.0,0.0,0.0,9.977834747443936,0.0,0.0,0.11324692239452953,0.0,0.0,0.0886610102243053,0.0,0.0,14.715,-0.00017103995694236313,0.0,0.0
2.4050000000000002,10.0,0.0,0.0,9.978394857138621,0.0,0.0,0.11079695547930535,0.0,0.0,0.08642057144546224,0.0,0.0,14.715,-0.00016734852354024918,0.0,0.0
2.41,10.0,0.0,0.0,9.978942849188453,0.0,0.0,0.10839986445265486,0.0,0.0,0.08422860324620944,0.0,0.0,14.715,-0.00016373675648007023,0.0,0.0
2.415,10.0,0.0,0.0,9.97947898512003,0.0,0.0,0.10605450817828752,0.0,0.0,0.08208405951992459,0.0,0.0,14.715,-0.00016020293653003928,0.0,0.0
2.42,10.0,0.0,0.0,9.98000352081584,0.0,0.0,0.10375977014609415,0.0,0.0,0.07998591673663122,0.0,0.0,14.715,-0.00015674538140836677,0.0,0.0
2.4250000000000003,10.0,0.0,0.0,9.980516706636061,0.0,0.0,0.10151455794287721,0.0,0.0,0.07793317345578854,0.0,0.0,14.715,-0.00015336244525815187,0.0,0.0
2.43,10.0,0.0,0.0,9.981018787537746,0.0,0.0,0.09931780273060266,0.0,0.0,0.0759248498490556,0.0,0.0,14.715,-0.00015005251767982264,0.0,0.0
2.435,10.0,0.0,0.0,9.981510003191419,0.0,0.0,0.09716845873851115,0.0,0.0,0.07395998723435279,0.0,0.0,14.715,-0.00014681402304941648,0.0,0.0
2.44,10.0,0.0,0.0,9.981990588095176,0.0,0.0,0.09506550276499415,0.0,0.0,0.07203764761928674,0.0,0.0,14.715,-0.0001436454197425553,0.0,0.0
2.445,10.0,0.0,0.0,9.982460771686316,0.0,0.0,0.09300793369058576,0.0,0.0,0.07015691325475326,0.0,0.0,14.715,-0.00014054519940167115,0.0,0.0
2.45,10.0,0.0,0.0,9.982920778450547,0.0,0.0,0.09099477200145066,0.0,0.0,0.06831688619780178,0.0,0.0,14.715,-0.00013751188624093285,0.0,0.0
2.455,10.0,0.0,0.0,9.983370828028857,0.0,0.0,0.08902505932282853,0.0,0.0,0.06651668788457596,0.0,0.0,14.715,-0.00013454403628475065,0.0,0.0
2.46,10.0,0.0,0.0,9.983811135322073,0.0,0.0,0.08709785796338572,0.0,0.0,0.06475545871170182,0.0,0.0,14.715,-0.00013164023677544211,0.0,0.0
2.465,10.0,0.0,0.0,9.98424191059315,0.0,0.0,0.08521225046805181,0.0,0.0,0.06303235762734474,0.0,0.0,14.715,-0.00012879910538585423,0.0,0.0
2.47,10.0,0.0,0.0,9.984663359567277,0.0,0.0,0.08336733918213426,0.0,0.0,0.061346561730917536,0.0,0.0,14.715,-0.00012601928966245426,0.0,0.0
2.475,10.0,0.0,0.0,9.985075683529791,0.0,0.0,0.08156224582341046,0.0,0.0,0.05969726588082902,0.0,0.0,14.715,-0.00012329946634015196,0.0,0.0
2.48,10.0,0.0,0.0,9.98547907942201,0.0,0.0,0.07979611106403395,0.0,0.0,0.05808368231200326,0.0,0.0,14.715,-0.00012063834066276303,0.0,0.0
2.485,10.0,0.0,0.0,9.985873739934975,0.0,0.0,0.0780680941221745,0.0,0.0,0.05650504026011607,0.0,0.0,14.715,-0.00011803464590199509,0.0,0.0
2.49,10.0,0.0,0.0,9.986259853601181,0.0,0.0,0.07637737236054813,0.0,0.0,0.05496058559529693,0.0,0.0,14.715,-0.00011548714256259312,0.0,0.0
2.495,10.0,0.0,0.0,9.986637604884324,0.0,0.0,0.07472314089633257,0.0,0.0,0.05344958046275173,0.0,0.0,14.715,-0.0001129946180058579,0.0,0.0
2.5,10.0,0.0,0.0,9.987007174267106,0.0,0.0,0.07310461221647542,0.0,0.0,0.051971302931527755,0.0,0.0,14.715,-0.00011055588567948387,0.0,0.0
2.505,10.0,0.0,0.0,9.987368738337157,0.0,0.0,0.07152101580403411,0.0,0.0,0.05052504665142092,0.0,0.0,14.715,-0.0001081697846691341,0.0,0.0
2.5100000000000002,10.0,0.0,0.0,9.987722469871095,0.0,0.0,0.06997159777093903,0.0,0.0,0.04911012051558249,0.0,0.0,14.715,-0.00010583517916180298,0.0,0.0
2.515,10.0,0.0,0.0,9.988068537916767,0.0,0.0,0.06845562049844348,0.0,0.0,0.047725848332896496,0.0,0.0,14.715,-0.00010355095773612638,0.0,0.0
2.52,10.0,0.0,0.0,9.988407107873734,0.0,0.0,0.06697236228773908,0.0,0.0,0.04637156850503901,0.0,0.0,14.715,-0.00010131603311578406,0.0,0.0
2.525,10.0,0.0,0.0,9.988738341571988,0.0,0.0,0.06552111701410354,0.0,0.0,0.045046633712086594,0.0,0.0,14.715,-9.912934133025457e-05,0.0,0.0
2.5300000000000002,10.0,0.0,0.0,9.989062397349006,0.0,0.0,0.06410119379306971,0.0,0.0,0.04375041060402796,0.0,0.0,14.715,-9.698984151913298e-05,0.0,0.0
2.535,10.0,0.0,0.0,9.989379430125112,0.0,0.0,0.06271191664939745,0.0,0.0,0.04248227949960365,0.0,0.0,14.715,-9.48965151466699e-05,0.0,0.0
2.54,10.0,0.0,0.0,9.989689591477228,0.0,0.0,0.06135262419729658,0.0,0.0,0.04124163409104872,0.0,0.0,14.715,-9.284836578540452e-05,0.0,0.0
2.545,10.0,0.0,0.0,9.98999302971103,0.0,0.0,0.06002266932374895,0.0,0.0,0.040027881155858216,0.0,0.0,14.715,-9.084441838638864e-05,0.0,0.0
2.5500000000000003,10.0,0.0,0.0,9.990289889931544,0.0,0.0,0.05872141888228377,0.0,0.0,0.03884044027384498,0.0,0.0,14.715,-8.888371907771225e-05,0.0,0.0
2.555,10.0,0.0,0.0,9.990580314112226,0.0,0.0,0.05744825338963894,0.0,0.0,0.037678743551118415,0.0,0.0,14.715,-8.696533445101403e-05,0.0,0.0
2.56,10.0,0.0,0.0,9.99086444116253,0.0,0.0,0.05620256673264224,0.0,0.0,0.03654223534986455,0.0,0.0,14.715,-8.508835133214181e-05,0.0,0.0
2.565,10.0,0.0,0.0,9.991142406994058,0.0,0.0,0.05498376587837772,0.0,0.0,0.03543037202372391,0.0,0.0,14.715,-8.325187618944643e-05,0.0,0.0
2.57,10.0,0.0,0.0,9.991414344585236,0.0,0.0,0.053791270592827484,0.0,0.0,0.03434262165907246,0.0,0.0,14.715,-8.145503482215682e-05,0.0,0.0
2.575,10.0,0.0,0.0,9.991680384044628,0.0,0.0,0.0526245131639773,0.0,0.0,0.03327846382149322,0.0,0.0,14.715,-7.969697187897341e-05,0.0,0.0
2.58,10.0,0.0,0.0,9.991940652672868,0.0,0.0,0.051482938131817806,0.0,0.0,0.03223738930855814,0.0,0.0,14.715,-7.797685044972914e-05,0.0,0.0
2.585,10.0,0.0,0.0,9.992195275023258,0.0,0.0,0.050366002024194736,0.0,0.0,0.031218899906986352,0.0,0.0,14.715,-7.629385172735344e-05,0.0,0.0
2.59,10.0,0.0,0.0,9.992444372961062,0.0,0.0,0.04927317309750118,0.0,0.0,0.030222508155705603,0.0,0.0,14.715,-7.46471745296402e-05,0.0,0.0
2.595,10.0,0.0,0.0,9.992688065721516,0.0,0.0,0.04820393108421997,0.0,0.0,0.02924773711390075,0.0,0.0,14.715,-7.303603499490713e-05,0.0,0.0
2.6,10.0,0.0,0.0,9.992926469966589,0.0,0.0,0.04715776694482548,0.0,0.0,0.028294120133642253,0.0,0.0,14.715,-7.14596661750274e-05,0.0,0.0
2.605,10.0,0.0,0.0,9.993159699840515,0.0,0.0,0.04613418262551477,0.0,0.0,0.027361200637908933,0.0,0.0,14.715,-6.991731766768618e-05,0.0,0.0
2.61,10.0,0.0,0.0,9.993387867024133,0.0,0.0,0.0451326908212063,0.0,0.0,0.026448531903495998,0.0,0.0,14.715,-6.840825525343517e-05,0.0,0.0
2.615,10.0,0.0,0.0,9.993611080788044,0.0,0.0,0.04415281474373744,0.0,0.0,0.02555567684779068,0.0,0.0,14.715,-6.693176060323422e-05,0.0,0.0
2.62,10.0,0.0,0.0,9.99382944804464,0.0,0.0,0.04319408789425111,0.0,0.0,0.024682207821450957,0.0,0.0,14.715,-6.548713080900846e-05,0.0,0.0
2.625,10.0,0.0,0.0,9.994043073398979,0.0,0.0,0.042256053842306775,0.0,0.0,0.023827706404035816,0.0,0.0,14.715,-6.407367824602874e-05,0.0,0.0
2.63,10.0,0.0,0.0,9.994252059198603,0.0,0.0,0.04133826600696261,0.0,0.0,0.022991763205640437,0.0,0.0,14.715,-6.269072998881924e-05,0.0,0.0
2.6350000000000002,10.0,0.0,0.0,9.994456505582235,0.0,0.0,0.04044028744622422,0.0,0.0,0.022173977671075786,0.0,0.0,14.715,-6.133762780464945e-05,0.0,0.0
2.64,10.0,0.0,0.0,9.994656510527468,0.0,0.0,0.03956169064658655,0.0,0.0,0.021373957890154907,0.0,0.0,14.715,-6.001372747217249e-05,0.0,0.0
2.645,10.0,0.0,0.0,9.99485216989739,0.0,0.0,0.038702057322335594,0.0,0.0,0.02059132041042185,0.0,0.0,14.715,-5.8718398870487796e-05,0.0,0.0
2.65,10.0,0.0,0.0,9.995043577486229,0.0,0.0,0.03786097821357442,0.0,0.0,0.019825690055071274,0.0,0.0,14.715,-5.745102529274879e-05,0.0,0.0
2.6550000000000002,10.0,0.0,0.0,9.995230825063997,0.0,0.0,0.03703805289408096,0.0,0.0,0.019076699744023172,0.0,0.0,14.715,-5.621100350890472e-05,0.0,0.0
2.66,10.0,0.0,0.0,9.995414002420178,0.0,0.0,0.03623288957826713,0.0,0.0,0.018343990319272252,0.0,0.0,14.715,-5.499774316925939e-05,0.0,0.0
2.665,10.0,0.0,0.0,9.995593197406466,0.0,0.0,0.03544510493668138,0.0,0.0,0.017627210374104866,0.0,0.0,14.715,-5.3810666763019486e-05,0.0,0.0
2.67,10.0,0.0,0.0,9.995768495978588,0.0,0.0,0.034674323912104905,0.0,0.0,0.016926016085674615,0.0,0.0,14.715,-5.264920917230844e-05,0.0,0.0
2.6750000000000003,10.0,0.0,0.0,9.995939982237223,0.0,0.0,0.033920179542036216,0.0,0.0,0.016240071051140174,0.0,0.0,14.715,-5.15128175445206e-05,0.0,0.0
2.68,10.0,0.0,0.0,9.996107738468035,0.0,0.0,0.0331823127830041,0.0,0.0,0.015569046127874218,0.0,0.0,14.715,-5.040095088208173e-05,0.0,0.0
2.685,10.0,0.0,0.0,9.996271845180845,0.0,0.0,0.03246037234075674,0.0,0.0,0.014912619276623922,0.0,0.0,14.715,-4.9313079932514126e-05,0.0,0.0
2.69,10.0,0.0,0.0,9.996432381147953,0.0,0.0,0.031754014502025654,0.0,0.0,0.014270475408233656,0.0,0.0,14.715,-4.824868680825485e-05,0.0,0.0
2.695,10.0,0.0,0.0,9.996589423441636,0.0,0.0,0.031062902971735272,0.0,0.0,0.013642306233421036,0.0,0.0,14.715,-4.7207264859317574e-05,0.0,0.0
2.7,10.0,0.0,0.0,9.996743047470845,0.0,0.0,0.030386708712036484,0.0,0.0,0.013027810116624065,0.0,0.0,14.715,-4.618831828350648e-05,0.0,0.0
2.705,10.0,0.0,0.0,9.996893327017093,0.0,0.0,0.029725109786923522,0.0,0.0,0.012426691931578523,0.0,0.0,14.715,-4.519136209897098e-05,0.0,0.0
2.71,10.0,0.0,0.0,9.99704033426958,0.0,0.0,0.029077791207243894,0.0,0.0,0.011838662921678874,0.0,0.0,14.715,-4.421592164277788e-05,0.0,0.0
2.715,10.0,0.0,0.0,9.997184139859554,0.0,0.0,0.028444444782890814,0.0,0.0,0.011263440561764098,0.0,0.0,14.715,-4.326153265962939e-05,0.0,0.0
2.72,10.0,0.0,0.0,9.997324812893945,0.0,0.0,0.027824768973724778,0.0,0.0,0.010700748424178163,0.0,0.0,14.715,-4.2327740749958446e-05,0.0,0.0
2.725,10.0,0.0,0.0,9.997462420988251,0.0,0.0,0.027218468748400646,0.0,0.0,0.010150316046967844,0.0,0.0,14.715,-4.141410146330117e-05,0.0,0.0
2.73,10.0,0.0,0.0,9.997597030298728,0.0,0.0,0.026625255441857214,0.0,0.0,0.009611878805133865,0.0,0.0,14.715,-4.05201798274342e-05,0.0,0.0
2.735,10.0,0.0,0.0,9.99772870555388,0.0,0.0,0.026044846619551434,0.0,0.0,0.00908517778452827,0.0,0.0,14.715,-3.964555035720916e-05,0.0,0.0
2.74,10.0,0.0,0.0,9.997857510085282,0.0,0.0,0.025476965941566072,0.0,0.0,0.008569959658906905,0.0,0.0,14.715,-3.8789796651685115e-05,0.0,0.0
2.745,10.0,0.0,0.0,9.997983505857718,0.0,0.0,0.024921343032488007,0.0,0.0,0.008065976569119218,0.0,0.0,14.715,-3.795251138772938e-05,0.0,0.0
2.75,10.0,0.0,0.0,9.998106753498679,0.0,0.0,0.024377713351378234,0.0,0.0,0.007572986005249633,0.0,0.0,14.715,-3.713329595191907e-05,0.0,0.0
2.755,10.0,0.0,0.0,9.998227312327224,0.0,0.0,0.02384581806701444,0.0,0.0,0.007090750691099806,0.0,0.0,14.715,-3.6331760402326454e-05,0.0,0.0
2.7600000000000002,10.0,0.0,0.0,9.998345240382225,0.0,0.0,0.02332540393368098,0.0,0.0,0.006619038471113539,0.0,0.0,14.715,-3.554752316589261e-05,0.0,0.0
2.765,10.0,0.0,0.0,9.998460594449988,0.0,0.0,0.022816223171293688,0.0,0.0,0.006157622200049699,0.0,0.0,14.715,-3.478021093069012e-05,0.0,0.0
2.77,10.0,0.0,0.0,9.998573430091282,0.0,0.0,0.022318033347067858,0.0,0.0,0.005706279634894255,0.0,0.0,14.715,-3.402945841700585e-05,0.0,0.0
2.775,10.0,0.0,0.0,9.9986838016678,0.0,0.0,0.021830597260465268,0.0,0.0,0.005264793328807854,0.0,0.0,14.715,-3.329490826393766e-05,0.0,0.0
2.7800000000000002,10.0,0.0,0.0,9.998791762368027,0.0,0.0,0.021353682829765547,0.0,0.0,0.004832950527923189,0.0,0.0,14.715,-3.25762107757413e-05,0.0,0.0
2.785,10.0,0.0,0.0,9.998897364232556,0.0,0.0,0.020887062982270905,0.0,0.0,0.0044105430697708005,0.0,0.0,14.715,-3.187302385934015e-05,0.0,0.0
2.79,10.0,0.0,0.0,9.999000658178877,0.0,0.0,0.020430515545405915,0.0,0.0,0.003997367284452884,0.0,0.0,14.715,-3.1185012743928824e-05,0.0,0.0
2.795,10.0,0.0,0.0,9.999101694025596,0.0,0.0,0.019983823141833713,0.0,0.0,0.0035932238976490944,0.0,0.0,14.715,-3.0511849933263228e-05,0.0,0.0
2.8000000000000003,10.0,0.0,0.0,9.999200520516164,0.0,0.0,0.019546773085255587,0.0,0.0,0.0031979179353525708,0.0,0.0,14.715,-2.985321498525858e-05,0.0,0.0
2.805,10.0,0.0,0.0,9.999297185342076,0.0,0.0,0.019119157279367582,0.0,0.0,0.0028112586316592953,0.0,0.0,14.715,-2.92087943477586e-05,0.0,0.0
2.81,10.0,0.0,0.0,9.99939173516557,0.0,0.0,0.018700772119169547,0.0,0.0,0.002433059337677008,0.0,0.0,14.715,-2.857828127144334e-05,0.0,0.0
2.815,10.0,0.0,0.0,9.999484215641852,0.0,0.0,0.018291418393521677,0.0,0.0,0.0020631374325714527,0.0,0.0,14.715,-2.7961375605339503e-05,0.0,0.0
2.82,10.0,0.0,0.0,9.999574671440813,0.0,0.0,0.017890901190630176,0.0,0.0,0.0017013142367499575,0.0,0.0,14.715,-2.7357783686921255e-05,0.0,0.0
2.825,10.0,0.0,0.0,9.9996631462683,0.0,0.0,0.017499029805107064,0.0,0.0,0.0013474149267752346,0.0,0.0,14.715,-2.676721818445425e-05,0.0,0.0
2.83,10.0,0.0,0.0,9.999749682886932,0.0,0.0,0.0171156176472883,0.0,0.0,0.001001268452314737,0.0,0.0,14.715,-2.6189397961468154e-05,0.0,0.0
2.835,10.0,0.0,0.0,9.999834323136437,0.0,0.0,0.016740482154493138,0.0,0.0,0.0006627074542095701,0.0,0.0,14.715,-2.5624047985391492e-05,0.0,0.0
2.84,10.0,0.0,0.0,9.999917107953582,0.0,0.0,0.01637344470359223,0.0,0.0,0.00033156818569851345,0.0,0.0,14.715,-2.5070899074477928e-05,0.0,0.0
2.845,10.0,0.0,0.0,9.999998077391659,0.0,0.0,0.016014330527200724,0.0,0.0,7.690433336708314e-06,0.0,0.0,14.715,-2.452968799337476e-05,0.0,0.0
2.85,10.0,0.0,0.0,10.000077270639547,0.0,0.0,0.015662968628502447,0.0,0.0,-0.0003090825582180984,0.0,0.0,14.715,-2.4000157014784696e-05,0.0,0.0
2.855,10.0,0.0,0.0,10.000154726040375,0.0,0.0,0.015319191702352832,0.0,0.0,-0.0006189041615210897,0.0,0.0,14.715,-2.3482054152653834e-05,0.0,0.0
2.86,10.0,0.0,0.0,10.000230481109764,0.0,0.0,0.014982836053041654,0.0,0.0,-0.0009219244390096914,0.0,0.0,14.715,-2.2975132696067875e-05,0.0,0.0
2.865,10.0,0.0,0.0,10.000304572553691,0.0,0.0,0.014653741518732227,0.0,0.0,-0.0012182902147568862,0.0,0.0,14.715,-2.247915140872963e-05,0.0,0.0
2.87,10.0,0.0,0.0,10.000377036285972,0.0,0.0,0.014331751393043284,0.0,0.0,-0.0015081451438836385,0.0,0.0,14.715,-2.199387411084644e-05,0.0,0.0
2.875,10.0,0.0,0.0,10.000447907445336,0.0,0.0,0.014016712352619896,0.0,0.0,-0.0017916297813606542,0.0,0.0,14.715,-2.151906986401669e-05,0.0,0.0
2.88,10.0,0.0,0.0,10.000517220412172,0.0,0.0,0.013708474382056067,0.0,0.0,-0.0020688816486728054,0.0,0.0,14.715,-2.105451258400217e-05,0.0,0.0
2.8850000000000002,10.0,0.0,0.0,10.000585008824888,0.0,0.0,0.013406890704363966,0.0,0.0,-0.002340035299567558,0.0,0.0,14.715,-2.059998118727832e-05,0.0,0.0
2.89,10.0,0.0,0.0,10.000651305595923,0.0,0.0,0.01311181770934398,0.0,0.0,-0.0026052223836660654,0.0,0.0,14.715,-2.01552592372661e-05,0.0,0.0
2.895,10.0,0.0,0.0,10.000716142927413,0.0,0.0,0.012823114887022126,0.0,0.0,-0.0028645717096671495,0.0,0.0,14.715,-1.9720135100440933e-05,0.0,0.0
2.9,10.0,0.0,0.0,10.000779552326529,0.0,0.0,0.012540644758851362,0.0,0.0,-0.003118209306108619,0.0,0.0,14.715,-1.9294401571281665e-05,0.0,0.0
2.9050000000000002,10.0,0.0,0.0,10.000841564620462,0.0,0.0,0.012264272814285106,0.0,0.0,-0.003366258481823253,0.0,0.0,14.715,-1.8877856055014997e-05,0.0,0.0
2.91,10.0,0.0,0.0,10.00090220997111,0.0,0.0,0.011993867444733144,0.0,0.0,-0.0036088398844610057,0.0,0.0,14.715,-1.847030020851833e-05,0.0,0.0
2.915,10.0,0.0,0.0,10.000961517889428,0.0,0.0,0.011729299882661219,0.0,0.0,-0.0038460715576881022,0.0,0.0,14.715,-1.8071540050039265e-05,0.0,0.0
2.92,10.0,0.0,0.0,10.001019517249484,0.0,0.0,0.011470444139118997,0.0,0.0,-0.004078068997979024,0.0,0.0,14.715,-1.768138575709351e-05,0.0,0.0
2.9250000000000003,10.0,0.0,0.0,10.001076236302191,0.0,0.0,0.011217176944162952,0.0,0.0,-0.00430494520876227,0.0,0.0,14.715,-1.7299651574130494e-05,0.0,0.0
2.93,10.0,0.0,0.0,10.001131702688774,0.0,0.0,0.010969377688601819,0.0,0.0,-0.0045268107550750095,0.0,0.0,14.715,-1.692615583038565e-05,0.0,0.0
2.935,10.0,0.0,0.0,10.001185943453908,0.0,0.0,0.010726928365486357,0.0,0.0,-0.004743773815673292,0.0,0.0,14.715,-1.6560720684955948e-05,0.0,0.0
2.94,10.0,0.0,0.0,10.00123898505861,0.0,0.0,0.010489713515250612,0.0,0.0,-0.004955940234429804,0.0,0.0,14.715,-1.6203172199480648e-05,0.0,0.0
2.945,10.0,0.0,0.0,10.001290853392822,0.0,0.0,0.010257620169812125,0.0,0.0,-0.005163413571324532,0.0,0.0,14.715,-1.585334017586926e-05,0.0,0.0
2.95,10.0,0.0,0.0,10.001341573787744,0.0,0.0,0.010030537798996502,0.0,0.0,-0.00536629515099274,0.0,0.0,14.715,-1.5511058054365217e-05,0.0,0.0
2.955,10.0,0.0,0.0,10.001391171027889,0.0,0.0,0.00980835825842212,0.0,0.0,-0.005564684111578293,0.0,0.0,14.715,-1.5176162934696998e-05,0.0,0.0
2.96,10.0,0.0,0.0,10.001439669362876,0.0,0.0,0.009590975737081868,0.0,0.0,-0.005758677451551422,0.0,0.0,14.715,-1.4848495358304256e-05,0.0,0.0
2.965,10.0,0.0,0.0,10.00148709251899,0.0,0.0,0.00937828670804426,0.0,0.0,-0.005948370075915824,0.0,0.0,14.715,-1.4527899367763458e-05,0.0,0.0
2.97,10.0,0.0,0.0,10.001533463710455,0.0,0.0,0.009170189878303354,0.0,0.0,-0.006133854841805089,0.0,0.0,14.715,-1.4214222350634722e-05,0.0,0.0
2.975,10.0,0.0,0.0,10.001578805650505,0.0,0.0,0.008966586140865382,0.0,0.0,-0.006315222602043584,0.0,0.0,14.715,-1.390731496556186e-05,0.0,0.0
2.98,10.0,0.0,0.0,10.001623140562177,0.0,0.0,0.008767378527893926,0.0,0.0,-0.006492562248707322,0.0,0.0,14.715,-1.3607031129338978e-05,0.0,0.0
2.985,10.0,0.0,0.0,10.001666490188907,0.0,0.0,0.008572472164040362,0.0,0.0,-0.006665960755667068,0.0,0.0,14.715,-1.3313227898644268e-05,0.0,0.0
2.99,10.0,0.0,0.0,10.001708875804871,0.0,0.0,0.008381774221468328,0.0,0.0,-0.00683550321950299,0.0,0.0,14.715,-1.3025765395338206e-05,0.0,0.0
2.995,10.0,0.0,0.0,10.001750318225113,0.0,0.0,0.00819519387594822,0.0,0.0,-0.007001272900419319,0.0,0.0,14.715,-1.2744506799894188e-05,0.0,0.0
3.0,10.0,-7.0,0.0,10.001790837815461,0.0,0.0,0.00801264226304579,0.0,0.0,-0.007163351261835888,-27.99999999999999,0.0,14.715,-1.2469318212545436e-05,-0.35,0.0
3.005,10.0,-7.0,0.0,10.001830688971753,-0.012342971432424828,-0.002176802596229341,0.007834032436299673,-5.013380707394703,6.31919439924462e-23,-0.007322755887058818,-27.95062811427034,0.005442006490587797,14.715,-1.226251524703584e-05,-0.20775871680897323,0.00024155651557748444
3.0100000000000002,10.0,-7.0,0.0,10.00187221191095,-0.04435640457972021,-0.007818310964541823,0.00765891304718485,-7.989305114364123,0.0017300211070594978,-0.007488847643766189,-27.822574381681168,0.019545777411333478,14.715,-1.2673472933403332e-05,-0.23982551289143214,0.0006198486269280731
3.015,10.0,-7.0,0.0,10.0019200771172,-0.0921568493105066,-0.016228403678749233,0.007480835562974776,-11.424552538820713,0.006169359889554212,-0.007680308468753535,-27.631372602757953,0.04057100919685717,14.715,-1.409694701791338e-05,-0.14477770087196615,0.0009673833657787825
3.02,10.0,-7.0,0.0,10.001980096380173,-0.1535254922885999,-0.027002618649559055,0.007289492315332565,-13.498340339515197,0.013097732893339787,-0.007920385520649765,-27.38589803084557,0.06750654662391252,14.715,-1.6818158481486673e-05,-0.16136139530467525,0.0013345096196717959
3.025,10.0,-7.0,0.0,10.002057811707848,-0.22569746296622112,-0.039640413213402344,0.007071611237453013,-15.80967206015555,0.02265545400919011,-0.008231246831400798,-27.09721014813513,0.09910103303353489,14.715,-2.0819916652814727e-05,-0.09763536505953607,0.0016843128000031912
3.0300000000000002,10.0,-7.0,0.0,10.002158505328225,-0.3070124784531547,-0.0538360335641153,0.006814839198793577,-17.20819563008333,0.03471845586169576,-0.008634021312863905,-26.771950086187374,0.13459008391028307,14.715,-2.626763812376103e-05,-0.10546365009674878,0.0020320986792288715
3.035,10.0,-7.0,0.0,10.002286156147798,-0.39550142944702293,-0.06922963275172289,0.006504575382616663,-18.718851116365478,0.049272290595936165,-0.009144624591245987,-26.417994282211932,0.17307408187927803,14.715,-3.28356921039963e-05,-0.06261140756180356,0.0023586979453183196
3.04,10.0,-7.0,0.0,10.002444146798846,-0.4899312601885211,-0.08559161796568432,0.006130892771235144,-19.615693435269492,0.066165220272551,-0.009776587195408972,-26.040274959245952,0.2139790449142109,14.715,-4.070243541697239e-05,-0.06566954204191677,0.0026731784816876013
3.045,10.0,-7.0,0.0,10.002634368671668,-0.5889005887459003,-0.10266332420161806,0.0056807602718074056,-20.556340296709966,0.08531045088328713,-0.010537474686652334,-25.644397645016376,0.2566583105040305,14.715,-4.9334554962479026e-05,-0.03678759947003209,0.002963954659748783
3.0500000000000003,10.0,-7.0,0.0,10.0028581760769,-0.6915005925873514,-0.12027361642786306,0.0051484583415232306,-21.0832837985092,0.10653821246725453,-0.011432704307639286,-25.233997629650606,0.3006840410696517,14.715,-5.896985035402597e-05,-0.037394727155674365,0.0032371586292845246
3.055,10.0,-7.0,0.0,10.003115608690226,-0.7967358854923328,-0.1382368379225676,0.004523972558078431,-21.618923759316505,0.1297226533512993,-0.012462434760923988,-24.81305645803072,0.34559209480641034,14.715,-6.896671348238608e-05,-0.01790339552833324,0.0034858794058339605
3.06,10.0,-7.0,0.0,10.003406340767405,-0.9039421166123892,-0.15642647766919746,0.0038060209076845055,-21.875370958494205,0.1546884255820314,-0.013625363069636975,-24.384231533550487,0.3910661941729829,14.715,-7.961776690982927e-05,-0.017376391817687374,0.0037144853964879137
3.065,10.0,-7.0,0.0,10.003729027268088,-1.01241480242729,-0.17470974100074368,0.0029881434640959795,-22.124269387498234,0.18129146761724835,-0.014916109072311511,-23.9503407902908,0.43677435250188323,14.715,-9.025675903874804e-05,-0.004224735700586658,0.0039190582367732915
3.0700000000000003,10.0,-7.0,0.0,10.004082131469458,-1.1216728958043727,-0.19299403270588808,0.002072955098684395,-22.184784225929906,0.20935965469638482,-0.01632852587783024,-23.513308416782497,0.4824850817647326,14.715,-0.00010120666580632642,-0.0032851925025107163,0.004102861833625973
3.075,10.0,-7.0,0.0,10.004463396030143,-1.2312206641585652,-0.211184959341732,0.0010575082848416565,-22.231841111957905,0.23874423807039413,-0.0178535841205542,-23.075117343365758,0.5279623983543471,14.715,-0.00011183664593171442,0.005568266057538525,0.004263883847123934
3.08,10.0,-7.0,0.0,10.004870511988024,-1.3407138194816295,-0.22921561508086577,-5.2525971406101895e-05,-22.15208156509603,0.2692820566671699,-0.01948204795211496,-22.63714472207346,0.5730390377021644,14.715,-0.00012247382718563783,0.006546392981099663,0.004404677226156676
3.085,10.0,-7.0,0.0,10.005300705173953,-1.4498065817415313,-0.24701958815271155,-0.0012569723994674009,-22.05831140956826,0.3008282335641909,-0.02120282069579459,-22.20077367303389,0.6175489703817615,14.715,-0.00013255908256724726,0.012473923385632826,0.004524426495272547
3.09,10.0,-7.0,0.0,10.00575125060815,-1.5582562286768533,-0.2645493779780786,-0.0025479876973018797,-21.87963567164693,0.33323205142622636,-0.02300500243263887,-21.766975085292597,0.6613734449451665,14.715,-0.000142403538055421,0.013315040818492089,0.004625209501951588
3.095,10.0,-7.0,0.0,10.00621915774881,-1.6658247475326995,-0.2817590182904589,-0.003922841265614076,-21.688911860149684,0.3663576744044303,-0.024876630995221957,-21.33670100986924,0.7043975457261769,14.715,-0.0001515365326477435,0.017243397948437857,0.0047069451529499606
3.1,10.0,-7.0,0.0,10.006701551909595,-1.7723445107271292,-0.2986156331741614,-0.005372319504018384,-21.441918534354087,0.40006868586237937,-0.026806207638405313,-20.910621957091458,0.7465390829354145,14.715,-0.00016024084064498713,0.017881385265961506,0.0047713778361406405
3.105,10.0,-7.0,0.0,10.007195439593106,-1.8776549429927218,-0.31508823053265805,-0.006891762420228956,-21.185786781228025,0.43424116242151967,-0.028781758372463228,-20.489380228029066,0.7877205763316417,14.715,-0.00016813704230714003,0.020439415718130134,0.004818860272485405
3.11,10.0,-7.0,0.0,10.007697983365333,-1.9816436890111553,-0.33115493295878956,-0.008471256964601806,-20.893014020360027,0.46875370688110407,-0.03079193346129488,-20.073425243955366,0.8278873323969611,14.715,-0.00017547397355073568,0.020865533865905457,0.004850889192289051
3.115,10.0,-7.0,0.0,10.00820632944582,-2.084205765817399,-0.34679573523804985,-0.010104820129530812,-20.594137658020024,0.5034956415815776,-0.032825317783312526,-19.663176936730387,0.8669893380950993,14.715,-0.0001819574713843331,0.022481958423174492,0.004868056999389017
3.12,10.0,-7.0,0.0,10.00871780108134,-2.185269303244223,-0.3619970132795528,-0.011782369975954431,-20.27210782290719,0.5383605316433413,-0.03487120432534316,-19.2589227870231,0.9049925331989127,14.715,-0.0001878016810309714,0.022714982900922307,0.004871665812187591
3.125,10.0,-7.0,0.0,10.009229773054683,-2.2847691533132077,-0.37674683193870645,-0.013497141746497096,-19.94674027361108,0.5732512679229065,-0.036919092218735766,-18.860923386747164,0.9418670798467904,14.715,-0.00019278707511772954,0.02368344396537702,0.004862423597835297
3.13,10.0,-7.0,0.0,10.009739804735407,-2.3826629372095463,-0.3910377444863592,-0.015239285094553592,-19.6075006689589,0.608075811718004,-0.03895921894162711,-18.469348251161826,0.9775943612158933,14.715,-0.00019709531267703595,0.023753064946037385,0.004841471897123423
3.1350000000000002,10.0,-7.0,0.0,10.010245549132797,-2.478913962880586,-0.404863743975755,-0.017001707897552423,-19.267263956427083,0.64275030001005,-0.04098219653116833,-18.084344148477626,1.0121593599393794,14.715,-0.0002005691433774358,0.024275588517754937,0.004809556156485996
3.14,10.0,-7.0,0.0,10.010744842404852,-2.573501194214939,-0.41822199182646297,-0.018775079830421655,-18.919542795490504,0.677196208647276,-0.04297936961943058,-17.70599522314022,1.0455549795661878,14.715,-0.00020336143244611762,0.024213611634037367,0.004767680442282336
3.145,10.0,-7.0,0.0,10.011235637907049,-2.6664081711947523,-0.4311108304373368,-0.020552343272947478,-18.57270954911178,0.7113422045735065,-0.04494255162822549,-17.33436731522104,1.0777770760933563,14.715,-0.00020536494451028797,0.024429780477397644,0.0047165798130413975
3.15,10.0,-7.0,0.0,10.011716064903528,-2.7576291778883255,-0.4435308430124554,-0.022324884115341143,-18.222780083199385,0.7451222192014908,-0.046864259614138454,-16.96948328844672,1.1088271075311698,14.715,-0.0002067079292757806,0.024265820799965806,0.004657137708250272
3.1550000000000002,10.0,-7.0,0.0,10.012184380479217,-2.8471620402341005,-0.4554835529853849,-0.02408595295207636,-17.87519934691031,0.778476511113237,-0.048737521916825434,-16.611351839063616,1.1387088824634566,14.715,-0.00020732202392510652,0.024272449735893147,0.00459005069078317
3.16,10.0,-7.0,0.0,10.01263900684455,-2.9350119237808454,-0.46697206783921463,-0.025827774565411094,-17.527523846643028,0.8113503276548599,-0.05055602737822179,-16.25995230487659,1.167430169598009,14.715,-0.00020731492219175723,0.024032139752517202,0.0045160948176501655
3.165,10.0,-7.0,0.0,10.01307849591144,-3.021186641283503,-0.4780002241961642,-0.02754410313713661,-17.18329072919377,0.8436944742713921,-0.05231398364572695,-15.915253434865955,1.1950005604903882,14.715,-0.00020664757420049533,0.023896610035540042,0.004435912884186289
3.17,10.0,-7.0,0.0,10.01350155195789,-3.1056989777129353,-0.4885729741318532,-0.029228067925387336,-16.840999134100503,0.8754643600903395,-0.054006207831549295,-15.577204089148236,1.2214324353296575,14.715,-0.00020541074552118103,0.023601154244792578,0.004350184674338056
3.1750000000000003,10.0,-7.0,0.0,10.01390700514743,-3.188563625824627,-0.4986958203478831,-0.03087405587142575,-16.502939838844636,0.9066202628330975,-0.05562802058975214,-15.245745496701538,1.246739550869684,14.715,-0.00020358683156924487,0.02337049527980533,0.004259492192538879
3.18,10.0,-7.0,0.0,10.014293824342955,-3.2697986000011596,-0.5083750440964959,-0.032476123011593146,-16.16818470136292,0.9371266285207728,-0.057175297371833925,-14.920805599995397,1.2709376102412206,14.715,-0.00020125274502294578,0.023036896062912076,0.004164428711978742
3.185,10.0,-7.0,0.0,10.014661096945186,-3.349423230279213,-0.5176173298501174,-0.03402936448665691,-15.838208235101629,0.9669521521807083,-0.05864438778078718,-14.602307078883145,1.2940433246253014,14.715,-0.00019840605748248886,0.022744001455513262,0.004065513632964351
3.19,10.0,-7.0,0.0,10.015008035196603,-3.427459015354971,-0.5264298966028214,-0.035528753424956795,-15.512427391273736,0.9960692487709277,-0.060032140786434325,-14.290163938580093,1.3160747415070297,14.715,-0.00019511234539611088,0.022385576003124658,0.00396326253996718
3.1950000000000003,10.0,-7.0,0.0,10.015333960507169,-3.5039283065484357,-0.5348202468511766,-0.036970126515753196,-15.191780830727508,1.02445402585123,-0.061335842028705345,-13.984286773806305,1.3370506171279688,14.715,-0.0001913794930363131,0.022053479161589003,0.003858133617265215
3.2,10.0,-7.0,0.0,10.015638305549476,-3.5788548177592627,-0.54279623959731,-0.038349341356322654,-14.875891423380903,1.0520858724845847,-0.06255322219791588,-13.684580728962937,1.3569905989933015,14.715,-0.00018726375227585748,0.021680461821674612,0.003750572843451671
3.205,10.0,-7.0,0.0,10.015920601802714,-3.652262760392652,-0.5503659212799094,-0.03966297767368767,-14.565345310555543,1.078947371820355,-0.06368240721089478,-13.39094895842938,1.3759148031997779,14.715,-0.0001827796348212294,0.021325291098131024,0.0036409804532115046
3.21,10.0,-7.0,0.0,10.016180479005712,-3.7241771450859367,-0.5575375641288156,-0.04090772911445701,-14.259886855559635,1.105023973477686,-0.06472191602286416,-13.103291419656236,1.3938439103220586,14.715,-0.00017797565277786781,0.020945416924563302,0.003529740258249196
3.215,10.0,-7.0,0.0,10.01641765504365,-3.7946232122585024,-0.5643195514292189,-0.04208089669095459,-13.959869905440884,1.1303038759245734,-0.06567062017454971,-12.821507150966017,1.410798878573056,14.715,-0.00017287021397924696,0.02057844770987163,0.003417198823244874
3.22,10.0,-7.0,0.0,10.016631933813507,-3.8636266086430786,-0.5707203957197371,-0.043179951434125854,-13.665109605448386,1.1547777597156985,-0.0665277352540452,-12.545493565427662,1.4268009892993516,14.715,-0.0001675053309151076,0.020197470422103233,0.003303684633594868
3.225,10.0,-7.0,0.0,10.016823196850073,-3.9312130122248026,-0.576748660318082,-0.04420287767215873,-13.375806600642827,1.1784386580090997,-0.06729278740033025,-12.275147951100777,1.4418716507952323,14.715,-0.00016190132804858116,0.01982655658946971,0.0031894953171721896
3.23,10.0,-7.0,0.0,10.016991400304942,-3.9974082343974815,-0.5824129661615017,-0.04514785916508778,-13.091816735921416,1.2012817355654382,-0.06796560121980857,-12.010367062410083,1.4560324154037692,14.715,-0.00015609468899865567,0.019448685489015242,0.003074910300714202
3.235,10.0,-7.0,0.0,10.017136567894662,-4.062237973128655,-0.5877219377171677,-0.0460135149411783,-12.813239659215817,1.2233041583919664,-0.06854627157860478,-11.751048107485348,1.469304844292928,14.715,-0.00015010625528919335,0.019079262182259294,0.0029601831065451355
3.24,10.0,-7.0,0.0,10.017258787452825,-4.125727871604867,-0.5926842037417372,-0.04679867405780809,-12.539954356404401,1.2445049082158366,-0.06903514981127208,-11.497088513580586,1.4817105093543597,14.715,-0.00014396774677021478,0.018707518691664485,0.0028455498178001064
3.245,10.0,-7.0,0.0,10.017358204909884,-4.187903356248284,-0.597308359731891,-0.04750253529499212,-12.271994052544267,1.2648846575851074,-0.06943281963956607,-11.248386575006876,1.4932708993297108,14.715,-0.00013769956145244898,0.018343307644914163,0.002731224561040004
3.25,10.0,-7.0,0.0,10.017435020714137,-4.248789670413786,-0.6016029657139617,-0.04812450518112465,-12.009250843524677,1.2844456126163653,-0.06974008285658995,-11.004841318344832,1.5040074142849187,14.715,-0.00013132926623815927,0.017979809590621485,0.00261740526005249
3.255,10.0,-7.0,0.0,10.017489484638427,-4.308411768728675,-0.6055765200231844,-0.048664304229567704,-11.751714506074988,1.303191396950909,-0.06995793855375224,-10.766352925085265,1.5139413000579618,14.715,-0.0001248761820907047,0.017623317064097258,0.002504271104680035
3.2600000000000002,10.0,-7.0,0.0,10.017521892255635,-4.366794336868013,-0.609237455912909,-0.049121849948748415,-11.499284682457496,1.3211269175827502,-0.07008756902251292,-10.53282265252791,1.5230936397822996,14.715,-0.00011836421921916372,0.017269501514556435,0.00239198653832535
3.265,10.0,-7.0,0.0,10.017532580425385,-4.423961723388086,-0.6125941231771677,-0.049497325907189825,-11.251923016386135,1.338258259245019,-0.07013032170155503,-10.3041531064477,1.5314853079429334,14.715,-0.00011181122776962227,0.016922371011705063,0.002280699952588346
3.27,10.0,-7.0,0.0,10.017521923936139,-4.479937952024089,-0.6156547845709548,-0.04979109665581013,-11.009533739800977,1.354592569447394,-0.07008769574456433,-10.080248191903625,1.5391369614274064,14.715,-0.00010523787280633603,0.0165791666875251,0.002170546513460732
3.275,10.0,-7.0,0.0,10.017490331564042,-4.534746678544216,-0.6184276029270904,-0.050003751211686126,-10.77206060217664,1.370137963754661,-0.069961326256179,-9.861013285823175,1.5460690073177272,14.715,-9.86603130022134e-05,0.01624242955915031,0.002061647601096911
3.2800000000000002,10.0,-7.0,0.0,10.017438242945158,-4.5884111992540495,-0.6209206379037028,-0.0501360406078691,-10.539410955323955,1.3849034270529264,-0.06975297178065443,-9.64635520298384,1.5523015947592798,14.715,-9.20963170728685e-05,0.015910388858002337,0.001954112863217365
3.285,10.0,-7.0,0.0,10.017366125125006,-4.640954424577513,-0.6231418369982606,-0.05018890397875869,-10.311517515233222,1.398898729522249,-0.06946450049998608,-9.436182301689952,1.557854592495677,14.715,-8.556025438401044e-05,0.01558464282315739,0.0018480400973480645
3.29,10.0,-7.0,0.0,10.017274469692683,-4.692398885810447,-0.625099032860632,-0.05016342217798104,-10.088290104654885,1.4121343417658727,-0.06909787877068156,-9.230404456758242,1.5627475821515555,14.715,-7.906729903981748e-05,0.015264042072647255,0.001743516782057326
3.295,10.0,-7.0,0.0,10.01716378975771,-4.742766719892524,-0.6267999371075174,-0.05006083219816952,-9.869655009930023,1.4246213609061373,-0.06865515903083369,-9.028933120429874,1.5669998427687823,14.715,-7.26300187693528e-05,0.014949578670194558,0.001640620212215625
3.3000000000000003,10.0,-7.0,0.0,10.017034617357247,-4.7920796754911725,-0.628252138281618,-0.04988249224397479,-9.655524307096105,1.4363714376491137,-0.06813846942896784,-8.831681298035292,1.570630345704019,14.715,-6.62612588117949e-05,0.0146404937183578,0.0015394186706866049
3.305,10.0,-7.0,0.0,10.016887500809338,-4.840359105255338,-0.6294630977048605,-0.04962988846984377,-9.445820942611123,1.4473967117408615,-0.0675500032373239,-8.638563578978621,1.5736577442621476,14.715,-5.997183091395522e-05,0.014337389457095447,0.0014399716990359383
3.31,10.0,-7.0,0.0,10.016723002391478,-4.887625971760184,-0.6304401480783226,-0.04930460827532775,-9.240459236546785,1.4577097493624915,-0.06689200956595975,-8.449496112959233,1.5761003701958172,14.715,-5.3772489077651167e-05,0.014039752318154224,0.001342331016150128
3.315,10.0,-7.0,0.0,10.01654169602811,-4.93390084474838,-0.6311904908388183,-0.04890834210707513,-9.03936086541107,1.4673234871043555,-0.06616678411247695,-8.26439662100648,1.5779762270970141,14.715,-4.7672372506099155e-05,0.013747933945366393,0.0012465408522828645
3.3200000000000003,10.0,-7.0,0.0,10.016344165230826,-4.979203907160065,-0.6317211953508457,-0.048442862711955026,-8.842442468942334,1.4762511783326615,-0.06537666092331536,-8.083184371359708,1.579302988377091,14.715,-4.1680358860934005e-05,0.013461575013562392,0.0011526386850810747
3.325,10.0,-7.0,0.0,10.016131001084304,-5.023554955678541,-0.6320391973850354,-0.04791002388153929,-8.649625834031347,1.4845063448274933,-0.0645240043372301,-7.90578017728582,1.58009799346257,14.715,-3.580402168780736e-05,0.013180866281531636,0.001060655593621923
3.33,10.0,-7.0,0.0,10.015902800433794,-5.066973406907706,-0.6321512988345598,-0.04731174407754955,-8.460830015387213,1.4921027309564283,-0.06361120173515351,-7.732106372369174,1.5803782470863872,14.715,-3.005055807752192e-05,0.0129055456252326,0.0009706168591160734
3.335,10.0,-7.0,0.0,10.015660164138371,-5.109478300083016,-0.6320641670397168,-0.04665000338777483,-8.27597782264121,1.4990542621503775,-0.06264065655345796,-7.562086799667975,1.5801604175992727,14.715,-2.4426095880935966e-05,0.012635700800153095,0.0008825423137242461
3.34,10.0,-7.0,0.0,10.015403695488864,-5.1510883033789225,-0.6317843349561506,-0.04592683041235095,-8.09499080872384,1.5053750058776414,-0.06161478195541535,-7.395646786484287,1.5794608373903476,14.715,-1.8936330957150136e-05,0.012371131240280256,0.0007964468381894463
3.345,10.0,-7.0,0.0,10.015133998700955,-5.191821718012273,-0.6313182011232997,-0.04514429827875719,-7.9177933997952366,1.5110791361819906,-0.06053599480381704,-7.232713127950939,1.5782955028082457,14.715,-1.3586071168276113e-05,0.012111859092405159,0.0007123406914608947
3.35,10.0,-7.0,0.0,10.014851677545629,-5.23169648462871,-0.6306720302139925,-0.04430451400430005,-7.744309705145453,1.5161809005815081,-0.05940671018248108,-7.073214061485113,1.576680075534986,14.715,-8.379675838459451e-06,0.011857723129190442,0.0006302299277974049
3.355,10.0,-7.0,0.0,10.01455733405753,-5.270730188273462,-0.6298519534961033,-0.043409614127518904,-7.574466143858696,1.5206945899547113,-0.05822933623011543,-6.917079246906159,1.57462988374026,14.715,-3.3207592861102383e-06,0.011608704077450316,0.0005501167001739215
3.36,10.0,-7.0,0.0,10.014251567359837,-5.308940064796676,-0.6288639696988358,-0.04246175598933432,-7.408189411490447,1.524634510599665,-0.057006269439305486,-6.76423974081325,1.5721599242470707,14.715,1.5875043310336376e-06,0.011364666230402571,0.0004719996129830935
3.365,10.0,-7.0,0.0,10.013934972565739,-5.346343006334741,-0.6277139458536758,-0.041463113338422106,-7.245408147873742,1.5280149588191323,-0.055739890262972144,-6.614627974661031,1.5692848646342075,14.715,6.3425705090543115e-06,0.011125564557522075,0.0003958739964089745
3.37,10.0,-7.0,0.0,10.01360813977998,-5.382955567677824,-0.6264076184198182,-0.040415869130457915,-7.086051638292733,1.5308501974707838,-0.05443255911990049,-6.468177729288718,1.5660190460495724,14.715,1.094231119446547e-05,0.010891280298222684,0.0003217322065693542
3.375,10.0,-7.0,0.0,10.01327165317337,-5.418793972019537,-0.6249505944170242,-0.039322211329242705,-6.930050869600795,1.5331544346670156,-0.05308661269349012,-6.324824111921892,1.56237648604253,14.715,1.53851329499676e-05,0.010661752813008,0.0002495638705813238
3.38,10.0,-7.0,0.0,10.012926090144022,-5.453874117238448,-0.6233483527600149,-0.03818432693203375,-6.777337697707652,1.5349418042299232,-0.05170436057604098,-6.184503531046214,1.5583708819000517,14.715,1.9669826229908483e-05,0.010436874975849757,0.00017935614310223897
3.3850000000000002,10.0,-7.0,0.0,10.012572020546601,-5.488211581752335,-0.6216062456152603,-0.0370043980967076,-6.627845513458025,1.5362263479836111,-0.05028808218641417,-6.047153672990709,1.5540156140381447,14.715,2.3795636346465496e-05,0.010216577113593623,0.0001110939231628165
3.39,10.0,-7.0,0.0,10.012210005997193,-5.521821630675488,-0.6197294999011491,-0.03578459717593977,-6.48150870616473,1.5370219995994585,-0.04884002398875143,-5.912713477298059,1.5493237497528676,14.715,2.776215544695288e-05,0.010000760445908249,4.476007408971003e-05
3.395,10.0,-7.0,0.0,10.011840599240605,-5.554719221667608,-0.6177232188151799,-0.034527083239510384,-6.338263080542232,1.5373425700164627,-0.04736239696238202,-5.78112311332956,1.544308047037953,14.715,3.156936252727564e-05,0.009789350521585872,-1.96643859686047e-05
3.4,10.0,-7.0,0.0,10.01146434358386,-5.58691901093838,-0.6155923834630451,-0.033233997952574035,-6.198045508219681,1.537201734226123,-0.0458573743354358,-5.652323956246492,1.5389809586576333,14.715,3.521754470928519e-05,0.00958225486582507,-8.22000953011214e-05
3.4050000000000002,10.0,-7.0,0.0,10.011081772386335,-5.6184353590180836,-0.6133418545135999,-0.031907462522354414,-6.06079418591013,1.5366130194090821,-0.04432708954531888,-5.5262585639276365,1.5333546362839703,14.715,3.8707317314991205e-05,0.00937939699600433,-0.0001428691821197427
3.41,10.0,-7.0,0.0,10.010693408607935,-5.64928233658937,-0.6109763739255877,-0.030549574291310767,-5.926448406338036,1.5355897942643386,-0.0427736344317515,-5.40287065364253,1.527440934813949,14.715,4.203956525234959e-05,0.009180689469870863,-0.0002016951025038549
3.415,10.0,-7.0,0.0,10.010299764408174,-5.679473730132151,-0.6085005666961197,-0.029162404112033975,-5.794948715221442,1.5341452594990972,-0.041199057632750634,-5.282105079471354,1.5212514167403242,14.715,4.521545054576975e-05,0.008986055536406056,-0.0002587024956053774
3.42,10.0,-7.0,0.0,10.009901340796175,-5.709023047569515,-0.6059189426586205,-0.027747993552772444,-5.666236758126943,1.5322924393556359,-0.03960536318467709,-5.163907809721985,1.5147973566465693,14.715,4.8236367720466554e-05,0.00879541198177369,-0.00031391704455285737
3.4250000000000003,10.0,-7.0,0.0,10.009498627326053,-5.7379435237570044,-0.6032358982970575,-0.026308352686382153,-5.540255373037001,1.5300441741343735,-0.03799450930415937,-5.048225904971947,1.5080897457426676,14.715,5.110394351083812e-05,0.008608682907238584,-0.0003673653510358299
3.43,10.0,-7.0,0.0,10.009092101836902,-5.766248125935179,-0.6004557185928548,-0.02484545782616402,-5.416948485561909,1.5274131136151619,-0.03636840734761973,-4.935007496259276,1.5011392964821304,14.715,5.382000227769406e-05,0.008425788808020623,-0.0004190748160973146
3.435,10.0,-7.0,0.0,10.008682230233003,-5.793949559045485,-0.5975825788822435,-0.023361249704170275,-5.296261160584537,1.524411711332337,-0.03472892093201624,-4.824201763818095,1.4939564472056086,14.715,5.638656101566682e-05,0.008246655338205722,-0.00046907353193621857
3.44,10.0,-7.0,0.0,10.008269466302961,-5.821060270986232,-0.5946205467334564,-0.02185763166775518,-5.178139528355976,1.5210522196246818,-0.0330778652118136,-4.715758916055097,1.4865513668336097,14.715,5.8805801912822635e-05,0.00807120635466042,-0.0005173901799031957
3.4450000000000003,10.0,-7.0,0.0,10.007854251574285,-5.847592457745556,-0.5915735838286711,-0.020336468219362795,-5.062530810228859,1.517346685415936,-0.031417006297119784,-4.609630169017811,1.4789339595716826,14.715,6.108006485949973e-05,0.007899369489705009,-0.0005640539375345709
3.45,10.0,-7.0,0.0,10.00743701520184,-5.873558068460796,-0.5884455478558364,-0.0187995836142098,-4.949383264567224,1.5133069466611277,-0.029748060807390567,-4.5057677261568205,1.4711138696395853,14.715,6.321182525687076e-05,0.007731071717527061,-0.0006090943914850694
3.455,10.0,-7.0,0.0,10.007018173887296,-5.898968810364703,-0.5852401943999973,-0.01724876072925703,-4.838646196162094,1.5089446294164799,-0.028072695549201214,-4.404124758541175,1.4631004860000059,14.715,6.520368528144684e-05,0.007566242894016856,-0.0006525414579659711
3.46,10.0,-7.0,0.0,10.00659813182796,-5.9238361536505355,-0.5819611788366855,-0.01568574001161255,-4.730269914942039,1.5042711454791344,-0.026392527311876725,-4.304655385397884,1.4549029470917367,14.715,6.705835564762354e-05,0.007404812927865983,-0.0006944253086472111
3.465,10.0,-7.0,0.0,10.006177280692508,-5.948171336231485,-0.578612058220127,-0.014112218644876117,-4.624205735204214,1.499297690557565,-0.024709122769988757,-4.2073146550740725,1.4465301455503174,14.715,6.877864657075974e-05,0.007246714026027572,-0.0007347763028849719
3.47,10.0,-7.0,0.0,10.005755999622068,-5.971985368415466,-0.5751962931673251,-0.012529849802795734,-4.520405942681088,1.494035242927373,-0.02302399848824097,-4.112058526338182,1.4379907329183095,14.715,7.036745248695391e-05,0.007091878885576217,-0.0007736249248656351
3.475,10.0,-7.0,0.0,10.005334655254517,-5.995289037480288,-0.5717172497328875,-0.010940242081770713,-4.418823787506491,1.4884945625372574,-0.0213386210180561,-4.018843850078895,1.4292931243322242,14.715,7.18277432803229e-05,0.006940242115118022,-0.0008110017261720488
3.48,10.0,-7.0,0.0,10.00491360177048,-6.018092912163231,-0.5681782012748005,-0.009344959020289445,-4.3194134568211355,1.4826861905263222,-0.01965440708189546,-3.9276283513470664,1.4204455031869987,14.715,7.316255134587433e-05,0.006791739076048527,-0.0008469372727090932
3.485,10.0,-7.0,0.0,10.004493180959207,-6.040407347056143,-0.564582330307467,-0.007745518766837135,-4.222130063975656,1.4766204491215031,-0.017972723836863328,-3.838370611775452,1.4114558257686627,14.715,7.437496329182097e-05,0.006646306779328679,-0.0008814620962671832
3.49,10.0,-7.0,0.0,10.004073722302882,-6.062242486915621,-0.5609327303417627,-0.006143393831177598,-4.126929624888089,1.470307441881895,-0.016294889211489506,-3.7510300523375513,1.4023318258543762,14.715,7.546810905628577e-05,0.006503883140098953,-0.0009146066499746484
3.495,10.0,-7.0,0.0,10.003655543077807,-6.083608270883265,-0.5572324077094318,-0.004540010957756803,-4.033769045078095,1.463757054262127,-0.014622172311211877,-3.665566916466959,1.3930810192735985,14.715,7.64451540963779e-05,0.0063644075404466404,-0.0009464012676982446
3.5,10.0,-7.0,0.0,10.00323894847112,-6.104514436622709,-0.55348428337137,-0.002936751078582306,-3.9426060986400544,1.4569789544665095,-0.012955793884518505,-3.581942253509216,1.3837107084284206,14.715,7.730929030891855e-05,0.0062278203471877345,-0.0009768761269046539
3.505,10.0,-7.0,0.0,10.002824231711639,-6.124970524370862,-0.5496911947078307,-0.0013349493653149588,-3.8533994141234187,1.4499825945691691,-0.01129692684659416,-3.5001179025165534,1.3742279867695584,14.715,7.806372883787002e-05,0.006094063262231049,-0.0010060612148655868
3.5100000000000002,10.0,-7.0,0.0,10.002411674213668,-6.14498588090825,-0.5458558972900373,0.00026410464512056063,-3.766108455394484,1.4427772118762188,-0.009646696854669927,-3.4200564763670007,1.364639743225086,14.715,7.871169236555223e-05,0.005963079007871016,-0.0010339862979432716
3.515,10.0,-7.0,0.0,10.002001545732506,-6.164569663447408,-0.5419810666317543,0.001859166842567322,-3.6806935070060867,1.4353718305079055,-0.008006182929987041,-3.3417213462104067,1.3549526665793583,14.715,7.925640875256114e-05,0.00583481154222117,-0.001060680893751536
3.52,10.0,-7.0,0.0,10.001594104530573,-6.183730843443035,-0.5380692999203177,0.0034490382713495663,-3.597115656481551,1.4277752631801397,-0.0063764181223038225,-3.265076626227829,1.3451732498007927,14.715,7.970110444022414e-05,0.005709205851305391,-0.0010861742459515327
3.525,10.0,-7.0,0.0,10.001189597553099,-6.202478210323808,-0.5341231177260601,0.0050325647889324495,-3.515336779576858,1.4199961131665364,-0.004758390212365691,-3.1900871587048116,1.3353077943151344,14.715,8.004899889426417e-05,0.005586208078710793,-0.0011104953016003588
3.5300000000000002,10.0,-7.0,0.0,10.000788260612374,-6.220820375148804,-0.5301449656896903,0.006608636669228943,-3.435319523685854,1.4120427764226855,-0.0031530424494885323,-3.116718499404802,1.3253624142242084,14.715,8.030329892840802e-05,0.005465765386061792,-0.001133672690728547
3.535,10.0,-7.0,0.0,10.000390318579617,-6.238765774189004,-0.5261372161868519,0.008176188147601652,-3.35702729324423,1.4039234438566872,-0.001561274318454034,-3.044936903243933,1.3153430404671027,14.715,8.046719400226678e-05,0.005347826028149911,-0.0011557347081485683
3.54,10.0,-7.0,0.0,9.999995985583594,-6.2563226724362915,-0.5221021699695033,0.00973419692037418,-3.2804242340575898,1.395646103729975,1.605766560608286e-05,-2.9747093102548527,1.305255424923783,14.715,8.054385131605112e-05,0.00523233925718954,-0.0011767092971915517
3.545,10.0,-7.0,0.0,9.999605465215145,-6.273499167040792,-0.5180420577835642,0.011281683594804148,-3.205475219001209,1.387218544174615,0.0015781391394258468,-2.9060033318368563,1.2951051444589146,14.715,8.0536411852124e-05,0.005119255363653898,-0.0011966240353604306
3.5500000000000003,10.0,-7.0,0.0,9.999218950736864,-6.2903031906786016,-0.5139590419625579,0.012817711102015057,-3.1321458331351533,1.3786483558133567,0.003124197052549266,-2.838787237285602,1.284897604906396,14.715,8.04479862093446e-05,0.005008525608415558,-0.001215506121632533
3.555,10.0,-7.0,0.0,9.998836625297164,-6.306742514850938,-0.5098552179968721,0.014341384068870323,-3.0604023597917127,1.3699429344706242,0.004653498811379453,-2.773029940596299,1.2746380449921935,14.715,8.028165130133311e-05,0.004900102242134238,-0.0012333823654420706
3.56,10.0,-7.0,0.0,9.998458662148085,-6.322824753116517,-0.5057326160784508,0.0158518481601752,-2.99021176638545,1.3611094839624125,0.0061653514076557515,-2.708700987533969,1.264331540196105,14.715,8.004044685330838e-05,0.004793938455455896,-0.0012502791770760491
3.565,10.0,-7.0,0.0,9.998085224866172,-6.338557364258312,-0.5015932026206795,0.017348289387356504,-2.921541690936928,1.3521550189549691,0.007659100535328202,-2.6457705429667944,1.2539830065516981,14.715,7.972737269243332e-05,0.004689988384860993,-0.001266222559466645
3.5700000000000003,10.0,-7.0,0.0,9.997716467575845,-6.353947655386275,-0.4974388817533591,0.018829933394072428,-2.854360428513016,1.3430863678822575,0.009134129696643567,-2.584209378454933,1.2435972043833963,14.715,7.934538582160368e-05,0.004588207074709827,-0.0012812381012757396
3.575,10.0,-7.0,0.0,9.997352535174691,-6.369002784977251,-0.49327149679263965,0.02029604471476475,-2.788636918211215,1.3339101759129508,0.010589859301208687,-2.523988860091031,1.2331787419816107,14.715,7.889739824720621e-05,0.004488550474713006,-0.00129535097110401
3.58,10.0,-7.0,0.0,9.996993563560151,-6.38372976585353,-0.4890928316858846,0.021745926016112048,-2.7243407301805864,1.3246329079588968,0.012025745759354285,-2.4650809365859114,1.2227320792147056,14.715,7.838627462063165e-05,0.004390975409732512,-0.001308585912839722
3.585,10.0,-7.0,0.0,9.996639679857134,-6.3981354681012315,-0.4849046124314275,0.023178917317904887,-2.661442053075617,1.315260851716898,0.013441280571427665,-2.4074581275950777,1.2122615310785605,14.715,7.78148304406327e-05,0.0042954395721972625,-0.0013209672419666355
3.59,10.0,-7.0,0.0,9.99629100264608,-6.412226621929909,-0.4807085084732559,0.024594395200605072,-2.5999116816191075,1.3058001207369323,0.014835989415660519,-2.351093512280317,1.2017712711831574,14.715,7.718583026862657e-05,0.004201901497063216,-0.0013325188428321077
3.595,10.0,-7.0,0.0,9.995947642191084,-6.426009820474522,-0.476506134070658,0.02599177199903302,-2.539721004524112,1.2962566575099403,0.016209431235629613,-2.2959607181019357,1.19126533517664,14.715,7.650198627931845e-05,0.004110320551258912,-0.001343264166748624
3.6,10.0,-7.0,0.0,9.99560970066765,-6.4394915225410685,-0.4722990496429255,0.027370494986281135,-2.4808419925674423,1.2866362365692086,0.01756119732934593,-2.2420339098357176,1.1807476241072863,14.715,7.57659569352741e-05,0.0040206569122018575,-0.0013532262308742949
3.605,10.0,-7.0,0.0,9.995277272389753,-6.452678055297019,-0.46808876308920844,0.028730045548952823,-2.423247186971291,1.2769444675997719,0.018890910440990043,-2.189287778811963,1.1702219077230158,14.715,7.49803458772482e-05,0.003932871555484585,-0.0013624276178434652
3.61,10.0,-7.0,0.0,9.994950444035853,-6.465575616907748,-0.4638767310836609,0.030069938356174847,-2.366909687961624,1.2671867985504603,0.020198223856616796,-2.137697532368975,1.1596918277091315,14.715,7.414770095933495e-05,0.0038469262359914474,-0.0013708904760414177
3.615,10.0,-7.0,0.0,9.994629294873542,-6.4781902791200725,-0.4596643603460277,0.03138972052384286,-2.311803143597437,1.2573685187439785,0.021482820505864874,-2.087238883519661,1.1491609008650574,14.715,7.327051352033531e-05,0.0037627834746293233,-0.0013786365204754708
3.62,10.0,-7.0,0.0,9.994313896982595,-6.490527989794023,-0.4554530088878495,0.032688970776899404,-2.257901738790464,1.2474947619807477,0.02274441206956952,-2.0378880408239413,1.1386325222196274,14.715,7.235121767113044e-05,0.0036804065413097537,-0.0013856870342418195
3.625,10.0,-7.0,0.0,9.99400431547608,-6.502594575383931,-0.45124398723447723,0.03396729860931614,-2.2051801845690253,1.2375705096322407,0.023982738095720976,-1.989621698464292,1.1281099680862008,14.715,7.139218991931204e-05,0.0035997594413773007,-0.001392062870462648
3.63,10.0,-7.0,0.0,9.993700608719367,-6.514395743369872,-0.4470385596231081,0.03522434344608153,-2.1536137075366515,1.2276005937204437,0.025197565122547408,-1.942417026520479,1.1175963990577886,14.715,7.039574863287937e-05,0.003520806899807424,-0.001397784454709644
3.6350000000000002,10.0,-7.0,0.0,9.993402828546774,-6.525937084640523,-0.4428379451770668,0.03645977380438418,-2.10317803955742,1.2175896999799614,0.026388685812895125,-1.8962516614378655,1.1070948629426434,14.715,6.936415406818567e-05,0.0034435143478122126,-0.0014028717878516075
3.64,10.0,-7.0,0.0,9.99311102047567,-6.537224075828424,-0.43864331905657317,0.037673286461595276,-2.053849407633519,1.2075423708997277,0.02755591809736172,-1.8511036966863528,1.096608297641452,14.715,6.829960795751473e-05,0.0033678479079852102,-0.0014073444492640277
3.645,10.0,-7.0,0.0,9.992825223917835,-6.548262081598632,-0.43445581358624535,0.03886460562328686,-2.0056045239959475,1.1974630087417288,0.028699104328624745,-1.8069516736054718,1.086139533965625,14.715,6.720425374745655e-05,0.0032937743811627786,-0.0014112216004396796
3.65,10.0,-7.0,0.0,9.992545472387949,-6.559056356891747,-0.4302765193596036,0.04003348210017594,-1.958420576383764,1.1873558785338674,0.029818110448187263,-1.763774572432979,1.0756912983990359,14.715,6.608017654373959e-05,0.0032212612323439,-0.0014145219888338242
3.6550000000000002,10.0,-7.0,0.0,9.992271793709032,-6.56961204912222,-0.42610648632084513,0.04117969248937973,-1.9122752185253642,1.1772251110352887,0.030912825163911854,-1.7215518035111579,1.0652662158021295,14.715,6.492940332275691e-05,0.003150276577986597,-0.001417263952081858
3.66,10.0,-7.0,0.0,9.992004210214715,-6.579934200332891,-0.4219467248241718,0.04230303836341355,-1.867146560802052,1.1670747056714985,0.03198315914119285,-1.6802631986684822,1.0548668120604323,14.715,6.375390323037387e-05,0.0030807891726148235,-0.001419465422399347
3.665,10.0,-7.0,0.0,9.99174273894824,-6.590027749306639,-0.41779820667095935,0.04340334546781328,-1.8230131611037834,1.1569085334379687,0.03302904420705433,-1.639889002773488,1.044495516677405,14.715,6.255558788931935e-05,0.0030127683964225466,-0.0014211439312573591
3.67,10.0,-7.0,0.0,9.991487391858064,-6.599897533636024,-0.413661866125063,0.04448046292715665,-1.779854015862786,1.146730339770259,0.034050432567784526,-1.6004098654558654,1.034154665312652,14.715,6.133631184600287e-05,0.002946184242641756,-0.001422316614239351
3.6750000000000003,10.0,-7.0,0.0,9.991238175989988,-6.609548291751778,-0.40953860090656097,0.04553426246115063,-1.7376485512684243,1.1365437473793527,0.03504729604000497,-1.5618068329928392,1.0238465022663803,14.715,6.009787299960752e-05,0.00288100730546606,-0.0014230002160764608
3.68,10.0,-7.0,0.0,9.990995093675739,-6.6189846649109905,-0.4054292731642416,0.04656463761021896,-1.6963766146553496,1.1263522590509294,0.03601962529700622,-1.5240613403560508,1.013573182910615,14.715,5.88420132564889e-05,0.0028172087680684577,-0.0014232110958507416
3.685,10.0,-7.0,0.0,9.990758142717933,-6.628211199145797,-0.4013347104271436,0.047571502973522396,-1.6560184660635702,1.1161592604073747,0.03696742912821297,-1.4871552034168083,1.0033367760678726,14.715,5.757041895937208e-05,0.002754760390914722,-0.0014229652323380943
3.69,10.0,-7.0,0.0,9.99052731657136,-6.637232347173367,-0.39725570653546344,0.04855479345590749,-1.6165547699662035,1.1059680226315216,0.037890733714526476,-1.4510706113065468,0.993139266338628,14.715,5.628472174654178e-05,0.002693634500263732,-0.0014222782294470322
3.6950000000000003,10.0,-7.0,0.0,9.990302604520547,-6.646052470268005,-0.3931930225511463,0.04951446352968039,-1.5779665871622195,1.0957817051514398,0.038789581917814064,-1.4157901189280209,0.9829825563778909,14.715,5.49864990386329e-05,0.0026338039770251276,-0.001421165321782097
3.7,10.0,-7.0,0.0,9.990083991853577,-6.654675840096081,-0.3891473876484772,0.05045048650562387,-1.5402353668290476,1.0856033582853815,0.039664032585665344,-1.3812966396157045,0.972868469121213,14.715,5.367727495863256e-05,0.002575242245650265,-0.0014196413803098627
3.705,10.0,-7.0,0.0,9.9898714600321,-6.663106640514589,-0.38511949998499406,0.05136285381922949,-1.5033429387345634,1.0754359258461463,0.0405141598716186,-1.3475734379416309,0.9627987499624776,14.715,5.2358520985249336e-05,0.002517923263444728,-0.0014177209180283893
3.71,10.0,-7.0,0.0,9.98966498685757,-6.671348969334031,-0.381110027553042,0.05225157432810595,-1.4672715056024042,1.0652822477048414,0.04134005256973788,-1.3146041226639245,0.9527750688825807,14.715,5.103165680586708e-05,0.002461821509928055,-0.0014154180957757468
3.715,10.0,-7.0,0.0,9.989464546633629,-6.67940684004636,-0.377119609012291,0.053116673623215954,-1.432003635629929,1.055145062313042,0.04214181346547448,-1.2823726398145643,0.9427990225307227,14.715,4.9698051183694826e-05,0.002406911976581137,-0.0014127467280298917
3.72,10.0,-7.0,0.0,9.989270110324712,-6.687284183518673,-0.37314885450353685,0.05395819335395064,-1.397522255153262,1.0450270091834135,0.04291955870118448,-1.2508632659252623,0.9328721362588182,14.715,4.8359022763955064e-05,0.0023531701565547253,-0.0014097202887653965
3.725,10.0,-7.0,0.0,9.989081645710787,-6.694984849653348,-0.3691983464441084,0.054776190565986004,-1.3638106414599624,1.034930631328386,0.043673417156811147,-1.220060601386565,0.9229958661102969,14.715,4.701584100044731e-05,0.0023005720349103136,-0.0014063519173064564
3.73,10.0,-7.0,0.0,9.9888991175383,-6.702512609015297,-0.3652686403051996,0.0555707370534745,-1.3308524157416923,1.024858377656912,0.04440352984674993,-1.1899495639388624,0.9131716007629778,14.715,4.566972709313502e-05,0.0022490940787170833,-0.0014026544242444006
3.735,10.0,-7.0,0.0,9.988722487667337,-6.709871154426972,-0.3613602653714457,0.056341918725569415,-1.2986315361889296,1.0148126053288424,0.04511004933065714,-1.1605153822921437,0.9034006634286226,14.715,4.432185481307637e-05,0.0021987132276493414,-0.0013986402972724107
3.74,10.0,-7.0,0.0,9.988551715214957,-6.717064102531799,-0.357473725483062,0.05708983498551808,-1.2671322912205507,1.0047955820675134,0.04579313914013582,-1.1317435898727726,0.893684313707645,14.715,4.297335156629185e-05,0.002149406884476175,-0.00139432170712819
3.745,10.0,-7.0,0.0,9.988386756694803,-6.724094995326635,-0.3536094997608601,0.05781459812560606,-1.2363392928498185,0.9948094884297733,0.04645297322079017,-1.1036200186934138,0.8840237494021544,14.715,4.1625299269932385e-05,0.0021011529060600107,-0.001389710513402381
3.75,10.0,-7.0,0.0,9.98822756615296,-6.730967301663898,-0.3497680433144569,0.05851633273513251,-1.2062374701794736,0.9848564200344088,0.04708973538812168,-1.0761307933443789,0.8744201082861247,14.715,4.0278735305491106e-05,0.0020539295942387063,-0.0013848182704332991
3.755,10.0,-7.0,0.0,9.988074095300112,-6.7376844187239335,-0.3459497879339867,0.05919517512239784,-1.1768120630275942,0.9749383897483546,0.047703618799506145,-1.0492623251042579,0.8648744698349803,14.715,3.893465357189068e-05,0.0020077156871066166,-0.0013796562330907376
3.7600000000000002,10.0,-7.0,0.0,9.987926293640026,-6.744249673458245,-0.3421551427656262,0.05985127275202012,-1.1480486156784968,0.9650573298314774,0.04829482543991073,-1.0230013061669836,0.855387856914089,14.715,3.75940053356543e-05,0.0019624903503242127,-0.0013742353625980082
3.765,10.0,-7.0,0.0,9.9877841085944,-6.7506663240041425,-0.33838449497124007,0.06048478369456741,-1.1199329707582624,0.9552150940396653,0.04886356562236874,-0.9973347039833947,0.8459612374280704,14.715,3.625770031887605e-05,0.0019182331686928965,-0.0013685663322545122
3.77,10.0,-7.0,0.0,9.987647485624137,-6.756937561071379,-0.3346382103724489,0.06109587609181363,-1.092451263231081,0.94541345968693,0.04941005750341578,-0.9722497557144513,0.8365955259311105,14.715,3.4926607628387456e-05,0.0018749241378598844,-0.0013626595331503748
3.775,10.0,-7.0,0.0,9.987516368347046,-6.763066509301342,-0.3309166340794218,0.061684727635251395,-1.065589914514545,0.9356541296665821,0.04993452661185876,-0.947733962794674,0.827291585198538,14.715,3.360155672153978e-05,0.0018325436561684783,-0.001356525079848163
3.7800000000000002,10.0,-7.0,0.0,9.987390698652058,-6.769056228599318,-0.32722009110469114,0.062251525058301574,-1.039335626711799,0.9259387344317138,0.05043720539179379,-0.9237750856027559,0.8180502277617591,14.715,3.2283338405525847e-05,0.0017910725167391175,-0.0013501728159550188
3.785,10.0,-7.0,0.0,9.98727041680998,-6.774909715440389,-0.32354888696228307,0.06279646364262134,-1.0136753769572353,0.9162688339357744,0.05091833276007655,-0.9003611382384302,0.808872217405727,14.715,3.097270583461288e-05,0.0017504918995762055,-0.001343612319715377
3.79,10.0,-7.0,0.0,9.987155461580855,-6.780629904149457,-0.31990330825245494,0.06331974673840822,-0.9885964118753561,0.9066459195330901,0.051378153676616606,-0.8774803834021332,0.7997582706311063,14.715,2.9670375413016146e-05,0.0017107833640189931,-0.0013368529094710405
3.795,10.0,-7.0,0.0,9.987045770317954,-6.786219668155925,-0.3162836232323281,0.06382158529728171,-0.9640862421478714,0.8970714158402806,0.051816918728208206,-0.8551213273763435,0.790709058080815,14.715,2.8377027817199007e-05,0.0016719288411374102,-0.0013299036491174765
3.8000000000000003,10.0,-7.0,0.0,9.986941279068482,-6.791681821223525,-0.3126900823726978,0.06430219741939189,-0.9401326371898091,0.8875466825585958,0.05223488372610104,-0.8332727151059514,0.7817252059317723,14.715,2.709330894093384e-05,0.0016339106264806633,-0.0013227733534809318
3.805,10.0,-7.0,0.0,9.98684192267104,-6.7970191186557765,-0.30912291890130245,0.06476180791359173,-0.9167236199295832,0.8780730162577428,0.05263230931588615,-0.8119235253769442,0.7728072972532491,14.715,2.5819830813797826e-05,0.0015967113727280078,-0.00131547059360459
3.81,10.0,-7.0,0.0,9.986747634849898,-6.802234258477569,-0.305582349332827,0.06520064787024182,-0.8938474616944104,0.8686516521218537,0.05300946060040935,-0.7910629660897467,0.7639558733320789,14.715,2.4557172581644324e-05,0.0015603140827831286,-0.0013080037019875359
3.815,10.0,-7.0,0.0,9.986658348306136,-6.80732988259333,-0.30206857398591386,0.06561895424748741,-0.8714926771947181,0.8592837656579321,0.05336660677550865,-0.7706804696267044,0.755171434964789,14.715,2.33058814255985e-05,0.0015247021026843905,-0.0013003807777761318
3.8200000000000003,10.0,-7.0,0.0,9.986573994805715,-6.8123085779222405,-0.2985817774874494,0.06601696947008509,-0.8496480196101748,0.8499704743671181,0.053704020777150814,-0.750765688311066,0.746454443718627,14.715,2.2066473435383997e-05,0.0014898591149581461,-0.00129260969182686
3.825,10.0,-7.0,0.0,9.986494505264542,-6.817172877510937,-0.2951221292643917,0.06639494104008581,-0.8283024757709888,0.840712839379695,0.05402197894179902,-0.7313084899562422,0.7378053231609732,14.715,2.083943462872098e-05,0.0014557691318246829,-0.0012846980917552424
3.83,10.0,-7.0,0.0,9.986419809830569,-6.821925261624173,-0.29168978402339846,0.06675312116143176,-0.8074452614365846,0.8315118670539342,0.05432076067777247,-0.7122989535033063,0.7292244600584723,14.715,1.962522171175533e-05,0.0014224164887745854,-0.001276653406871101
3.835,10.0,-7.0,0.0,9.986349837963004,-6.826568158813832,-0.2882848822185145,0.06709176637472637,-0.7870658166663422,0.8223685105395953,0.054600648148005186,-0.6937273647447,0.7207122055462695,14.715,1.8424263059132984e-05,0.0013897858381021128,-0.001268482853058093
3.84,10.0,-7.0,0.0,9.986284518508707,-6.8311039469667545,-0.28490755050716915,0.06741113720529553,-0.7671538012830117,0.8132836713064775,0.0548619259652216,-0.6755842121330257,0.7122688762679209,14.715,1.7236959578429264e-05,0.001357862142665337,-0.0012601934375762744
3.845,10.0,-7.0,0.0,9.98622377977577,-6.835534954331761,-0.2815579021947338,0.06771149782285858,-0.7476990904255517,0.804258200638577,0.055104880896882924,-0.6578601826729912,0.7038947554868072,14.715,1.606368549364808e-05,0.001326630669703734,-0.001251791963780896
3.85,10.0,-7.0,0.0,9.986167549604426,-6.839863460526315,-0.2782360376678839,0.06799311571162825,-0.7286917701905608,0.7952929010944473,0.05532980158234671,-0.6405461578947768,0.6955900941696845,14.715,1.4904789334536006e-05,0.0012960769848354052,-0.0012432850357643823
3.855,10.0,-7.0,0.0,9.986115755435295,-6.844091697523186,-0.27494204481700635,0.0682562613537681,-0.710122133359728,0.7863885279343134,0.05553697825877941,-0.6236332099072974,0.6873551120425012,14.715,1.3760594535529151e-05,0.00126618694612166,-0.0012346790629414856
3.86,10.0,-7.0,0.0,9.986068324375017,-6.848221850617538,-0.2716759994478886,0.0685012079205998,-0.6919806752123314,0.777545790514349,0.0557267024998929,-0.607112597529834,0.6791899986197529,14.715,1.2631400589860288e-05,0.0012369466982854959,-0.0012259802645258502
3.865,10.0,-7.0,0.0,9.986025183259388,-6.852256059374809,-0.26843796568292294,0.06872823097949786,-0.6742580894205772,0.7687653536488912,0.05589926696241608,-0.5909757625008123,0.6710949142073115,14.715,1.1517483435384145e-05,0.0012083426669921371,-0.0012171946739624644
3.87,10.0,-7.0,0.0,9.985986258713996,-6.856196418559759,-0.2652279963520537,0.06893760820545548,-0.6569452640268852,0.7600478389409098,0.056054965143965636,-0.5752143257609814,0.6630699908801273,14.715,1.0419096663400862e-05,0.001180361553361605,-0.0012083281432415185
3.875,10.0,-7.0,0.0,9.98595147721246,-6.860044979047063,-0.26204613337369326,0.06912961910910037,-0.6400332774997969,0.7513938260815824,0.056194091150178496,-0.5598200838117038,0.6551153334342329,14.715,9.336471932151075e-06,0.0011529903283571047,-0.0011993863471907572
3.88,10.0,-7.0,0.0,9.985920765132313,-6.863803748713805,-0.25889240812582653,0.0693045447697605,-0.6235133948702768,0.7428038541191271,0.05631693947069908,-0.5447850051447954,0.6472310203145746,14.715,8.269819972643436e-06,0.0011262162275948954,-0.0011903747876407277
3.8850000000000002,10.0,-7.0,0.0,9.985894048808591,-6.867474693314225,-0.2557668418075218,0.06946266758205867,-0.6073770639423713,0.7342784226978026,0.05642380476564952,-0.530101226743102,0.6394171045187986,14.715,7.219331212704895e-06,0.0011000267459762652,-0.00118129879754075
3.89,10.0,-7.0,0.0,9.98587125458518,-6.871059737337078,-0.25266944579106015,0.0696042710105633,-0.5916159115807669,0.7258179932674321,0.056514981659326155,-0.5157610506517073,0.6316736144776288,14.715,6.185176489579766e-06,0.0010744096325641123,-0.0011721635449884681
3.895,10.0,-7.0,0.0,9.985852308864008,-6.87456076484593,-0.24960022196489304,0.06972963935376107,-0.5762217400717415,0.7174229902640655,0.05659076454397211,-0.5017569406163167,0.6240005549122168,14.715,5.167507852115827e-06,0.0010493528855764181,-0.0011629740371923631
3.9,10.0,-7.0,0.0,9.98583713815208,-6.877979620302737,-0.24655916306763284,0.06983905751863403,-0.5611865235558349,0.709093802262264,0.05665144739169191,-0.4880815187890167,0.6163979076691017,14.715,4.166459163767425e-06,0.0010248447473735708,-0.0011537351243528162
3.9050000000000002,10.0,-7.0,0.0,9.98582566910648,-6.881318109375025,-0.243546253013278,0.06993281080298819,-0.5465024045323182,0.7008307830995868,0.05669732357410138,-0.47472756249988396,0.6088656325332228,14.715,3.18214682078821e-06,0.001000873699635565,-0.0011444515034727332
3.91,10.0,-7.0,0.0,9.985817828577355,-6.884577999727009,-0.2405614672078709,0.07001118468718545,-0.5321616904327465,0.6926342529737881,0.05672868569052677,-0.46168800109200364,0.6014036680196871,14.715,2.2146704146016574e-06,0.0009774284586345165,-0.0011351277220847725
3.915,10.0,-7.0,0.0,9.98581354364894,-6.887761021794943,-0.23760477285778114,0.07007446463448212,-0.5181568502622224,0.6845044995133186,0.05674582540424437,-0.44895591282019887,0.5940119321444819,14.715,1.264113396984908e-06,0.0009544979705043497,-0.0011257681819191842
3.92,10.0,-7.0,0.0,9.985812741678686,-6.890868869547021,-0.23467612926980583,0.07012293590001818,-0.5044805113084102,0.676441778821558,0.056749033285233876,-0.43652452181194734,0.5866903231745122,14.715,3.3054362988507767e-07,0.0009320714066906618,-0.001116377142501585
3.9250000000000003,10.0,-7.0,0.0,9.985815350334555,-6.893903201228143,-0.23177548814327253,0.07015688334680999,-0.49112545591572004,0.668446316495281,0.056738598661786446,-0.4243871950874306,0.5794387203581748,14.715,-5.859858405500203e-07,0.0009101381595384687,-0.001106958724647776
3.93,10.0,-7.0,0.0,9.9858212976305,-6.896865640089816,-0.22890279385432827,0.07017659127196368,-0.47808461832268107,0.6605183086180932,0.05671480947801583,-0.41253743964075174,0.5722569846358303,14.715,-1.4854363844156103e-06,0.0008886878377284569,-0.001097516913938781
3.935,10.0,-7.0,0.0,9.98583051196022,-6.8997577751055035,-0.22605798373259353,0.0701823432377524,-0.46535108156467564,0.6526579227289789,0.05667795215910466,-0.4009688995779451,0.5651449593315107,14.715,-2.3677829936191545e-06,0.0008677102621866677,-0.0010880555640799907
3.94,10.0,-7.0,0.0,9.98584292212923,-6.902581161671707,-0.2232409883303578,0.07017442191322071,-0.4529180744352494,0.6448652987667902,0.05662831148306443,-0.3896753533132028,0.5581024708259237,14.715,-3.233013889759103e-06,0.000847195461612705,-0.0010785784002158305
3.9450000000000003,10.0,-7.0,0.0,9.985858457385266,-6.905337322295041,-0.22045173168448834,0.07015310892056223,-0.44077896851146103,0.6371405499909978,0.05656617045890759,-0.37865071081985757,0.5511293292112026,14.715,-4.081129833519734e-06,0.0008271336686074468,-0.0010690890221703297
3.95,10.0,-7.0,0.0,9.985877047447136,-6.908027747265597,-0.21769013157122147,0.07011868469055428,-0.42892727523468177,0.6294837638792318,0.05649181021143511,-0.367889010937649,0.5442253289280349,14.715,-4.9121436736617744e-06,0.0008075153153062482,-0.0010595909076127734
3.955,10.0,-7.0,0.0,9.985898622531995,-6.910653895316857,-0.21495609975400182,0.07007142832362767,-0.4173566430539287,0.6218950030021507,0.05640550987202894,-0.3573844187326086,0.5373902493849795,14.715,-5.726079756100027e-06,0.0007883310297099037,-0.0010500874151841177
3.96,10.0,-7.0,0.0,9.985923113381142,-6.913217194272414,-0.212249542224532,0.07001161745858525,-0.40606085462173425,0.6143743058759193,0.05630754647544939,-0.3471312229103786,0.5306238555613092,14.715,-6.5229734596802535e-06,0.0007695716314871665,-0.0010405817875143982
3.9650000000000003,10.0,-7.0,0.0,9.985950451284378,-6.9157190416797665,-0.20957035943719127,0.06993952814716523,-0.3950338240501207,0.6069216877930751,0.05619819486243381,-0.3371238332809276,0.5239258985929965,14.715,-7.302870657156769e-06,0.000751228128397791,-0.001031077154215878
3.97,10.0,-7.0,0.0,9.985980568102942,-6.918160805431447,-0.2069184465369793,0.06985543473553128,-0.38426959421779094,0.5995371416319588,0.056077727588198414,-0.3273567782742581,0.5172961163424774,14.715,-8.06582724211199e-06,0.0007332917123187282,-0.001021576534794895
3.975,10.0,-7.0,0.0,9.986013396291098,-6.920543824373706,-0.20429369358113716,0.06975960975175649,-0.3737623341342184,0.5922206386452905,0.055946414835621835,-0.3178247025051698,0.510734233952832,14.715,-8.811908694779076e-06,0.0007157537557804425,-0.0010120828414944812
3.98,10.0,-7.0,0.0,9.986048868916416,-6.922869408903031,-0.2016959857545953,0.06965232379875518,-0.3635063363533286,0.5849721292283853,0.055804524334331834,-0.30852236438789477,0.5042399643865064,14.715,-9.541189555567193e-06,0.0006986058081136263,-0.0010025988820858288
3.985,10.0,-7.0,0.0,9.98608691967878,-6.925138841550712,-0.19912520357939414,0.0695338454539969,-0.35349601444235235,0.5777915436673787,0.055652321284880846,-0.299444633797143,0.4978130089485141,14.715,-1.0253753032579184e-05,0.0006818395921909717,-0.0009931273626160675
3.99,10.0,-7.0,0.0,9.986127482928149,-6.927353377555705,-0.19658122311822154,0.06940444117409524,-0.34372590049732615,0.5706787928677712,0.05549006828739983,-0.29058648977718665,0.491453057795579,14.715,-1.0949690555576464e-05,0.0006654470006621107,-0.0009836708900477851
3.995,10.0,-7.0,0.0,9.986170493681161,-6.929514245426008,-0.1940639161722064,0.06926437520505074,-0.3341906427124992,0.5636337690640693,0.055318025275340896,-0.28194301829593094,0.48515979043052126,14.715,-1.162910134873213e-05,0.0006494200928466999,-0.0009742319748918879
4.0,10.0,-7.0,0.0,9.986215887636574,-6.9316226474887905,-0.1915731504731063,0.06911390949789194,-0.3248850029942195,0.5566563465105693,0.05513644945369825,-0.2735094100448861,0.4789328761827751,14.715,-1.2292092037797922e-05,0.0006337510911111236,-0.0009648130337500122
4.005,10.0,-7.0,0.0,9.986263601189588,-6.933679760429491,-0.18910878987002333,0.06895330362923352,-0.31580385462669486,0.5497463821539332,0.05494559524160552,-0.2652809582820896,0.4727719746750398,14.715,-1.29387762498039e-05,0.0006184323779051494,-0.0009554163918217011
4.01,10.0,-7.0,0.0,9.986313571445127,-6.935686735820091,-0.1866706945107797,0.068782814726872,-0.3069421799801753,0.5429037162878081,0.05474571421951314,-0.25725305671960735,0.4666767362769543,14.715,-1.3569274217552772e-05,0.0006034564922331327,-0.000946044285327712
4.015,10.0,-7.0,0.0,9.986365736230056,-6.9376447006367945,-0.18425872101808197,0.06860269740036273,-0.29829506826965696,0.5361281731900895,0.05453705507972429,-0.24942119745286537,0.460646802545222,14.715,-1.4183712470466306e-05,0.0005888161268042515,-0.0009366988639214588
4.0200000000000005,10.0,-7.0,0.0,9.986420034104432,-6.939554757767312,-0.18187272266060017,0.06841320367535454,-0.2898577133543794,0.5294195617429147,0.05431986358222346,-0.24178096893079426,0.454681806651523,14.715,-1.4782223346615128e-05,0.0005745041247707305,-0.0009273821929962861
4.025,10.0,-7.0,0.0,9.986476404371778,-6.941417986507947,-0.17951254951908432,0.06821458293425624,-0.28162541158401866,0.5227776760361305,0.054094382512845686,-0.23432805396821157,0.44878137379770333,14.715,-1.5364944842669992e-05,0.0005605134767625912,-0.000918096255983513
4.03,10.0,-7.0,0.0,9.986534787088438,-6.9432354430507,-0.17717804864764014,0.06800708185840769,-0.2735935596873287,0.5162022959543032,0.053860851646229516,-0.22705822779718507,0.44294512161906946,14.715,-1.593202005732156e-05,0.0005468373179419918,-0.0009088429565680454
4.035,10.0,-7.0,0.0,9.986595123072034,-6.945008160960579,-0.17486906423028103,0.06779094437759169,-0.2657576527029496,0.5096931877478607,0.053619507711823236,-0.21996735615768206,0.43717266057572374,14.715,-1.6483597074548594e-05,0.0005334689250848866,-0.0008996241208744837
4.04,10.0,-7.0,0.0,9.986657353909086,-6.9467371516433065,-0.17258543773287244,0.06756641162059907,-0.2581132819519924,0.5032501045885763,0.053370584363656846,-0.2130513934267926,0.4314635943321953,14.715,-1.7019828464122334e-05,0.0005204017137389667,-0.000890441499601216
4.045,10.0,-7.0,0.0,9.986721421961779,-6.9484234048036155,-0.17032700805058132,0.06733372187234286,-0.2506561330513064,0.4968727871097701,0.053114312152862095,-0.20630638078550864,0.4258175201264482,14.715,-1.7540871162883274e-05,0.0005076292354378544,-0.0008812967700724385
4.05,10.0,-7.0,0.0,9.98678727037396,-6.950067888894322,-0.16809361165094167,0.06709311053208034,-0.24338198396662483,0.49056096393181237,0.05285091850416182,-0.19972844442275392,0.4202340291273757,14.715,-1.804688598625458e-05,0.0004951451749417212,-0.0008721915382959043
4.055,10.0,-7.0,0.0,9.986854843076358,-6.951671551556355,-0.16588508271264346,0.06684481007805179,-0.23628670310520902,0.4843143521728901,0.052580627694598384,-0.19331379377462887,0.4147127067816077,14.715,-1.8538037552656434e-05,0.0004829433476383085,-0.0008631273409414683
4.0600000000000005,10.0,-7.0,0.0,9.986924084791077,-6.953235320049913,-0.16370125326015145,0.06658905003263506,-0.2293662474456946,0.4781326579456031,0.05230366083572257,-0.18705871980039723,0.4092531331503955,14.715,-1.901449381484905e-05,0.00047101769677165926,-0.0008541056472589455
4.065,10.0,-7.0,0.0,9.986994941035382,-6.954760101676938,-0.1615419532942571,0.06632605693365828,-0.22261666070760708,0.47201557683982476,0.052020235858428715,-0.18095959329226308,0.4038548832356185,14.715,-1.9476425963793532e-05,0.0004593622910395916,-0.0008451278610031206
4.07,10.0,-7.0,0.0,9.987067358124815,-6.956246784195066,-0.15940701091866447,0.06605605430654764,-0.2160340715552657,0.46596279439177507,0.051730567500741356,-0.1750128632197521,0.3985175272966308,14.715,-1.9924008025976135e-05,0.000447971321898733,-0.0008361953222436868
4.075,10.0,-7.0,0.0,9.987141283175644,-6.957696236223224,-0.1572962524627094,0.06577926264171348,-0.20961469184026402,0.4599739865401319,0.05143486729743391,-0.16921505510706894,0.3932406311568034,14.715,-2.0357416787168995e-05,0.0004368391012516854,-0.0008273093092031371
4.08,10.0,-7.0,0.0,9.987216664106723,-6.959109307639046,-0.1552095026003082,0.06549589937251102,-0.20335481487705434,0.454048820068979,0.0511333435731078,-0.16356276944383763,0.38802375650077875,14.715,-2.0776831363436934e-05,0.00042596005885068476,-0.0008184710400066517
4.085,10.0,-7.0,0.0,9.987293449640722,-6.960486829968257,-0.1531465844652311,0.06520617885884072,-0.19725081375569686,0.448186953038221,0.050826201437103535,-0.15805268012698606,0.3828664611630742,14.715,-2.1182433161558266e-05,0.00041532874011437275,-0.000809681674381935
4.09,10.0,-7.0,0.0,9.987371589304813,-6.961829616766199,-0.1511073197627922,0.06491031237082241,-0.1912991396858566,0.4423880352018247,0.05051364278075275,-0.15268153293519923,0.377768299406953,14.715,-2.1574405508974246e-05,0.00040493980357194335,-0.0008009423153731547
4.095,10.0,-7.0,0.0,9.98745103343079,-6.963138463991636,-0.14909152887804644,0.06460850807728862,-0.18549632037738567,0.4366517084137849,0.05019586627686929,-0.1474461440334988,0.3727288221950898,14.715,-2.195293356227593e-05,0.0003947880187987216,-0.0007922540109514161
4.1,10.0,-7.0,0.0,9.98753173315468,-6.964414150373009,-0.14709903098058233,0.06430097103511907,-0.17983895845045217,0.43097760702255644,0.04987306738127588,-0.14234339850794878,0.36774757745145703,14.715,-2.2318204014499446e-05,0.0003848682640078715,-0.0007836177556312667
4.105,10.0,-7.0,0.0,9.987613640415853,-6.965657437767277,-0.14512964412599627,0.06398790318230975,-0.17432372988014125,0.42536535825390825,0.04954543833656991,-0.13737024893089475,0.36282411031500644,14.715,-2.2670404958190748e-05,0.0003751755239308178,-0.0007750344920245624
4.11,10.0,-7.0,0.0,9.987696707955644,-6.966869071511494,-0.1431831853541334,0.06366950333255657,-0.16894738247139374,0.41981458258264914,0.04921316817741587,-0.132523713953988,0.35795796338533487,14.715,-2.300972567712664e-05,0.00036570488768111634,-0.0007665051123625142
4.115,10.0,-7.0,0.0,9.98778088931554,-6.9680497807672745,-0.14125947078417692,0.06334596717238687,-0.16370673436451919,0.4143248940934525,0.04887644273787336,-0.1278008769309292,0.3531486769604625,14.715,-2.333635647262624e-05,0.0003564515465541839,-0.0007580304599822566
4.12,10.0,-7.0,0.0,9.987866138834912,-6.9692002788582705,-0.1393583157066669,0.06301748726035429,-0.15859867257220273,0.40889590083103455,0.04853544466035351,-0.12319888456687768,0.34839578926665987,14.715,-2.3650488494616562e-05,0.00034741079210735945,-0.0007496113307888725
4.125,10.0,-7.0,0.0,9.987952411648351,-6.970321263600819,-0.13747953467252697,0.06268425302823949,-0.15362015154399064,0.4035272051398611,0.048190353406611014,-0.11871494559676538,0.34369883668134105,14.715,-2.395231355015872e-05,0.0003385780139166874,-0.0007412484746454866
4.13,10.0,-7.0,0.0,9.9880396636826,-6.971413417627875,-0.1356229415791765,0.062346450784590564,-0.1487681917628859,0.3982184039938991,0.047841345269652086,-0.11434632948854671,0.33905735394794195,14.715,-2.4242024008087794e-05,0.00032994869787779266,-0.000732942596788783
4.135,10.0,-7.0,0.0,9.988127851653115,-6.972477408706382,-0.1337883497538028,0.062004263719236674,-0.1440398783662596,0.39296908931622954,0.047488593387576244,-0.1100903651744371,0.3344708743845011,14.715,-2.4519812572554714e-05,0.00032151842392339765,-0.0007246943591354116
4.14,10.0,-7.0,0.0,9.98821693306027,-6.9735138900481966,-0.13197557203386723,0.06165787191066296,-0.13943235979943622,0.38777884828930487,0.047132267758944774,-0.10594443980718884,0.3299389300846708,14.715,-2.4785872190629863e-05,0.0003132828644215363,-0.0007165043816301365
4.1450000000000005,10.0,-7.0,0.0,9.988306866185225,-6.974523500614699,-0.1301844208449173,0.06130745233433667,-0.1349428464922012,0.3826472636555502,0.04677253525906515,-0.10190599754120079,0.3254610521123031,14.715,-2.504039589929975e-05,0.0003052377820859835,-0.0007083732435071023
4.15,10.0,-7.0,0.0,9.988397610085471,-6.975506865415215,-0.12841470827577395,0.06095317887286242,-0.13056860956521948,0.3775739140089314,0.046409559658107474,-0.09797253833917423,0.3210367706894211,14.715,-2.5283576670557553e-05,0.0002973790282665892,-0.0007003014845456544
4.155,10.0,-7.0,0.0,9.988489124590078,-6.976464595799381,-0.12666624615116395,0.060595222328003594,-0.12630697956092315,0.3725583740775299,0.04604350163972981,-0.09414161680248298,0.31666561537789184,14.715,-2.551560734694513e-05,0.0002897025410835046,-0.0006922896062827816
4.16,10.0,-7.0,0.0,9.98858137029465,-6.977397289743547,-0.12493884610186295,0.06023375043328378,-0.12215534520110474,0.36760021499743284,0.045674518821433724,-0.09041084102576663,0.31234711525467496,14.715,-2.5736680436501674e-05,0.0002822043436904205,-0.0006843380732103728
4.165,10.0,-7.0,0.0,9.988674308556003,-6.978305532131372,-0.12323231963241561,0.059868927869191374,-0.11811115216936859,0.36269900457804916,0.045302765775937635,-0.08677787147452548,0.3080807990810284,14.715,-2.594698806742666e-05,0.00027488054254374113,-0.0006764473139314028
4.17,10.0,-7.0,0.0,9.988767901486613,-6.979189895028689,-0.12154647818649648,0.05950091627870882,-0.11417190191835604,0.3578543075591454,0.04492839405356788,-0.08324041988520837,0.3038661954662431,14.715,-2.614672182182678e-05,0.0002677273257354698,-0.0006686177222712753
4.175,10.0,-7.0,0.0,9.988862111948782,-6.980050937952795,-0.11988113320997354,0.05912987428490726,-0.11033515050083181,0.3530656858599211,0.04455155220485343,-0.07979624818881131,0.2997028330249532,14.715,-2.6336072726058696e-05,0.00026074096124129015,-0.0006608496584096393
4.18,10.0,-7.0,0.0,9.988956903548619,-6.9808892081362295,-0.11823609621173586,0.05875595750837243,-0.10659850742584702,0.3483326988199793,0.044172385805563145,-0.07644316745503495,0.2955902405293578,14.715,-2.6515230979409006e-05,0.00025391779545228557,-0.0006531434499268257
4.1850000000000005,10.0,-7.0,0.0,9.989052240629773,-6.981705240785195,-0.11661117882234491,0.058379318588218265,-0.10295963453591638,0.34365490343280164,0.043791037480928954,-0.07317903685924051,0.291527947055844,14.715,-2.668438609888852e-05,0.00024725425137434026,-0.0006454993928611952
4.19,10.0,-7.0,0.0,9.989148088266997,-6.982499559332699,-0.11500619285056725,0.05800010720073622,-0.09941624490997002,0.3390318545716512,0.04340764693200624,-0.07000176266925233,0.2875154821263948,14.715,-2.684372655682352e-05,0.00024074682730570372,-0.0006379177527217764
4.195,10.0,-7.0,0.0,9.989244412259497,-6.983272675686533,-0.11342095033784556,0.057618470082953684,-0.09596610178523139,0.3344631052082227,0.04302235096203428,-0.0669092972538389,0.2835523758445892,14.715,-2.699343995739846e-05,0.00023439209505131848,-0.0006303987654933116
4.2,10.0,-7.0,0.0,9.989341179124125,-6.984025090472185,-0.1118552636107635,0.057234551053389524,-0.09260701750465683,0.3299482066240947,0.042635283503509175,-0.06389963811124434,0.279638159026896,14.715,-2.7133712747774523e-05,0.00022818669863322756,-0.0006229426385890165
4.205,10.0,-7.0,0.0,9.989438356088401,-6.9847572932708015,-0.1103089453315587,0.05684849103668123,-0.08933685248283149,0.32548670861535794,0.042246575646376225,-0.06097082691675217,0.2757723633288777,14.715,-2.7264730278067434e-05,0.0002221273527023348,-0.0006155495518048763
4.21,10.0,-7.0,0.0,9.989535911083397,-6.9854697628522695,-0.1087818085467361,0.05646042808709435,-0.0861535141945999,0.3210781596904093,0.041856355666425954,-0.05812094859091004,0.2719545213668153,14.715,-2.738667664363121e-05,0.00021621084111479914,-0.0006082196582286319
4.215,10.0,-7.0,0.0,9.989633812736455,-6.986162967403552,-0.1072736667338338,0.05607049741403985,-0.08305495618407324,0.31672210726123556,0.04146474905419898,-0.05534813038576907,0.2681841668345617,14.715,-2.7499734689384615e-05,0.00021043401556742998,-0.0006009530851426766
4.22,10.0,-7.0,0.0,9.989732030363804,-6.986837364752335,-0.10578433384639159,0.05567883140728553,-0.08003917709316873,0.3124180978282304,0.041071878544806914,-0.052650540990664546,0.2644608346160061,14.715,-2.7604085862113096e-05,0.0002047937941206066,-0.0005937499348896292
4.225,10.0,-7.0,0.0,9.989830533963042,-6.987493402586117,-0.10431362435717116,0.05528555966404635,-0.07710421971129262,0.3081656771588125,0.04067786414785499,-0.050026389655502386,0.2607840608929584,14.715,-2.7699910238645044e-05,0.0001992871599633007,-0.0005866102857315773
4.23,10.0,-7.0,0.0,9.989929294205512,-6.988131518666786,-0.10286135329967629,0.05489080901544117,-0.07424817004269928,0.30396439045988966,0.04028282317797542,-0.047473925332874485,0.25715338324921716,14.715,-2.778738638741934e-05,0.0001939111599294029,-0.0005795341926566707
4.235,10.0,-7.0,0.0,9.990028282428582,-6.988752141040831,-0.1014273363080197,0.054494703554709305,-0.07146915639508901,0.29981378254454605,0.03988687028566602,-0.044991435836662055,0.2535683407700571,14.715,-2.7866691385500904e-05,0.0001886629033841631,-0.0005725216882062829
4.24,10.0,-7.0,0.0,9.990127470627828,-6.989355688245221,-0.10001138965518207,0.05409736466496684,-0.06876534848414377,0.29571339799280544,0.03949011748873957,-0.04257724701916254,0.2500284741379638,14.715,-2.7938000695729745e-05,0.00018353956071408755,-0.0005655727832436178
4.245,10.0,-7.0,0.0,9.990226831449148,-6.98994256950907,-0.09861333028970819,0.05369891104851249,-0.06613495655968091,0.2916627813068896,0.03909267420336599,-0.040229721963686675,0.24653332572429756,14.715,-2.8001488224595543e-05,0.00017853836234753,-0.000558687467727141
4.25,10.0,-7.0,0.0,9.990326338180788,-6.990513184951169,-0.09723297587088366,0.05329945875510065,-0.06357623054582381,0.28766147706093753,0.0386946472768448,-0.03794726019537388,0.24308243967720364,14.715,-2.8057326103918353e-05,0.0001736565972053581,-0.0005518657114499629
4.255,10.0,-7.0,0.0,9.990425964745318,-6.991067925773454,-0.09587014480243466,0.052899121213143885,-0.06108745920335361,0.28370903004542913,0.03829614101874913,-0.03572829690615463,0.2396753620060879,14.715,-2.810568490618111e-05,0.00016889161188401964,-0.0005451074647530018
4.26,10.0,-7.0,0.0,9.990525685691543,-6.991607174450507,-0.09452465626479215,0.05249800925763925,-0.05866696930375105,0.2798049854065012,0.03789725723379988,-0.03357130219793117,0.23631164066195767,14.715,-2.8146733311738133e-05,0.00016424080902493842,-0.0005384126592535906
4.265,10.0,-7.0,0.0,9.990625476186352,-6.992131304915156,-0.09319633024596097,0.05209623116267542,-0.056313124826584245,0.2759488887800455,0.037498095254638195,-0.031474780339396324,0.23299082561489992,14.715,-2.818063832369088e-05,0.00015970164663739252,-0.0005317812085003247
4.2700000000000005,10.0,-7.0,0.0,9.990725312006566,-6.992640682740269,-0.09188498757103383,0.05169389267068173,-0.05402432616658474,0.2721402864211161,0.037098751973783664,-0.029437269038933313,0.22971246892761585,14.715,-2.8207565099372887e-05,0.00015527163653789237,-0.000525213008668971
4.275,10.0,-7.0,0.0,9.990825169530702,-6.993135665316796,-0.0905904499303876,0.051291097023916016,-0.05179900936306769,0.2683787253283536,0.036699321877221,-0.02745733873278212,0.2264761248259654,14.715,-2.8227676937631986e-05,0.0001509483435615603,-0.0005187079391935042
4.28,10.0,-7.0,0.0,9.990925025730734,-6.993616602028153,-0.08931253990660093,0.05088794499596519,-0.04963564534063825,0.2646637533638891,0.036299897077070646,-0.025533591887353043,0.2232813497665225,14.715,-2.8241135299162105e-05,0.00014672938424909712,-0.0005122658633920897
4.285,10.0,-7.0,0.0,9.991024858163842,-6.994083834421013,-0.08805108100012858,0.05048453492279031,-0.04753273916869622,0.26099491936876507,0.035900567344666616,-0.02366466231599265,0.22012770250031308,14.715,-2.824809972562861e-05,0.00014261242595748808,-0.0005058866291117034
4.29,10.0,-7.0,0.0,9.991124644964117,-6.994537696372583,-0.08680589765376914,0.05008096273477077,-0.045488829333669614,0.25737177327374,0.03550142014353243,-0.021849214509693314,0.21701474413445443,14.715,-2.824872787273678e-05,0.00013859518568463874,-0.0004995700692821535
4.295,10.0,-7.0,0.0,9.991224364834281,-6.99497851425442,-0.08557681527596031,0.04967732198812064,-0.04350248702807521,0.25379386620612426,0.035102540662865986,-0.020085942982356914,0.21394203818991403,14.715,-2.824317541571399e-05,0.00013467542910216047,-0.0004933160025454516
4.3,10.0,-7.0,0.0,9.991323997037384,-6.995406607092878,-0.08436366026293653,0.049273703897509215,-0.04157231545342478,0.2502607505921094,0.03470401185041385,-0.018373571628475492,0.21090915065736,14.715,-2.8231596129201844e-05,0.0001308509695757959,-0.0004871242337727565
4.305,10.0,-7.0,0.0,9.99142352138852,-6.995822286726244,-0.0831662600197816,0.04887019736739253,-0.03969694913715452,0.24677198025539399,0.034305914445956036,-0.016710853095060742,0.2079156500494496,14.715,-2.821414175511697e-05,0.00012711966710309057,-0.00048099455465691024
4.3100000000000005,10.0,-7.0,0.0,9.991522918246527,-6.99622585795862,-0.08198444298040886,0.04846688902509714,-0.03787505326476304,0.24332711051156705,0.03390832701387496,-0.015096568165481506,0.20496110745101812,14.715,-2.819096213769655e-05,0.00012347942748108966,-0.0004749267442143545
4.315,10.0,-7.0,0.0,9.991622168505726,-6.996617618710634,-0.08081803862650044,0.048063863251833774,-0.036105323023863746,0.23992569825889556,0.03351132597704739,-0.0135295251574484,0.20204509656627861,14.715,-2.8162205006859222e-05,0.00011992820116945372,-0.0004689205693277128
4.32,10.0,-7.0,0.0,9.991721253587647,-6.996997860167034,-0.07966687750543665,0.04766120221668242,-0.03438648296451436,0.23656730206522686,0.033114985649413356,-0.012008559331888635,0.1991671937636039,14.715,-2.8128016207406476e-05,0.00011646398261709788,-0.0004629757852423536
4.325,10.0,-7.0,0.0,9.99182015543279,-6.9973668669212215,-0.07853079124724519,0.04725898590716692,-0.032717286369184556,0.23325148225133407,0.03271937826885034,-0.010532532315153727,0.1963269781180824,14.715,-2.8088539478438077e-05,0.00011308480908862432,-0.00045709213605019285
4.33,10.0,-7.0,0.0,9.991918856492413,-6.9977249171168046,-0.07740961258059957,0.04685729216286583,-0.031096514639526892,0.22997780097079715,0.03232457403035282,-0.009100331532829882,0.1935240314515296,14.715,-2.80439165896941e-05,0.00010978876001076785,-0.0004512693551745765
4.335,10.0,-7.0,0.0,9.99201733972034,-6.9980722825862145,-0.07630317534789538,0.046456196706950816,-0.02952297669250262,0.2267458222864105,0.031930641118601166,-0.007710869655151039,0.19075793836976415,14.715,-2.799428725187538e-05,0.00010657395592377453,-0.00044550716585148184
4.34,10.0,-7.0,0.0,9.992115588564802,-6.998409228986445,-0.07521131451943228,0.046055773178894054,-0.027995508371521663,0.2235551122431449,0.03153764574083586,-0.006363084054218119,0.1880282862986116,14.715,-2.793978915334559e-05,0.00010343855775194835,-0.00043980528153752586
4.345,10.0,-7.0,0.0,9.992213586960318,-6.998736015931988,-0.0741338662067288,0.04565609316653794,-0.026512971868025117,0.22040523893818698,0.031145652158713906,-0.005055936272006738,0.1853346655167915,14.715,-2.7880557981443802e-05,0.00010038076589967303,-0.00043416340639505254
4.3500000000000005,10.0,-7.0,0.0,9.992311319319615,-6.999052897125004,-0.07307066767499623,0.04525722623775115,-0.025074255156010555,0.21729577258750452,0.030754722721590164,-0.003788411499977568,0.18267666918746847,14.715,-2.7816727303473485e-05,9.739881945263291e-05,-0.00042858123567631015
4.355,10.0,-7.0,0.0,9.992408770525584,-6.999360120482793,-0.07202155735479766,0.0448592399736847,-0.023678271437993424,0.21422628558966025,0.030364917897661353,-0.0025595180688644755,0.18005389338700434,14.715,-2.7748428783152548e-05,9.449099539934902e-05,-0.00042305845617703855
4.36,10.0,-7.0,0.0,9.992505925923286,-6.999657928262616,-0.07098637485291712,0.044462199998826044,-0.022323958602113805,0.2111963525863772,0.02997629630684025,-0.0013682869495564398,0.17746593713231096,14.715,-2.7675791892573866e-05,9.165560779654208e-05,-0.0004175947466066174
4.365,10.0,-7.0,0.0,9.992602771312011,-6.999946557183929,-0.06996496096246353,0.04406617001508101,-0.021010278691193394,0.20820555052045292,0.029588914752001465,-0.000213771264259019,0.17491240240616746,14.715,-2.759894423316904e-05,8.889100704299288e-05,-0.00041218977798909777
4.37,10.0,-7.0,0.0,9.992699292937374,-7.000226238548069,-0.06895715767223319,0.04367121183116322,-0.01973621738218881,0.2052534586908017,0.02920282825053255,0.0009049541922681853,0.17239289418056544,14.715,-2.7518011257388735e-05,8.619557909570644e-05,-0.00040684321404373027
4.375,10.0,-7.0,0.0,9.992795477483485,-7.0004971983554505,-0.06796280817535413,0.0432773853958785,-0.018500783476867868,0.20233965880477128,0.028818090066088636,0.0019887934218051763,0.16990702043840042,14.715,-2.7433116471653854e-05,8.356774477416124e-05,-0.0004015547115463237
4.38,10.0,-7.0,0.0,9.99289131206515,-7.000759657420329,-0.06698175687723476,0.042884748828413234,-0.01730300840244734,0.1994637350278716,0.02843475173943112,0.003038629681282103,0.16745439219306402,14.715,-2.7344381326888036e-05,8.100595895630663e-05,-0.0003963239207026783
4.385,10.0,-7.0,0.0,9.992986784220166,-7.001013831483167,-0.0660138494028396,0.04249335845010498,-0.016141945723742966,0.19662527403082897,0.028052863119368082,0.004055325932636914,0.16503462350708203,14.715,-2.7251925298965118e-05,7.850870998258356e-05,-0.0003911504854611146
4.39,10.0,-7.0,0.0,9.99308188190163,-7.001259931320656,-0.06505893260331272,0.04210326881497766,-0.015016670663852214,0.19382386503440208,0.027672472393491163,0.0050397252825970145,0.16264733150827163,14.715,-2.7155865835412207e-05,7.607451882688838e-05,-0.00038603404388991844
4.3950000000000005,10.0,-7.0,0.0,9.99317659347035,-7.001498162853458,-0.0641168545619706,0.04171453274095989,-0.01392627963670828,0.19105909985149452,0.027293626118607126,0.005992651413809815,0.1602921364049444,14.715,-2.705631841655396e-05,7.370193855438682e-05,-0.0003809742284696317
4.4,10.0,-7.0,0.0,9.993270907687311,-7.001728727251681,-0.06318746459968455,0.04132720134014982,-0.012869889787396687,0.1883305729271742,0.02691636925076228,0.006914909006711503,0.1579686614992011,14.715,-2.6953396533697917e-05,7.138955352750923e-05,-0.0003759706664321696
4.405,10.0,-7.0,0.0,9.993364813706192,-7.001951821038169,-0.062270613279672656,0.040941324049317496,-0.0118466385438417,0.18563788137626366,0.02654074517526693,0.007807284152642932,0.15567653319920857,14.715,-2.6847211708883587e-05,6.913597885656645e-05,-0.00037102298004321725
4.41,10.0,-7.0,0.0,9.993458301065973,-7.0021676361896175,-0.06136615241172046,0.04055694866005172,-0.010855683176358792,0.1829806250189083,0.026166795736109128,0.008670544758416172,0.15341538102931387,14.715,-2.673787352043543e-05,6.693985968130264e-05,-0.0003661307869352725
4.415,10.0,-7.0,0.0,9.99355135968359,-7.002376360235589,-0.06047393505584963,0.040174121348470794,-0.009896200367494995,0.18035840641375894,0.025794561265673786,0.009505440942331743,0.15118483763964968,14.715,-2.6625489567129556e-05,6.479987060015341e-05,-0.00036129370035308217
4.42,10.0,-7.0,0.0,9.993643979846679,-7.002578176355452,-0.05959381552545278,0.039792886705378894,-0.008967385790041575,0.17777083088939696,0.025424080613240457,0.01031270542185005,0.1489845388136402,14.715,-2.6510165578281346e-05,6.271471500578424e-05,-0.0003565113294732585
4.425,10.0,-7.0,0.0,9.993736152206388,-7.002773263473289,-0.05872564938991233,0.03941328776477992,-0.008068453694561621,0.17521750657347002,0.025055391174397076,0.011093053893120626,0.14681412347480777,14.715,-2.6392005274953713e-05,6.06831245199588e-05,-0.00035178327964271555
4.43,10.0,-7.0,0.0,9.993827867770255,-7.002961796350823,-0.05786929347672114,0.03903536603431632,-0.007198636505009898,0.17269804442012024,0.024688528918927102,0.011847185403285138,0.14467323369179796,14.715,-2.627111058153065e-05,5.870385842115303e-05,-0.0003471091526703667
4.4350000000000005,10.0,-7.0,0.0,9.99391911789517,-7.003143945678386,-0.057024605873121435,0.03865916152261615,-0.006357184422549049,0.17021205823532348,0.02432352841930725,0.01257578271351861,0.14256151468283243,14.715,-2.6147581428145124e-05,5.6775702960190516e-05,-0.00034248854704928397
4.44,10.0,-7.0,0.0,9.994009894280405,-7.003319878163995,-0.05619144592727908,0.03828471276941109,-0.005543365039166234,0.167759164700637,0.023960422878391063,0.013279512655964002,0.1404786148181898,14.715,-2.6021515966283564e-05,5.489747097179298e-05,-0.0003379210582434745
4.445,10.0,-7.0,0.0,9.99410018896073,-7.003489756620544,-0.05536967424900901,0.037912056872509245,-0.004756462956851703,0.16533898339489383,0.023599244157092452,0.013959026482219226,0.13842418562249548,14.715,-2.5893010406033238e-05,5.30680011197271e-05,-0.00033340627888007324
4.45,10.0,-7.0,0.0,9.994189994299596,-7.003653740051174,-0.054559152710067525,0.03754122951704403,-0.0039957794175877505,0.1629511368145201,0.02324002280166213,0.014614960204699712,0.13639788177516723,14.715,-2.576215918020684e-05,5.1286157523122974e-05,-0.0003289437990209231
4.455,10.0,-7.0,0.0,9.994279302982408,-7.003811983732847,-0.05375974444402684,0.03717226500231903,-0.0032606319386883336,0.16059525039190778,0.022882788070353394,0.015247934931385432,0.13439936111009684,14.715,-2.5629054862623272e-05,4.9550829124673966e-05,-0.0003245332063670542
4.46,10.0,-7.0,0.0,9.994368108009867,-7.003964639298165,-0.05297131384574655,0.03680519626977204,-0.0025503539571867283,0.15827095251232273,0.02252756796049499,0.01585855719262925,0.13242828461437803,14.715,-2.549378821831155e-05,4.7860929192099714e-05,-0.00032017408647770813
4.465,10.0,-7.0,0.0,9.9944564026914,-7.004111854815467,-0.05219372657045685,0.0364400549301704,-0.0018642944813625046,0.15597787452924405,0.022174389234444456,0.016447419261858623,0.13048431642614364,14.715,-2.5356448243529035e-05,4.621539483588289e-05,-0.0003158660229753535
4.47,10.0,-7.0,0.0,9.994544180638657,-7.004253774867233,-0.05142684953246702,0.0360768712901852,-0.001201817749174823,0.1537156507782353,0.02182327744533788,0.01701509946894927,0.12856712383119429,14.715,-2.5217122161454325e-05,4.461318645007131e-05,-0.00031160859776054885
4.4750000000000005,10.0,-7.0,0.0,9.99463143575911,-7.004390540626849,-0.05067055090351331,0.03571567437898107,-0.0005623028947041819,0.15148391858927668,0.021474256963552117,0.017562162507390455,0.12667637725880002,14.715,-2.507589539115418e-05,4.305328729260149e-05,-0.0003074013912034111
4.48,10.0,-7.0,0.0,9.994718162249713,-7.004522289933744,-0.04992470011075955,0.03535649197520581,5.48563793957879e-05,0.14928231829772598,0.021127351001131455,0.01808915973493642,0.1248117502769294,14.715,-2.4932851711556928e-05,4.1534702947072545e-05,-0.0003032439823220653
4.485,10.0,-7.0,0.0,9.994804354590656,-7.004649157366948,-0.04918916783446316,0.03499935063158819,0.0006502521217382675,0.14711049325400172,0.02078258163733383,0.018596629467744118,0.12297291958614294,14.715,-2.478807307687837e-05,4.005646088760182e-05,-0.000299135948988804
4.49,10.0,-7.0,0.0,9.994890007539187,-7.0047712743170925,-0.04846382600531935,0.03464427570213814,0.001224462445811377,0.14496808983178933,0.02043996984326103,0.01908509726840422,0.12115956501329561,14.715,-2.4641639831767013e-05,3.861760999554044e-05,-0.00029507686807741406
4.495,10.0,-7.0,0.0,9.994975116123541,-7.0048887690568975,-0.04774854780149584,0.03429129136622502,0.001778051836664834,0.14285475743519255,0.020099535505878254,0.019555076227560163,0.11937136950371259,14.715,-2.4493630593472436e-05,3.721722010403451e-05,-0.00029106631567188233
4.5,10.0,-7.0,0.0,9.99505967563692,-7.0050017668101585,-0.04704320764536996,0.03394042065430507,0.0023115714510739105,0.14077014850438985,0.019761297452339004,0.020007067240641843,0.11760801911342875,14.715,-2.4344122341825204e-05,3.585438162742235e-05,-0.00028710386719116716
4.505,10.0,-7.0,0.0,9.995143681631577,-7.005110389819284,-0.04634768119997969,0.03359168547232264,0.0028255594123957842,0.13871391852039755,0.019425273473699267,0.020441559277169546,0.11586920299996509,14.715,-2.4193190398255386e-05,3.452820497200394e-05,-0.00028318909758825154
4.51,10.0,-7.0,0.0,9.995227129912976,-7.0052147574114,-0.04566184536519995,0.033245106626375996,0.0033205410969865956,0.1366857260084069,0.01909148034812289,0.020859029645579653,0.11415461341297785,14.715,-2.404090849003548e-05,3.32378203103783e-05,-0.00027932158147371674
4.515,10.0,-7.0,0.0,9.99531001653403,-7.005314986063054,-0.04498557827365549,0.032900703846428105,0.0037970294173868472,0.13468523254023645,0.0187599338638833,0.021259944252249013,0.11246394568414436,14.715,-2.388734872805587e-05,3.198237699786836e-05,-0.00027550089327476446
4.5200000000000005,10.0,-7.0,0.0,9.995392337789427,-7.005411189463546,-0.044318759286379995,0.03255849581030236,0.004255525097148357,0.13271210273564543,0.01843064884226354,0.021644757854209086,0.11079689821596753,14.715,-2.3732581645754224e-05,3.076104324624584e-05,-0.0002717266073955331
4.525,10.0,-7.0,0.0,9.995474090210038,-7.005503478576924,-0.043661268988233255,0.032218500167088264,0.004696516940988233,0.1307660042624989,0.018103639159845576,0.022013914307687225,0.10915317247058022,14.715,-2.3576676221217086e-05,2.9573005734076675e-05,-0.0002679982983283203
4.53,10.0,-7.0,0.0,9.995555270557398,-7.0055919617026525,-0.043012989183085326,0.03188073356019947,0.005120482099361969,0.12884660783613633,0.017778917770392512,0.02236784681064305,0.10753247295772281,14.715,-2.341969990226232e-05,2.8417469165117952e-05,-0.00026431554080225085
4.535,10.0,-7.0,0.0,9.995635875818278,-7.005676744535003,-0.04237380288877785,0.03154521165004245,0.005527886326711469,0.12695358721767547,0.01745649672693437,0.022706978140012365,0.10593450722195734,14.715,-2.326171858926026e-05,2.729365591529096e-05,-0.0002606779099176557
4.54,10.0,-7.0,0.0,9.99571590319934,-7.005757930221176,-0.04174359433187232,0.031211949136902267,0.005919184234656707,0.1250866192113538,0.017136387202632518,0.02303172088467645,0.10435898582969085,14.715,-2.310279674166806e-05,2.6200805682897737e-05,-0.0002570849812557161
4.545,10.0,-7.0,0.0,9.995795350121856,-7.00583561941819,-0.041122248942194184,0.03088095978227444,0.006294819540177418,0.12324538366108476,0.01681859951256013,0.023342477672731763,0.102805622355499,14.715,-2.2942997252344206e-05,2.5138175055940415e-05,-0.00025353633100857727
4.55,10.0,-7.0,0.0,9.995874214216537,-7.0059099103485565,-0.04050965334718184,0.030552256431970185,0.006655225307597336,0.12142956344608186,0.016503143133854155,0.023639641394179664,0.1012741333679408,14.715,-2.278238166475234e-05,2.4105037219482827e-05,-0.0002500315360934193
4.555,10.0,-7.0,0.0,9.99595249331841,-7.005980898854775,-0.03990569536604958,0.030225851036084512,0.007000824186376904,0.11963884447566611,0.01619002672637621,0.023923595419137904,0.09976423841511889,14.715,-2.2621009987114728e-05,2.3100681567569987e-05,-0.00024657017425487506
4.5600000000000005,10.0,-7.0,0.0,9.9960301854618,-7.006048678452656,-0.03931026400377244,0.029901754671601354,0.0073320286433472505,0.11787291568333991,0.015879258152762803,0.0241947138106579,0.09827566000941285,14.715,-2.245894089462118e-05,2.2124413339467356e-05,-0.00024315182418930856
4.565,10.0,-7.0,0.0,9.996107288875379,-7.006113340383524,-0.03872324944490181,0.029579977562078173,0.0076492411897338035,0.11613146901997061,0.015570844498475539,0.02445336153408158,0.09680812361227618,14.715,-2.2296231584150458e-05,2.1175553364532514e-05,-0.00023977606562384924
4.57,10.0,-7.0,0.0,9.9961838019773,-7.006174973665286,-0.038144543047219266,0.029260529099388286,0.007952854604525458,0.1144141994464083,0.015264792090833573,0.02469989466110575,0.0953613576180791,14.715,-2.21329379713936e-05,2.0253437615430083e-05,-0.00023644247944265058
4.575,10.0,-7.0,0.0,9.996259723370402,-7.006233665142422,-0.03757403733523664,0.028943417862617258,0.008243252151444037,0.11272080492519922,0.014961106518351365,0.024934660569673608,0.09393509333807848,14.715,-2.196911453324551e-05,1.935741698666966e-05,-0.00023315064775520524
4.58,10.0,-7.0,0.0,9.9963350518375,-7.0062894995349065,-0.037011625993550075,0.028628651639195292,0.008520807792741487,0.1110509864118099,0.01465979264997469,0.02515799813959158,0.09252906498387906,14.715,-2.180481445435026e-05,1.8486856894687716e-05,-0.00022990015399795404
4.585,10.0,-7.0,0.0,9.996409786336754,-7.006342559486079,-0.03645720386005489,0.028316237443909743,0.008785886397268553,0.10940444784512358,0.014360854652993514,0.02537023794427859,0.09114300965013113,14.715,-2.164008961044241e-05,1.764113705365415e-05,-0.00022669058303689167
4.59,10.0,-7.0,0.0,9.996483925997111,-7.006392925609487,-0.03591066691902887,0.02800618153813625,0.00903884394533202,0.10778089613720186,0.014064296011565546,0.025571702437935356,0.08977666729754642,14.715,-2.1474990563140317e-05,1.6819651072351054e-05,-0.00022352152122234904
4.595,10.0,-7.0,0.0,9.996557470113823,-7.006440676534736,-0.03537191229409066,0.027698489449125178,0.009280027727777466,0.1061800411626538,0.013770119544730898,0.025762706138947888,0.08842978073521426,14.715,-2.1309566610784115e-05,1.6021806249157848e-05,-0.0002203925564905119
4.6000000000000005,10.0,-7.0,0.0,9.996630418144044,-7.006485888952349,-0.0348408382410399,0.027393165988541322,0.009509776542135197,0.10460159574727819,0.013478327423816088,0.02594355580942343,0.08710209560259953,14.715,-2.114386580363589e-05,1.5247023210301783e-05,-0.00021730327843716207
4.605,10.0,-7.0,0.0,9.9967027697025,-7.006528637657659,-0.03431734414058571,0.02709021527076797,0.009728420883584266,0.10304527565617749,0.013188921190041579,0.026114550630655323,0.08579336035147721,14.715,-2.0977934936258704e-05,1.4494735665807962e-05,-0.0002142532783836656
4.61,10.0,-7.0,0.0,9.996774524557237,-7.006568995593772,-0.03380133049096991,0.026789640731302994,0.009936283132420452,0.10151079958139929,0.012901901771009784,0.026275982375127377,0.08450332622742147,14.715,-2.0811819641263303e-05,1.3764390115366303e-05,-0.00021124214945636874
4.615,10.0,-7.0,0.0,9.996845682625436,-7.0066070338935935,-0.03329269890049084,0.026491445143795464,0.010133677737310796,0.09999788912900907,0.012617269498210832,0.026428135574345393,0.08323174725123132,14.715,-2.0645564267696864e-05,1.3055445555112976e-05,-0.0002082694866444532
4.62,10.0,-7.0,0.0,9.996916243969315,-7.006642821920959,-0.03279135207993392,0.02619563063880836,0.01032091139434776,0.09850626880574864,0.01233502412269635,0.0265712876838189,0.08197838019984723,14.715,-2.047921210835311e-05,1.2367373272315047e-05,-0.00020533488687787626
4.625,10.0,-7.0,0.0,9.996986208792086,-7.006676427310875,-0.03229719383491458,0.025902198719309905,0.010498283223162097,0.09703566600513633,0.012055164831669225,0.026705709243462883,0.08074298458726775,14.715,-2.031280518063301e-05,1.1699656467205946e-05,-0.00020243794907758063
4.63,10.0,-7.0,0.0,9.997055577434,-7.0067079160088985,-0.03181012905813929,0.025611150279289063,0.01066608493761854,0.09558581099320763,0.011777690263953831,0.026831664035556844,0.07952532264533908,14.715,-2.0146384487278346e-05,1.1051790149978375e-05,-0.0001995782742129499
4.635,10.0,-7.0,0.0,9.997124350368454,-7.006737352309657,-0.03133006372158993,0.025322485618622107,0.010824601015035601,0.0941564368938443,0.011502598526178692,0.026949409238632777,0.07832515930397195,14.715,-1.99799897800966e-05,1.0423280724722231e-05,-0.00019675546537372175
4.64,10.0,-7.0,0.0,9.997192528198168,-7.006764798894552,-0.03085690486863671,0.02503620446130989,0.010974108859445312,0.09274727967358846,0.01122988720733069,0.02705919557820799,0.07714226217161298,14.715,-1.9813659866771306e-05,9.81364588231329e-06,-0.00019396912780271126
4.6450000000000005,10.0,-7.0,0.0,9.997260111651444,-7.006790316868634,-0.030390560606085068,0.024752305969307224,0.011114878963318243,0.09135807812622233,0.010959553394225293,0.02716126747456643,0.07597640151520726,14.715,-1.9647432327639217e-05,9.222414266694588e-06,-0.0001912188689649061
4.65,10.0,-7.0,0.0,9.99732710157848,-7.006813965796692,-0.029930940096160936,0.02447078876039644,0.011247175064507902,0.08998857385685305,0.01069159368606077,0.027255863186774167,0.07482735024041526,14.715,-1.9481343813602583e-05,8.649125275399434e-06,-0.00018850429857469444
4.655,10.0,-7.0,0.0,9.997393498947753,-7.006835803738552,-0.02947795354843951,0.024191650921781528,0.011371254300337337,0.08863851126580255,0.010426004208972404,0.02734321495425227,0.07369488387113005,14.715,-1.931542982538265e-05,8.093328839796364e-06,-0.00018582502866905067
4.66,10.0,-7.0,0.0,9.997459304842488,-7.006855887283621,-0.029031512211721934,0.023914890026832468,0.011487367358537488,0.08730763753197329,0.010162780630077835,0.027423549134482084,0.07257878052931262,14.715,-1.914972493806636e-05,7.554585137796563e-06,-0.00018318067362749568
4.665,10.0,-7.0,0.0,9.99752452045717,-7.006874271584676,-0.028591528365864673,0.023640503148601933,0.01159575862406985,0.08599570259607092,0.009901918171318818,0.027497086338674977,0.07147882091463628,14.715,-1.8984262651885145e-05,7.032464478856952e-06,-0.00018057085022065317
4.67,10.0,-7.0,0.0,9.997589147094136,-7.006891010390922,-0.02815791531356541,0.02336848687546859,0.01169666632430142,0.08470245914347937,0.009643411623404785,0.02756404156367631,0.07039478828394033,14.715,-1.8819075520319372e-05,6.526546949863204e-06,-0.0001779951776503516
4.675,10.0,-7.0,0.0,9.997653186160232,-7.006906156080335,-0.027730587372109886,0.023098837324934993,0.011790322669106705,0.08342766258684857,0.00938725535904395,0.027624624321324953,0.06932646843030196,14.715,-1.8654195107360696e-05,6.036422329076406e-06,-0.00017545327759885872
4.68,10.0,-7.0,0.0,9.997716639163531,-7.0069197596912955,-0.027309459865084092,0.022831550158027646,0.011876953989736596,0.0821710710483296,0.009133443345869081,0.02767903876516657,0.06827364966268076,14.715,-1.848965205859156e-05,5.5616897867695104e-06,-0.00017294477423409628
4.6850000000000005,10.0,-7.0,0.0,9.997779507710113,-7.006931870953547,-0.026894449114055183,0.0225666205926693,0.011956780873398583,0.08093244534177252,0.008881969159566832,0.027727483814215383,0.06723612278511781,14.715,-1.8325476047525166e-05,5.101957741393722e-06,-0.00017046929426203726
4.69,10.0,-7.0,0.0,9.997841793500916,-7.006942538318464,-0.026485472430224893,0.022304043417810598,0.012030018295776134,0.07971154895454896,0.00863282599629463,0.027770153273866137,0.06621368107555327,14.715,-1.8161695877968917e-05,4.656843600130438e-06,-0.00016802646696658163
4.695,10.0,-7.0,0.0,9.997903498328643,-7.006951808988675,-0.02608244810605966,0.02204381300608657,0.01209687574983118,0.07850814802908902,0.008386006685402889,0.02780723595466871,0.06520612026515271,14.715,-1.799833939849332e-05,4.225973641710384e-06,-0.0001656159242139748
4.7,10.0,-7.0,0.0,9.997964624074733,-7.0069597289470344,-0.025685295406900528,0.02178592332768975,0.012157557372927503,0.07732201134438661,0.008141503701037677,0.02783891578815123,0.06421323851725189,14.715,-1.7835433656351163e-05,3.8089827400014924e-06,-0.00016323730049773067
4.705,10.0,-7.0,0.0,9.99802517270639,-7.006966342984959,-0.0252939345625563,0.021530367962030283,0.012212262069994217,0.07615291029718302,0.007899309174455823,0.02786537193979334,0.06323483640636504,14.715,-1.7673004746543008e-05,3.4055142213985282e-06,-0.00016089023295546477
4.71,10.0,-7.0,0.0,9.998085146273679,-7.0069716947301535,-0.024908286758883527,0.0212771401115502,0.012261183634645902,0.07500061888302993,0.00765941490532225,0.027886778920574635,0.06227071689719328,14.715,-1.7511078009925473e-05,3.0152197110033026e-06,-0.000158574361392487
4.715,10.0,-7.0,0.0,9.998144546906667,-7.006975826673722,-0.02452827412935599,0.021026232612692323,0.012304510868098828,0.07386491367718347,0.00742181237331263,0.027903306694859076,0.061320685323378435,14.715,-1.7349677872090853e-05,2.637758852379454e-06,-0.00015628932831298403
4.72,10.0,-7.0,0.0,9.998203376812642,-7.0069787801966905,-0.024153819746627357,0.02077763794916983,0.012342427694072329,0.0727455738152749,0.007186492749410724,0.027915120786752727,0.060384549366575016,14.715,-1.718882800421953e-05,2.2727992617002212e-06,-0.00015403477892449516
4.7250000000000005,10.0,-7.0,0.0,9.998261638273377,-7.00698059559595,-0.02378484761408966,0.020531348262924746,0.012375113273032784,0.07164238097394937,0.006953446906493262,0.02792238238381529,0.05946211903520413,14.715,-1.702855125470912e-05,1.920016232164433e-06,-0.00015181036117209475
4.73,10.0,-7.0,0.0,9.998319333642444,-7.006981312109627,-0.023421282657430462,0.02028735536605906,0.012402742112203054,0.07055511935125965,0.006722665430220164,0.02792524843853252,0.05855320664358903,14.715,-1.6868869700563433e-05,1.5790926649224052e-06,-0.00014961572573578754
4.735,10.0,-7.0,0.0,9.998376465342611,-7.006980967941897,-0.023063050716191535,0.020045650752023306,0.012425484174581869,0.06948357564707872,0.006494138629517651,0.02792387176754953,0.05765762679045456,14.715,-1.670980464501521e-05,1.2497188227372693e-06,-0.0001474505260766562
4.74,10.0,-7.0,0.0,9.998433035863256,-7.0069796002872655,-0.02271007853533177,0.01980622560683298,0.012443504984434047,0.0684275390431817,0.006267856546959568,0.027918401149072097,0.056775196338317145,14.715,-1.65513766395861e-05,9.315922554464004e-07,-0.00014531441840824434
4.745,10.0,-7.0,0.0,9.998489047757873,-7.0069772453542924,-0.022362293756796728,0.01956907081996303,0.012456965731712412,0.06738680118353288,0.006043808968538058,0.02790898141721464,0.05590573439198429,14.715,-1.6393605519273215e-05,6.24417513216981e-07,-0.00014320706175492847
4.75,10.0,-7.0,0.0,9.998544503641606,-7.006973938388816,-0.022019624911097494,0.019334176994732645,0.012466023372371743,0.06636115615415454,0.005821985433535995,0.027895753555228636,0.05504906227775371,14.715,-1.6236510383419533e-05,3.279061522465312e-07,-0.00014112811792626578
4.755,10.0,-7.0,0.0,9.998599406188847,-7.006969713696657,-0.02168200140890134,0.019101534458958545,0.012470830728763795,0.0653504004631796,0.005602375244602984,0.02787885478659371,0.054205003522230844,14.715,-1.6080109609731063e-05,4.1776451887459273e-08,-0.00013907725155155713
4.76,10.0,-7.0,0.0,9.998653758130883,-7.006964604665819,-0.0213493535326359,0.01887113327540223,0.012471536585979753,0.06435433302065666,0.005384967476508252,0.02785841866325893,0.05337338383159165,14.715,-1.592442093961407e-05,-2.342466836749392e-07,-0.00013705413006589678
4.765,10.0,-7.0,0.0,9.9987075622536,-7.006958643788201,-0.021021612428109793,0.01864296325098987,0.012468285786783726,0.06337275511845504,0.005169750985605972,0.027834575152764583,0.05255403107027288,14.715,-1.576946138172221e-05,-5.004318612122819e-07,-0.0001350584237478409
4.7700000000000005,10.0,-7.0,0.0,9.998760821395223,-7.006951862680837,-0.020698710096151457,0.018417013947408856,0.012461219324600557,0.062405470409899945,0.00495671441909704,0.027807450723328356,0.051746775240362086,14.715,-1.5615247312136203e-05,-7.570413539158412e-07,-0.0001330898056929176
4.775,10.0,-7.0,0.0,9.998813538444123,-7.006944292106659,-0.020380579384268262,0.018193274690264806,0.012450474434276184,0.06145228488959739,0.004745846223476634,0.02777716842659065,0.05095144846066957,14.715,-1.546179445844322e-05,-1.0043312602362614e-06,-0.00013114795184013736
4.78,10.0,-7.0,0.0,9.998865716336665,-7.006935961994797,-0.020067153978327888,0.01797173457846215,0.012436184680562151,0.060513006873069285,0.004537134653388868,0.027743847979138567,0.05016788494580034,14.715,-1.5309117901073133e-05,-1.2425515872215595e-06,-0.00012923254097412515
4.785,10.0,-7.0,0.0,9.998917358055106,-7.006926901460445,-0.01975836839426395,0.017752382493561276,0.012418480045405777,0.05958744697637318,0.0043305677795654664,0.02770760584179077,0.04939592098567133,14.715,-1.5157232142716314e-05,-1.4719464531583508e-06,-0.00012734325471277721
4.79,10.0,-7.0,0.0,9.998968466625536,-7.0069171388242655,-0.01945415796980753,0.01753520710813727,0.01239748701233709,0.058675418095810485,0.0041261334978839785,0.027668555297050344,0.04863539492451975,14.715,-1.50061509946691e-05,-1.6927541697131998e-06,-0.00012547977753589755
4.795,10.0,-7.0,0.0,9.999019045115872,-7.006906701631382,-0.019154458856246614,0.01732019689576271,0.012373328649678553,0.057776735387429556,0.003923819536492221,0.027626806525539897,0.04788614714061113,14.715,-1.4855887799872312e-05,-1.9052073639864964e-06,-0.00012364179675491296
4.8,10.0,-7.0,0.0,9.999069096633892,-7.0068956166699365,-0.018859208010214807,0.017107340137791895,0.012346124692005895,0.0568912162467457,0.003723613464459386,0.02758246667979043,0.04714802002556573,14.715,-1.4706455173691762e-05,-2.1095331678734553e-06,-0.0001218290025375794
4.805,10.0,-7.0,0.0,9.999118624325327,-7.006883909989243,-0.01856834318551102,0.016896624933854503,0.012315991618895933,0.05601868028828422,0.0035255026986969343,0.027535639957012414,0.04642085796374854,14.715,-1.455786532954493e-05,-2.305953252322091e-06,-0.00012004108790320682
4.8100000000000005,10.0,-7.0,0.0,9.999167631371977,-7.00687160691753,-0.018281802924952028,0.016688039207681585,0.012283042733183081,0.05515894932515763,0.003329474512100807,0.027486427670136676,0.04570450731235901,14.715,-1.4410129756106107e-05,-2.4946840240069335e-06,-0.00011827774869590484
4.815,10.0,-7.0,0.0,9.999216120989887,-7.00685873207929,-0.01799952655225867,0.016481570717551876,0.01224738823639813,0.05431184734883459,0.003135516040472317,0.027434928317125035,0.04499881638063021,14.715,-1.4263259560966674e-05,-2.675936691266356e-06,-0.0001165386836267643
4.82,10.0,-7.0,0.0,9.999264096427565,-7.006845309412249,-0.01772145416397771,0.016277207061812408,0.012209135303261938,0.0534772005086066,0.0029436142897443693,0.02738123764895784,0.04430363540991858,14.715,-1.4117265190736621e-05,-2.849917406494353e-06,-0.00011482359422910872
4.825,10.0,-7.0,0.0,9.999311560964237,-7.006831362183942,-0.017447526621440536,0.016074935688405314,0.01216838815413893,0.05265483709137527,0.0027537561430041237,0.027325448735789515,0.0436188165536028,14.715,-1.3972156677941348e-05,-3.0168273769080607e-06,-0.00011313218487390559
4.83,10.0,-7.0,0.0,9.999358517908144,-7.006816913007931,-0.017177685542759794,0.01587474390085521,0.012125248125903385,0.0518445875013292,0.002565928367413884,0.0272676520316792,0.04294421385691911,14.715,-1.3827943460665561e-05,-3.1768629743595377e-06,-0.00011146416276703951
4.835,10.0,-7.0,0.0,9.999404970594878,-7.006801983859655,-0.016911873294865577,0.01567661886683717,0.012079813741232208,0.051046284239640374,0.002380117620521317,0.027207935438608964,0.0422796832371782,14.715,-1.3684634576671927e-05,-3.3302157955081225e-06,-0.00010981923793197817
4.84,10.0,-7.0,0.0,9.99945092238577,-7.006786596091926,-0.016650032985581868,0.015480547623961522,0.012032180777035228,0.0502597618842847,0.002196310456875006,0.027146384367753993,0.041625082463982215,14.715,-1.3542238501505131e-05,-3.4770728881525227e-06,-0.00010819712320932536
4.845,10.0,-7.0,0.0,9.999496376666311,-7.006770770450071,-0.01639210845574468,0.015286517087875045,0.01198244232964295,0.04948485706986579,0.002014493334741785,0.027083081800243932,0.040980271139378084,14.715,-1.3400763279593768e-05,-3.6176167067414606e-06,-0.00010659753425543679
4.8500000000000005,10.0,-7.0,0.0,9.999541336844597,-7.006754527086749,-0.016138044271363058,0.015094514058481855,0.011930688880631025,0.04872140846744857,0.0018346526216027326,0.02701810834700818,0.040345110678392505,14.715,-1.3260216507118611e-05,-3.7520253001246724e-06,-0.00010502018952243515
4.855,10.0,-7.0,0.0,9.999585806349842,-7.006737885576416,-0.01588778571582342,0.01490452522640735,0.011877008359954824,0.047969256764536124,0.0016567746006669528,0.02695154230566967,0.03971946428956695,14.715,-1.3120605294360158e-05,-3.880472443596703e-06,-0.00010346481025625496
4.86,10.0,-7.0,0.0,9.999629788630898,-7.00672086492948,-0.01564127878213885,0.014716537179999215,0.011821486207192079,0.047228244645060466,0.0014808454763675697,0.026883459717947495,0.039103196955365474,14.715,-1.298193636807816e-05,-4.003127598798116e-06,-0.00010193112049645763
4.865,10.0,-7.0,0.0,9.999673287154845,-7.006703483606125,-0.015398470165243918,0.014530536410859858,0.01176420543335934,0.046498216769374656,0.0013068513806719503,0.026813934424515143,0.03849617541309137,14.715,-1.2844215948635358e-05,-4.12015619440824e-06,-0.00010041884704907793
4.87,10.0,-7.0,0.0,9.999716305405578,-7.006685759529837,-0.015159307254335994,0.014346509321136833,0.011705246678707301,0.04577901975443942,0.0011347783776617022,0.026743038119349798,0.03789826813586745,14.715,-1.270744996694797e-05,-4.231719526080616e-06,-9.892771948122325e-05
4.875,10.0,-7.0,0.0,9.999758846882466,-7.006667710100609,-0.014923738125263635,0.014164442227703742,0.011644688271948882,0.04507050215404839,0.0009646124701482279,0.026670840402453225,0.03730934531317105,14.715,-1.2571643774500697e-05,-4.337975025742234e-06,-9.745747013303821e-05
4.88,10.0,-7.0,0.0,9.999800915099023,-7.006649352207856,-0.014691711532963244,0.013984321370493,0.011582606285629382,0.04437251443896772,0.0007963396039473897,0.02659740883145308,0.03672927883238683,14.715,-1.2436802528106562e-05,-4.439076204351732e-06,-9.600783406548579e-05
4.885,10.0,-7.0,0.0,9.999842513581623,-7.006630702243041,-0.014463176903944568,0.013806132915315518,0.011519074592316044,0.04368490897744964,0.0006299456734772863,0.026522808972186448,0.03615794225985065,14.715,-1.2302930813560786e-05,-4.535172846052715e-06,-9.457854908197818e-05
4.89,10.0,-7.0,0.0,9.999883645868247,-7.006611776112003,-0.014238084328825387,0.013629862962069455,0.011454164918006056,0.04300754001559111,0.00046541652705069607,0.026447104447960296,0.03559521082208429,14.715,-1.2170032970570173e-05,-4.626411018681959e-06,-9.3169355706922e-05
4.8950000000000005,10.0,-7.0,0.0,9.999924315507261,-7.006592589247017,-0.01401638455491664,0.013455497548293062,0.011387946895383552,0.042340263657846135,0.00030273797094618627,0.026370356988099433,0.03504096138728466,14.715,-1.203811292067813e-05,-4.712933190422007e-06,-9.177999717064975e-05
4.9,10.0,-7.0,0.0,9.999964526056234,-7.006573156618577,-0.013798028978858184,0.013283022655180774,0.011320488115405165,0.041682937847646026,0.00014189577510766768,0.026292626474255405,0.03449507244713097,14.715,-1.190717421261919e-05,-4.794878357819719e-06,-9.041021938818508e-05
4.905,10.0,-7.0,0.0,10.000004281080772,-7.006553492746903,-0.013582969639306025,0.013112424212948134,0.011251854177051391,0.041035422348171674,-1.7124323089828912e-05,0.02621397098763136,0.033957424098273965,14.715,-1.1777220113738296e-05,-4.872381963980219e-06,-8.905977096547606e-05
4.91,10.0,-7.0,0.0,10.000043584153405,-7.006533611713198,-0.01337115920967108,0.012943688104885841,0.011182108738249236,0.04039757872308123,-0.00017433661364948735,0.02613444685274648,0.03342789802420671,14.715,-1.1648253458822274e-05,-4.945576254771872e-06,-8.772840317193019e-05
4.915,10.0,-7.0,0.0,10.000082438852482,-7.006513527170639,-0.013162550990910779,0.012776800173577756,0.01111131356169213,0.03976927031743452,-0.00032975540998337395,0.02605410868252354,0.032906377477262674,14.715,-1.152027685324766e-05,-5.014589988964764e-06,-8.641586992942639e-05
4.92,10.0,-7.0,0.0,10.00012084876112,-7.006493252355119,-0.012957098904373276,0.012611746224207741,0.011039528564811345,0.039150362238696064,-0.0004833950444342166,0.025973009420526657,0.03239274726093186,14.715,-1.139329248889783e-05,-5.079548917349453e-06,-8.512192778851194e-05
4.925,10.0,-7.0,0.0,10.000158817466161,-7.006472800095753,-0.012754757484694793,0.01244851203050206,0.010966811862884073,0.03854072133790867,-0.0006352698646114054,0.025891200382995503,0.031886893711731604,14.715,-1.1267302350935422e-05,-5.1405754885573345e-06,-8.384633593944844e-05
4.93,10.0,-7.0,0.0,10.000196348557166,-7.006452182825123,-0.012555481872751068,0.01228708333770881,0.010893219816354858,0.03794021619078787,-0.0007853942287092167,0.025808731300472412,0.031388704681904404,14.715,-1.1142307996973773e-05,-5.197789176366544e-06,-8.25888561636933e-05
4.9350000000000005,10.0,-7.0,0.0,10.000233445625446,-7.006431412589312,-0.012359227808662417,0.012127445868739355,0.010818807073468282,0.03734871707916378,-0.0009337825017410361,0.025725650357292143,0.03089806952167039,14.715,-1.1018310795349927e-05,-5.251306419432484e-06,-8.134925284902742e-05
4.94,10.0,-7.0,0.0,10.000270112263108,-7.006410501057688,-0.01216595162485352,0.011969585326895705,0.010743626613764498,0.036766095972314804,-0.0010804490523842478,0.02564200423076631,0.03041487906211595,14.715,-1.0895311784584532e-05,-5.301240759054564e-06,-8.012729294673241e-05
4.945,10.0,-7.0,0.0,10.000306352062136,-7.006389459532475,-0.011975610239167881,0.011813487400609932,0.01066772978960098,0.03619222650860779,-0.0012254082485020146,0.025557838129858932,0.029939025597891515,14.715,-1.077331171081838e-05,-5.347702824387991e-06,-7.892274597423238e-05
4.95,10.0,-7.0,0.0,10.000342168613493,-7.006368298958098,-0.011788161148037065,0.011659137767646415,0.010591166367885645,0.035626983977119456,-0.0013686744539881666,0.025473195832437092,0.029470402870100183,14.715,-1.0652311085112188e-05,-5.3908004956532664e-06,-7.773538399279085e-05
4.955,10.0,-7.0,0.0,10.000377565506259,-7.0063470299303185,-0.011603562419705263,0.011506522098482373,0.010513984569471783,0.03507024529941749,-0.001510262025001425,0.025388119721300253,0.029008906049249925,14.715,-1.0532310108349437e-05,-5.43063891590553e-06,-7.656498159606209e-05
4.96,10.0,-7.0,0.0,10.000412546326784,-7.006325662705149,-0.01142177268750968,0.011355626060763216,0.010436231108383976,0.0345218890114236,-0.001650185307115625,0.025302650820616692,0.02855443171877833,14.715,-1.0413308796187329e-05,-5.467320517102463e-06,-7.541131587384283e-05
4.965,10.0,-7.0,0.0,10.000447114657868,-7.006304207207574,-0.011242751143216158,0.01120643532196728,0.010357951230670218,0.03398179524553621,-0.0017884586314521615,0.025216828830324393,0.028106877858068438,14.715,-1.0295306823213584e-05,-5.500945183979433e-06,-7.4274166425342e-05
4.97,10.0,-7.0,0.0,10.000481274077979,-7.006282673040058,-0.011066457530410785,0.011058935554302032,0.010279188750906294,0.03344984571265816,-0.0019250963119319898,0.025130692160226578,0.027666143826037073,14.715,-1.0178303722559808e-05,-5.5316102036655735e-06,-7.315331531867301e-05
4.9750000000000005,10.0,-7.0,0.0,10.000515028160471,-7.006261069490867,-0.01089285213794774,0.010913112436740287,0.01019998608942147,0.03292592368451445,-0.002060112641916959,0.025044277963476587,0.027232130344850405,14.715,-1.0062298696527774e-05,-5.5594104002430215e-06,-7.204854707854218e-05
4.98,10.0,-7.0,0.0,10.000548380472855,-7.006239405542183,-0.010721895793452951,0.010768951659768279,0.010120384307596377,0.03240991397605819,-0.002193521891461815,0.02495762216873966,0.02680473948363952,14.715,-9.947290811982126e-06,-5.5844381663065616e-06,-7.095964867272873e-05
4.985,10.0,-7.0,0.0,10.000581334576067,-7.0062176898780475,-0.010553549856884158,0.010626438927334243,0.01004042314270846,0.03190170292797338,-0.002325338304260864,0.024870759512151137,0.02638387464221596,14.715,-9.833278832458495e-06,-5.606783506469125e-06,-6.988640950008773e-05
4.99,10.0,-7.0,0.0,10.000613894023767,-7.006195930892105,-0.010387776214147371,0.010485559961201232,0.009960141042153875,0.03140117838926363,-0.002455576095103534,0.02478372356846046,0.025969440535359805,14.715,-9.72026139053933e-06,-5.6265341053100265e-06,-6.882862135391048e-05
4.995,10.0,-7.0,0.0,10.000646062361673,-7.006174136695173,-0.010224537270769591,0.010346300502830214,0.009879575196695748,0.03090822970010325,-0.0025842494467192604,0.024696546780648494,0.025561343176916884,14.715,-9.608236817863256e-06,-5.64377542318288e-06,-6.778607842068063e-05
5.0,10.0,-7.0,20.0,10.000677843126903,-7.006152315122634,-0.010063795945628128,0.010208646317697518,0.009798761572339719,0.03042274767469727,-0.0027113725076401544,0.02460926049056262,50.025159489864095,14.715,-9.497203350138393e-06,-5.6585906068232e-06,0.2
5.005,10.0,-7.0,20.0,10.000275681352734,-7.006752541279692,-0.006351218592263494,0.010071973926513782,0.009718367506059686,1.4628172355017555,-0.001102725410969286,0.027010165118808948,50.01587804648068,14.715,0.00010612367365860133,0.00015996297524341796,0.2
5.01,10.0,-7.0,20.0,9.999009794809705,-7.0085908849466625,0.004468603895868972,0.011589993671726449,0.012011743751881507,2.8952117233288135,0.0039608207612029595,0.03436353978666544,49.98882849026033,14.715,0.0002598698327140563,0.0003800658116903554,0.2
5.015,10.0,-7.0,20.0,9.996888821578905,-7.011653262195658,0.022398256547848352,0.015307654061144866,0.017460062770886218,4.327606211155871,0.012444713684353716,0.04661304878264916,49.944004358630366,14.715,0.0004100863817545552,0.0005946195351396158,0.2
5.0200000000000005,10.0,-7.0,20.0,9.993922130384771,-7.015923543728554,0.04744074110331126,0.02117205878422872,0.025985449903394384,5.760000698982929,0.024311478460938864,0.06369417491422029,49.881398147241725,14.715,0.0005851170751914835,0.0008439924611047781,0.2
5.025,10.0,-7.0,20.0,9.990119361016818,-7.021384248447006,0.07959935030603837,0.029535011767391595,0.03808916769442876,7.1923951868099865,0.03952255593275627,0.08553699378797572,49.80100162423488,14.715,0.0007582524318573319,0.0010895362599427283,0.2
5.03,10.0,-7.0,20.0,9.985490483886245,-7.02801648274713,0.11887767598157314,0.040364334443400936,0.053719859469936175,8.624789674637045,0.05803806445505924,0.1120659309884971,49.702805810046044,14.715,0.0009473809575693829,0.0013565633509292799,0.2
5.035,10.0,-7.0,20.0,9.980045496988451,-7.03580041058633,0.1652795227656728,0.05388263990160968,0.07318975350801377,10.057184162464102,0.07981801204624964,0.14320164234533453,49.58680119308579,14.715,0.0011353865709111128,0.0016201511375592993,0.2
5.04,10.0,-7.0,20.0,9.973794456153371,-7.044715239276795,0.21880890773398137,0.07006586777142165,0.09645514561655097,11.48957865029116,0.10482217538655024,0.1788609571071302,49.45297773066507,14.715,0.0013335721320552347,0.0018961296598847726,0.2
5.045,10.0,-7.0,20.0,9.966747276971928,-7.054739539499052,0.2794700007231653,0.08905035061784147,0.12370014561069276,12.921973138118219,0.1330108921122923,0.21895815799620483,49.30132499819206,14.715,0.001530985004661301,0.002168398016019044,0.2
5.05,10.0,-7.0,20.0,9.958913750898153,-7.065851253988157,0.34726711987793873,0.11081399810159179,0.15487932614701624,14.354367625945278,0.1643449964073933,0.2634050159526316,49.131832200305155,14.715,0.0017347845266043192,0.0024468248830939,0.2
5.055,10.0,-7.0,20.0,9.950303417756711,-7.078027916273178,0.422204690015299,0.13543575064793353,0.1900897030976612,15.786762113772337,0.1987863289731892,0.3121116650927176,48.94448827496177,14.715,0.0019379811115828728,0.0027209870555033057,0.2
5.0600000000000005,10.0,-7.0,20.0,9.940925576007611,-7.091246668971225,0.50428723654819,0.1628929052923823,0.22928008736618058,17.219156601599394,0.23629769596956002,0.36498667588486494,48.73928190862949,14.715,0.0021451298690940393,0.0029970134191516515,0.2
5.065,10.0,-7.0,20.0,9.9307892028147,-7.105484413795424,0.5935193561718948,0.19322651379513653,0.2724881622964193,18.651551089426455,0.27684318874118136,0.4219376551817197,48.51620160957024,14.715,0.0023517910773609104,0.0032681407244475906,0.2
5.07,10.0,-7.0,20.0,9.919902962788617,-7.12071783228498,0.6899057104893341,0.22641255229870083,0.319655819530449,20.083945577253516,0.3203881488455702,0.48287132913992953,48.27523572377665,14.715,0.0025608844426894613,0.0035381576743746695,0.2
5.075,10.0,-7.0,20.0,9.908275160136663,-7.136923488898373,0.793451005170052,0.2624673776378982,0.37078028756620357,21.516340065080573,0.3668993594533696,0.5476939555934596,48.01637248707485,14.715,0.002769611389741861,0.0038026644792118003,0.2
5.08,10.0,-7.0,20.0,9.895913747923224,-7.154077850563773,0.9041599839395014,0.3013658418343717,0.42579683634984683,22.948734552907634,0.4163450083071507,0.6163114022551376,47.73960004015125,14.715,0.0029798649837914646,0.004063989866455127,0.2
5.085,10.0,-7.0,20.0,9.882826301847503,-7.172157357560215,1.022037413604531,0.3431085392404052,0.4846751384356283,24.38112904073469,0.4686947926099997,0.6886294302408646,47.4449064659887,14.715,0.003189902692017928,0.004319263290342001,0.2
5.09,10.0,-7.0,20.0,9.869020030806979,-7.191138440290231,1.1470880786917395,0.38766976117162905,0.54734478756275,25.813523528561753,0.5239198767720776,0.764553761160898,47.132279803270634,14.715,0.0034009727329123215,0.0045699058937204665,0.2
5.095,10.0,-7.0,20.0,9.85450176521493,-7.210997567912931,1.2793167705635582,0.43504038146885626,0.6137567555013292,27.24591801638881,0.5819929391402462,0.8439902716517347,46.801708073591115,14.715,0.0036120113511999164,0.0048140387544372285,0.1982810690365971
5.1000000000000005,10.0,-7.0,20.0,9.839281818136536,-7.231706003280985,1.4186977148431061,0.4851951307496798,0.6838358617581931,28.666001568031202,0.6428727274538393,0.9268240131238893,46.45325571289226,14.715,0.0038228120759242006,0.005051137431865678,0.1752346163925127
5.105,10.0,-7.0,20.0,9.823421916501387,-7.253164791068005,1.56479523336518,0.5381099798089942,0.7574965743761803,29.921027061016822,0.706312333994453,1.0126591642719784,46.08801191658702,14.715,0.004019288352227832,0.005262414094060422,0.1589380670196987
5.11,10.0,-7.0,20.0,9.807016525619083,-7.275231904195598,1.716914041327666,0.5935636427846559,0.8343811875306694,31.05933711654134,0.7719338975236135,1.100927616782384,45.70771489668082,14.715,0.004201516431423465,0.0054484774850325915,0.14249038537561806
5.115,10.0,-7.0,20.0,9.790145120621126,-7.297787799146004,1.8744756773243283,0.6513368307742415,0.914140205469374,32.079849329443284,0.839419517515448,1.1911511965840025,45.31381080668918,14.715,0.0043703063902433776,0.00561066923516246,0.127468287209335
5.12,10.0,-7.0,20.0,9.772884139897482,-7.32071906505116,2.03692383451312,0.711223979776878,0.9964419722986476,32.99277368930032,0.9084634404100819,1.2828762602046846,44.907690413717205,14.715,0.004523631068167832,0.005746924394119071,0.11340124099369639
5.125,10.0,-7.0,20.0,9.755304449418167,-7.343921828287555,2.203744034483606,0.7729924333942265,1.0809239920307077,33.804950251860916,0.9787822023273051,1.3756873131501723,44.49063991379098,14.715,0.004662824955856652,0.005859455346548961,0.10032012608551716
5.13,10.0,-7.0,20.0,9.737472287893914,-7.367300398724619,2.374455816366134,0.8364307434076304,1.1672540782044911,34.52344022997597,1.0501108484243737,1.4692015948985109,44.063860459084665,14.715,0.004786715393045858,0.0059473844959886295,0.08813962637385475
5.135,10.0,-7.0,20.0,9.719449365756981,-7.3907670432481885,2.5486117869429,0.9013127509851482,1.2550860835567619,35.154693804861196,1.122202536972117,1.5630681729927849,43.62847053264272,14.715,0.004896442033501494,0.006012768393504936,0.07680747728356009
5.14,10.0,-7.0,20.0,9.701293139571437,-7.414241507680282,2.725795192209907,0.9674307036470486,1.344101914845696,35.704786840285564,1.1948274417142686,1.6569660307211675,43.1855120194752,14.715,0.0049915049945358616,0.0060556297657392965,0.06626801140918089
5.1450000000000005,10.0,-7.0,20.0,9.683057038595026,-7.437650594007568,2.905618022851986,1.0345717165010448,1.433982421805414,36.17939651159442,1.2677718456198621,1.750602376030244,42.73595494287006,14.715,0.005072884110335674,0.006077853245319708,0.05647069742937621
5.15,10.0,-7.0,20.0,9.664790679227348,-7.460927746808944,3.0877191500634145,1.1025388989332665,1.524434097317977,36.58383809020236,1.340837283090582,1.843710987235777,42.2807021248415,14.715,0.005140508759811823,0.00608000552125289,0.04736780092549505
5.155,10.0,-7.0,20.0,9.646540074870032,-7.484012643099926,3.271762606073376,1.171136210515829,1.6151702504694054,36.923084974933204,1.4138397005198688,1.936050572399679,41.82059348481653,14.715,0.005195246300409672,0.006063815832453559,0.03891469629705484
5.16,10.0,-7.0,20.0,9.628347827878239,-7.50685080471107,3.457435968791458,1.2401817896734995,1.7059277165253108,37.20179095729003,1.4866086884870704,2.0274032188443107,41.35641007802136,14.715,0.0052372894895274255,0.006030150375527298,0.031069552958537527
5.165,10.0,-7.0,20.0,9.610253317428391,-7.529393217599009,3.6444488530981114,1.309498167152566,1.7964545653009425,37.42431023927533,1.5589867302864127,2.117572870396027,40.88887786725475,14.715,0.005267422341539235,0.005980589830143803,0.02379318775459319
5.17,10.0,-7.0,20.0,9.592292872866919,-7.5515959728904996,3.8325314976909324,1.3789206077495306,1.8865204091737837,37.5947163942129,1.6308285085322898,2.2063838915619822,40.41867125577268,14.715,0.005285992836242793,0.005916140024603769,0.017048891401817576
5.175,10.0,-7.0,20.0,9.574499942034834,-7.5734199188176765,4.0214334433909595,1.4482907291643965,1.9759082498077383,37.71682008455053,1.7020002318606715,2.293679675270666,39.946416391522575,14.715,0.00529371873012014,0.005838235510975129,0.010802274199582101
5.18,10.0,-7.0,20.0,9.556905247951423,-7.594830332884138,4.2109222952547265,1.5174616639256537,2.0644207006340274,37.79418567464791,1.7723790081943394,2.3793213315365334,39.472694261863175,14.715,0.005291033191311972,0.005747919376454742,0.005021119571580825
5.1850000000000005,10.0,-7.0,20.0,9.539536940073061,-7.6157966070670655,4.400782564178459,1.586293846396533,2.151874463896312,37.83014679463319,1.8418522397077528,2.463186428268229,38.99804358955385,14.715,0.005278597807653925,0.005646482146277812,-0.0003247528351176254
5.19,10.0,-7.0,20.0,9.522420736032597,-7.6362919517451235,4.590814581815428,1.654658151975388,2.2381039579166337,37.82782092377854,1.9103170558696132,2.5451678069804538,38.52296354546141,14.715,0.005256885820158668,0.005534940508290895,-0.005263615420031091
5.195,10.0,-7.0,20.0,9.505580057933726,-7.656293113505183,4.780833484767484,1.72243306888809,2.3229574776603457,37.790123055210074,1.9776797682650566,2.625172454020703,38.047916288081275,14.715,0.005226508777211999,0.0054144445184776575,-0.009821952895923157
5.2,10.0,-7.0,20.0,9.489036160696855,-7.675780110181841,4.970668262932192,1.7895065549551585,2.4062991853176485,37.71977849927098,2.043855357212602,2.703120440727331,37.57332934266951,14.715,0.005187951149020711,0.005285946759991685,-0.014024574901019854
5.205,10.0,-7.0,20.0,9.472808255146143,-7.694735979780256,5.1601608683194184,1.8557740979332658,2.4880063600586775,37.61933488035929,2.1087669794154054,2.778943919121016,37.09959782920145,14.715,0.005141778378682766,0.0051504623207763575,-0.017894721579874234
5.21,10.0,-7.0,20.0,9.456913624330788,-7.713146545155141,5.349165380041916,1.9211397631596774,2.567970368045131,37.49117337759823,2.1723455026768486,2.852586180620568,36.627086549895225,14.715,0.005088467948749776,0.005008859251383964,-0.021454162456464053
5.215,10.0,-7.0,20.0,9.441367734873602,-7.731000192058672,5.537547222161407,1.9855148278011674,2.6460946279264257,37.33751925738031,2.234529060505634,2.9240007682347007,36.15613194459645,14.715,0.005028541950152461,0.0048620249621354845,-0.02472328911681409
5.22,10.0,-7.0,20.0,9.42618434246151,-7.7482876614996785,5.725182430749513,2.04881832169876,2.722294955676281,37.16045174212091,2.295262630153989,2.9931506459987003,35.6870439231262,14.715,0.004962459605400448,0.004710733912153697,-0.0277212020144306
5.2250000000000005,10.0,-7.0,20.0,9.411375592688703,-7.76500185465337,5.911956967202096,2.110976035746096,2.796498010534034,36.96191325731385,2.354497629245164,3.060007418613478,35.220107581994725,14.715,0.004890701800666208,0.0045557544927757295,-0.030465791829522033
5.23,10.0,-7.0,20.0,9.39695211675295,-7.781137650687801,6.097766074696856,2.1719207487750274,2.868641267641839,36.74371809589439,2.412191532988234,3.124550602751178,34.755584813257876,14.715,0.004813702769305268,0.004397765855687769,-0.032973815676582946
5.235,10.0,-7.0,20.0,9.382923122836326,-7.796691736162091,6.282513675166551,2.231591482962746,2.938671795391453,36.50756053680557,2.468307508654708,3.1867669446483946,34.29371581208363,14.715,0.004731904054878784,0.004237426913048398,-0.035260968523760566
5.24,10.0,-7.0,20.0,9.369296482908961,-7.811662446013902,6.466111804114208,2.2899335395190183,3.006546016873154,36.255022452061176,2.522814068364143,3.2466497840555903,33.834720489714464,14.715,0.004645711149345599,0.004075324395630231,-0.037341950095086736
5.245,10.0,-7.0,20.0,9.35607881553869,-7.8260496150742505,6.64848008094766,2.3468979200287827,3.07222872336639,35.9875804346566,2.5756847378452017,3.3041984602969543,33.37879979763082,14.715,0.00455552800410949,0.003912017703428943,-0.03923052756509194
5.25,10.0,-7.0,20.0,9.343275564590977,-7.839854439924073,6.82954521252356,2.402441248869873,3.1356927262093808,35.70661247746267,2.6268977416360504,3.359417759696304,32.92613696869111,14.715,0.004461729571241555,0.003748006777103373,-0.04093959429171232
5.255,10.0,-7.0,20.0,9.330891074238655,-7.853079350229583,7.0092405278528265,2.4565253085378727,3.1969180446785144,35.41340423147605,2.6764357030453905,3.4123174009183503,32.47689868036791,14.715,0.0043646839375064365,0.003583761519853406,-0.04248122485309657
5.26,10.0,-7.0,20.0,9.318928660253949,-7.86572788926034,7.187505541964143,2.5091168980612517,3.2558915115346974,35.10915486989746,2.7242853589842255,3.4629115570413522,32.03123614508965,14.715,0.004264735000512448,0.0034197022058741556,-0.043866726609211634
5.265,10.0,-7.0,20.0,9.307390677894197,-7.877804602872164,7.364285547122342,2.5601874488323033,3.3126060944264695,34.794982582927204,2.770437288423236,3.5112184114886813,31.58928613219414,14.715,0.004162216727533381,0.003256219012880231,-0.04510668801759918
5.2700000000000005,10.0,-7.0,20.0,9.29627858640616,-7.889314936606693,7.539531229658733,2.6097128499773894,3.3670604936484327,34.471929726524486,2.8148856543753924,3.5572597464267797,31.151171925853166,14.715,0.004057442290345301,0.0030936603319647133,-0.046211023900248144
5.275,10.0,-7.0,20.0,9.285593010388,-7.900265140299677,7.713198310827245,2.657673122946342,3.4192585692611352,34.140967646966686,2.8576279584480226,3.6010605611987447,30.717004222931905,14.715,0.003950713312750262,0.0029323459318484277,-0.04718901786051073
5.28,10.0,-7.0,20.0,9.275333798064125,-7.91066217983382,7.885247210166295,2.704052233112661,3.469208953715182,33.80300120161984,2.8986648077434705,3.642648719335279,30.28688197458426,14.715,0.003842313120597002,0.002772560219291669,-0.04804936202495243
5.285,10.0,-7.0,20.0,9.265500076663061,-7.920513655514869,8.055642729971842,2.74883780883101,3.5169245650991803,33.458872995079105,2.9379996933477623,3.682054622059505,29.86089317507037,14.715,0.0037325127993743682,0.0026145612755407665,-0.04880019428308812
5.29,10.0,-7.0,20.0,9.25609030497019,-7.929827726712541,8.224353759553326,2.7920209510993854,3.56242224713682,33.10936734859918,2.9756387801192483,3.719310906850175,29.43911560111667,14.715,0.0036215670648468102,0.00245857719155961,-0.04944913317986775
5.295,10.0,-7.0,20.0,9.247102323211843,-7.938613042315451,8.391352998046614,2.8335959875437093,3.6057223542055854,32.75521401962583,3.011590707152613,3.754452169261809,29.021617504883448,14.715,0.0035097182886642785,0.0023048124048683206,-0.050003310611631414
5.3,10.0,-7.0,20.0,9.238533400350809,-7.946878676660029,8.556616694621441,2.8735602872410597,3.6468484247959005,32.39709168715981,3.045866398596734,3.787514706640078,28.608458263446398,14.715,0.0033971940360697905,0.0021534459198267624,-0.05046940246223588
5.305,10.0,-7.0,20.0,9.230380278926093,-7.95463407054146,8.720124405005766,2.9119140431261163,3.6858268273361174,32.03563121770565,3.0784788842956217,3.8185362821658644,28.199688987485565,14.715,0.0032842097950691452,0.002004635857785672,-0.05085365731104243
5.3100000000000005,10.0,-7.0,20.0,9.222639217520038,-7.961888976991715,8.881858763308326,2.9486600960709732,3.7226864692053545,31.671418725614732,3.109443129919828,3.8475559079668793,27.795353091729154,14.715,0.0031709675725349698,0.0018585188102209634,-0.05116192333317193
5.315,10.0,-7.0,20.0,9.215306030968495,-7.968653411482915,9.041805268192073,2.983803741154284,3.7574584946611944,31.304998440769403,3.1387758761260494,3.8746136459316847,27.395486829519843,14.715,0.0030576577939446597,0.0017152131882690338,-0.05139967350722299
5.32,10.0,-7.0,20.0,9.208376128397086,-7.9749376062691235,9.199952082504899,3.0173525631972504,3.790176029071261,30.936875395730116,3.166495486411606,3.8997504250765433,27.000119793737724,14.715,0.002944458568858398,0.001574819235496799,-0.051572029236435474
5.325,10.0,-7.0,20.0,9.201844549186378,-7.980751968568209,9.356289845534675,3.049316263590089,3.820873921804264,30.567517943708484,3.1926218032544407,3.9230078742728733,26.609275386163326,14.715,0.002831537057494323,0.001437421555182857,-0.051683782484031104
5.33,10.0,-7.0,20.0,9.195705996947051,-7.986107042325567,9.510811497104147,3.0797065082918107,3.849588523931377,30.19736011800759,3.2171760122118362,3.944428169302261,26.222971257239628,14.715,0.0027190491567720115,0.0013030894874089057,-0.05173941651612546
5.335,10.0,-7.0,20.0,9.189954871597816,-7.991013473299168,9.663512112773088,3.1085367727241966,3.8763574700728993,29.826803842902162,3.2401805136086934,3.9640538931966254,25.841219718067297,14.715,0.002607140521321535,0.001171879060427324,-0.05174312534021894
5.34,10.0,-7.0,20.0,9.184585299624047,-7.995481977235667,9.814388749458596,3.135822202498845,3.9012194870600414,29.456221005300787,3.2616588015038426,3.9819279089426503,25.464028126353508,14.715,0.0024959465110546597,0.0010438335496971759,-0.051698831921487345
5.345,10.0,-7.0,20.0,9.179591162601723,-7.999523310910225,9.963440300829092,3.1615794744270143,3.9242142095860224,29.085955395943607,3.281635349593112,3.9980932436408922,25.091399247927242,14.715,0.0023855929850519647,0.0009189850156703435,-0.05161020525396718
5.3500000000000005,10.0,-7.0,20.0,9.174966124060896,-8.003148245826113,10.11066736186628,3.1858266697801443,3.9453820169724607,28.716324528336582,3.3001355037564513,4.012592983304432,24.723331595334297,14.715,0.002276196408760087,0.0007973549341299824,-0.05148067635880282
5.355,10.0,-7.0,20.0,9.17070365476631,-8.006367544375966,10.256072102028108,3.208583149819955,3.9647638781554138,28.34762134310679,3.3171853809347147,4.02547017750381,24.35981974492973,14.715,0.002167864495862621,0.0006789554289031263,-0.051313453277251835
5.36,10.0,-7.0,20.0,9.1667970564853,-8.009191938285083,10.399658146479998,3.2298694411280087,3.9824012136125506,27.980115804978258,3.33281177405876,4.036767753140304,24.00085463380001,14.715,0.0020606964094933575,0.0005637899081433385,-0.05111153512168309
5.365,10.0,-7.0,20.0,9.163239484314499,-8.011632109164339,10.54143046489546,3.24970712430375,3.998335765776695,27.61405639911487,3.347042062742017,4.0465284366573995,23.64642383776137,14.715,0.0019547832996336238,0.00045185406594032895,-0.05087772524406678
5.37,10.0,-7.0,20.0,9.160023967631252,-8.01369867101529,10.681395267357404,3.2681187307409325,4.012609483249139,27.249671533150966,3.359904129474958,4.054794684061159,23.296511831606463,14.715,0.0018502085562536901,0.000343136487676433,-0.050614643577405215
5.375,10.0,-7.0,20.0,9.157143429735735,-8.015402154537636,10.819559906921034,3.285127643314325,4.025264413212416,26.887170850832934,3.3714262810570514,4.061608618150521,22.951100232697392,14.715,0.0017470482723744242,0.00023761947213414103,-0.05032473820227178
5.38,10.0,-7.0,20.0,9.154590706245408,-8.016752993101598,10.955932788425924,3.300758003898327,4.036342605216053,26.526746462821567,3.3816371750183705,4.067011972406417,22.610168028935206,14.715,0.0016453715220694988,0.00013527958666799893,-0.05001029618722971
5.385,10.0,-7.0,20.0,9.152358562302734,-8.017761510255259,11.090523283170672,3.3150346249897136,4.0458860225757025,26.168574099855633,3.3905657507890288,4.071046041021028,22.273691792073343,14.715,0.0015452407682752948,3.6088346716695e-05,-0.049673453748796365
5.39,10.0,-7.0,20.0,9.150439708653582,-8.018437908647254,11.223341649087136,3.327982907226143,4.053936463224864,25.812814193150093,3.3982411653857225,4.073751634589052,21.94164587728217,14.715,0.001446712148609073,-5.998728737485534e-05,-0.04931620577379791
5.3950000000000005,10.0,-7.0,20.0,9.148826816652523,-8.018792260252319,11.354398956073885,3.339628760992573,4.060535487455976,25.45961288659543,3.404692733389927,4.075169041009265,21.614002609815284,14.715,0.001349835839850792,-0.00015298434645784646,-0.048940414744239984
5.4,10.0,-7.0,20.0,9.147512532248276,-8.018834497795925,11.483707016169282,3.3499985331895683,4.065724353560275,25.109102985037335,3.4099498710068774,4.075337991183694,21.290732459576812,14.715,0.0012546563409684664,-0.00024294341580781653,-0.04854781910222981
5.405,10.0,-7.0,20.0,9.146489489001143,-8.018574407280786,11.61127831826444,3.359118937950202,4.069543959589966,24.76140484264704,3.414042043995462,4.0742976291231505,20.971804204338884,14.715,0.0011612128020404154,-0.00032990816625472197,-0.048140041090191654
5.41,10.0,-7.0,20.0,9.14575032018167,-8.018021621525453,11.737125967074702,3.3670169919227715,4.072034791742638,24.416627195140247,3.4169987192733102,4.072086486101785,20.657185082313227,14.715,0.001069539297659136,-0.0004139249755823946,-0.04771859409931365
5.415,10.0,-7.0,20.0,9.145287669998213,-8.017185614631158,11.86126362610564,3.3737199532891697,4.073236878111372,24.07486793936668,3.4188493200071526,4.0687424585246035,20.346840934735866,14.715,0.0009796651257492788,-0.0004950425385308924,-0.047284889557202885
5.42,10.0,-7.0,20.0,9.14509420399882,-8.016075697299442,11.983705464365773,3.37925526485322,4.073189747996546,23.736214863570435,3.4196231840047586,4.064302789197715,20.04073633908556,14.715,0.0008916150671358492,-0.0005733115424943286,-0.046840243383592356
5.425,10.0,-7.0,20.0,9.145162618691183,-8.014701012928361,12.10446610659352,3.383650500611434,4.071932395867821,23.40074633141476,3.4193495252353108,4.058804051713484,19.73883473351619,14.715,0.000805409657861258,-0.000648784343547906,-0.0463858820413403
5.43,10.0,-7.0,20.0,9.145485650422428,-8.01307053442061,12.223560586780144,3.386933315967705,4.069503249997901,23.0685319226697,3.418057398310295,4.052282137682414,19.44109853304967,14.715,0.0007210654327845765,-0.0007215146915002214,-0.04592294820802468
5.4350000000000005,10.0,-7.0,20.0,9.14605608355881,-8.011193061641524,12.341004304783871,3.3891314011631004,4.06594014508933,22.73963303327999,3.415775665764802,4.0447722465660565,19.14748923804032,14.715,0.0006385951738761515,-0.0007915574614937746,-0.04545250609205735
5.44,10.0,-7.0,20.0,9.146866758003595,-8.009077219469704,12.456812985843003,3.390272437973928,4.061280298821293,22.414103437359046,3.4125329679856633,4.036308877878801,18.8579675353925,14.715,0.0005580081367743228,-0.0008589684231661993,-0.044975546415504955
5.445,10.0,-7.0,20.0,9.147910576089783,-8.006731456387088,12.571002642807589,3.3903840593555543,4.055560291796742,22.09198981349615,3.4083576956408783,4.026925825548369,18.572493392981055,14.715,0.0004793102771265397,-0.0009238040192767915,-0.04449299108466641
5.45,10.0,-7.0,20.0,9.149180508882615,-8.004164043559406,12.683589540920364,3.3894938120204627,4.048816050770329,21.77333223761308,3.403277964469568,4.016656174237669,18.2910261476991,14.715,0.00040250445976650816,-0.000986121173572744,-0.04400569756784976
5.455,10.0,-7.0,20.0,9.150669601925351,-8.001383074361502,12.794590164988056,3.387629121698613,4.041082834752258,21.458164644467217,3.3973215922986273,4.00553229744603,18.013524587529837,14.715,0.0003275906646774161,-0.0010459771093975399,-0.0435144629988148
5.46,10.0,-7.0,20.0,9.152370980460141,-7.998396464305617,12.904021188793882,3.3848172610301264,4.032395223846247,21.14651525976593,3.390516078159457,3.993585857222496,17.739947028015276,14.715,0.00025456617906954756,-0.0011034291912495743,-0.04302002802302811
5.465,10.0,-7.0,20.0,9.154277854154467,-7.99521195133378,13.0118994466113,3.3810853198893156,4.022787110503116,20.838407004734176,3.3828885833821367,3.980847805335144,17.470251383471737,14.715,0.00018342578439650286,-0.0011585347772823185,-0.04252308040287276
5.47,10.0,-7.0,20.0,9.156383521362121,-7.991837096438543,13.118241906687592,3.3764601780671364,4.012291693041964,20.533857874861667,3.3744659145515175,3.9673483857541645,17.204395233280987,14.715,0.00011416193177883505,-0.0012113510900229325,-0.04202425839688209
5.4750000000000005,10.0,-7.0,20.0,9.158681372946356,-7.988279284578994,13.223065646574014,3.3709684801470208,4.000941471185157,20.232881294448095,3.3652745082146076,3.953117138315955,16.942335883564958,14.715,4.676491146136087e-05,-0.0012619350975289286,-0.04152415392719683
5.48,10.0,-7.0,20.0,9.1611648956915,-7.984545725861629,13.32638783018675,3.364636612490914,3.9887682434634812,19.935486448463102,3.3553404172340087,3.9381829034465277,16.684030424533123,14.715,-1.877698773160237e-05,-0.00131034340923252,-0.04102331554849357
5.485,10.0,-7.0,20.0,9.1638276753281,-7.98064345695801,13.428225686490082,3.357490682195617,3.975803106285718,19.641678593142842,3.3446892986875567,3.9225738278320565,16.429435783774778,14.715,-8.247732523955189e-05,-0.0013566321812804594,-0.04052225123078097
5.49,10.0,-7.0,20.0,9.166663399195352,-7.9765793427333715,13.528596489699805,3.349556497933527,3.962076454540161,19.351459346656274,3.333346403218606,3.906317370933465,16.17850877575046,14.715,-0.0001443513644422623,-0.0014008570338296372,-0.0400214309677771
5.495,10.0,-7.0,20.0,9.169665858563485,-7.972360078062426,13.627517540911237,3.34085955255637,3.9476179835593843,19.0648269610903,3.321336565746062,3.8894403122496954,15.93120614772193,14.715,-0.00020441593468446015,-0.0014430729768033267,-0.03952128922173181
5.5,10.0,-7.0,20.0,9.17282895063758,-7.967992189810514,13.725006151062024,3.331425007376806,3.932456692328708,18.781776576925164,3.3086841974496846,3.8719687592420233,15.687484622344927,14.715,-0.00026268930104677006,-0.0014833343454443543,-0.03902222721497045
5.505,10.0,-7.0,20.0,9.176146680263233,-7.96348203896003,13.82107962514545,3.3212776780233066,3.9166208877988757,18.50230046109787,3.2954132789471164,3.853928155840131,15.447300937136383,14.715,-0.00031919104049598187,-0.001521694743164124,-0.0385246150776721
5.51,10.0,-7.0,20.0,9.17961316135345,-7.958835822863712,13.91575524759519,3.3104420217837838,3.9001381901985734,18.226388229683288,3.2815473545861837,3.8353432914548335,15.210611881012012,14.715,-0.0003739419248695651,-0.0015582069925800283,-0.03802879386101665
5.515,10.0,-7.0,20.0,9.183222618055115,-7.954059577607907,14.009050268767263,3.2989421263472987,3.8830355392289584,17.954027056157127,3.2671095277795072,3.8162383104316038,14.977374328081869,14.715,-0.00042696380990030485,-0.0015929230926631215,-0.03753507742392869
5.5200000000000005,10.0,-7.0,20.0,9.18696938567249,-7.949159180470335,14.100981892449543,3.286801699864861,3.8653392010515923,17.68520186614614,3.2521224573100707,3.7966367218813857,14.74754526887614,14.715,-0.00047827953060829793,-0.0016258941827770746,-0.037043754201519945
5.525,10.0,-7.0,20.0,9.190847911364205,-7.944140352458195,14.191567264333434,3.2740440622458653,3.847074775969469,17.419895519512753,3.236608354543223,3.776561409832825,14.52108183916644,14.715,-0.0005279128021634917,-0.0016571705118355522,-0.036555088862433714
5.53,10.0,-7.0,20.0,9.1948527546294,-7.939008660913674,14.28082346138641,3.2606921376197486,3.828267206725764,17.15808898056986,3.2205889814824205,3.756034643654716,14.297941346534005,14.715,-0.00057588812659735,-0.0016868014130652117,-0.03606932386222809
5.535,10.0,-7.0,20.0,9.19897858759778,-7.933769522175039,14.368767482067787,3.246768447887102,3.808940787337592,16.899761477170337,3.2040856496088534,3.735078088700123,14.078081294830508,14.715,-0.0006222307046719932,-0.001714835283240095,-0.035586680899103273
5.54,10.0,-7.0,20.0,9.203220195137607,-7.928428204282521,14.455416237333793,3.2322951072944885,3.789119172397928,16.64489064937066,3.187119219449609,3.713712817130037,13.86145940666554,14.715,-0.0006669663529654111,-0.001741319566356452,-0.03510736227822461
5.545,10.0,-7.0,20.0,9.207572474794821,-7.922989829719184,14.540786542381163,3.2172938179663566,3.7688253867790373,16.393452688323276,3.169710100820713,3.691959318876774,13.648033644047068,14.715,-0.0007101214258024804,-0.0017663007411236151,-0.034631552190299106
5.55,10.0,-7.0,20.0,9.212030436575818,-7.917459378177855,14.624895109081756,3.201785866332755,3.7480818356794323,16.14542246601188,3.1518782536967187,3.6698375127113865,13.437762227295627,14.715,-0.0007517227417814049,-0.0017898243120584509,-0.03415941790968064
5.555,10.0,-7.0,20.0,9.216589202585666,-7.911841689345976,14.707758539063537,3.185792120395075,3.7269103149592033,15.900773656405843,3.133643189657378,3.647366757383852,13.23060365234119,14.715,-0.0007917975149551922,-0.0018119348036412148,-0.03369111091722154
5.5600000000000005,10.0,-7.0,20.0,9.221244006532944,-7.9061414657010705,14.78939331739606,3.1693330277711156,3.705332021716173,15.659478848572853,3.115023973868235,3.6245658628042725,13.026516706509849,14.715,-0.0008303732900258963,-0.0018326757576095291,-0.033226767952334146
5.565,10.0,-7.0,20.0,9.225990193111652,-7.900363275310129,14.86981580684116,3.152428614469867,3.683367565054078,15.421509652256693,3.096039227553418,3.6014531012404647,12.825460482897132,14.715,-0.0008674778817619742,-0.0018520897325267093,-0.03276651199887637
5.57,10.0,-7.0,20.0,9.230823217270181,-7.894511554626936,14.949042242632004,3.1350984843432737,3.6610369770062334,15.186836796394145,3.0767071309193086,3.5780462185077098,12.627394393419975,14.715,-0.0009031393182510323,-0.001870218305945055,-0.03231045320890776
5.575,10.0,-7.0,20.0,9.235738643376616,-7.888590611281899,15.0270887277459,3.1173618191676367,3.638359723573462,14.955430221015979,3.0570454264935623,3.554362445127563,12.432278180635217,14.715,-0.000937385787741044,-0.0018871020785384217,-0.031858689768147506
5.58,10.0,-7.0,20.0,9.240732144289234,-7.882604626859544,15.103971228638459,3.0992373793107126,3.6153547158439574,14.727259162949544,3.037071422843051,3.530418507438221,12.240071928403877,14.715,-0.0009702455891283552,-0.00190278068007334,-0.031411308706912756
5.585,10.0,-7.0,20.0,9.245799500340427,-7.876557659659285,15.17970557140863,3.080743504939544,3.5920403211645944,14.502292235713464,3.0168019986382557,3.5062306386371,12.050736071478422,14.715,-0.0010017470856160274,-0.0019172927771739148,-0.030968386659795944
5.59,10.0,-7.0,20.0,9.250936598241871,-7.8704536474355855,15.254307438366114,3.0618981177307263,3.5684343743338,14.280497503971521,2.9962536070325596,3.4818145897423007,11.86423140408474,14.715,-0.0010319186616828111,-0.0019306760823064228,-0.030529990577336078
5.595,10.0,-7.0,20.0,9.25613942991827,-7.864296410114035,15.32779236497433,3.04271872304259,3.544554188794323,14.06184255288958,2.975442280326925,3.457185640456162,11.680519087564171,14.715,-0.0010607886829505423,-0.0019429673644388483,-0.030096178392747436
5.6000000000000005,10.0,-7.0,20.0,9.261404091276546,-7.858089652480261,15.400175737143872,3.023222412514519,3.5204165677977297,13.846294552717424,2.954383634893799,3.4323586099210286,11.499560657140345,14.715,-0.001088385458894277,-0.001954202460387566,-0.029666999646358917
5.605,10.0,-7.0,20.0,9.266726780916931,-7.8518369668389605,15.471472788852846,3.0034258670592027,3.4960378155266083,13.633820318898364,2.9330928763322603,3.407347867355846,11.321318027867884,14.715,-0.001114737208390093,-0.0019644162875401792,-0.029242496070577703
5.61,10.0,-7.0,20.0,9.272103798792061,-7.845541835640647,15.541698600072046,2.98334536021351,3.4714337481506474,13.424386367989364,2.9115848048317043,3.3821673425625702,11.1457534998199,14.715,-0.001139872027620321,-0.001973642857222279,-0.02882270213767148
5.615,10.0,-7.0,20.0,9.277531544819727,-7.839207634074039,15.610868094974224,2.9629967618203374,3.4466197048032727,13.217958969657955,2.8898738207210726,3.356830536296204,10.97282976256443,14.715,-0.0011638178605758796,-0.001981915288841541,-0.028407645572851147
5.62,10.0,-7.0,20.0,9.28300651745463,-7.83283763262227,15.678996040408045,2.9423955420101633,3.4216105584636654,13.014504195004472,2.867973930181434,3.331350530489083,10.802509898979887,14.715,-0.0011866024717704744,-0.0019892658247570713,-0.027997347834664583
5.625,10.0,-7.0,20.0,9.28852531222413,-7.826434999581377,15.746097044618484,2.921556775456338,3.3964207267298057,12.813987961443718,2.8458987511034985,3.30573999832555,10.63475738845382,14.715,-0.0012082534210936424,-0.0019957258454497166,-0.027591824564881948
5.63,10.0,-7.0,20.0,9.294084620232653,-7.820002803539718,15.812185556196654,2.900495145879003,3.3710641824743175,12.61637607436458,2.8236615190693994,3.280011214158876,10.469536109508388,14.715,-0.0012287980408625717,-0.0020013258854826798,-0.027191086009668495
5.635,10.0,-7.0,20.0,9.29968122663914,-7.813544015817226,15.877275863242977,2.8792249507714645,3.3455544643679542,12.421634265773177,2.8012750934434827,3.254176063268891,10.30681034189253,14.715,-0.0012482634145572313,-0.002006095649348909,-0.026795137413890953
5.64,10.0,-7.0,20.0,9.305312009111601,-7.807061512863577,15.94138209272874,2.857760106330038,3.319904687268593,12.229728230112046,2.7787519635535727,3.2282460514543403,10.146544768178167,14.715,-0.0012666763577228288,-0.002010064028105572,-0.026403979390227164
5.6450000000000005,10.0,-7.0,20.0,9.310973936262585,-7.80055807861451,16.004518210041958,2.836114152561255,3.2941275524607856,12.040623657435743,2.7561042549496966,3.202232314458007,9.988704474895139,14.715,-0.0012840634001910975,-0.0020132591157465515,-0.026017608264666547
5.65,10.0,-7.0,20.0,9.31666406606914,-7.794036406805738,16.066698018704365,2.814300258552286,3.2682353577460272,11.854286264111982,2.733343735723462,3.176145627222995,9.833254953239072,14.715,-0.0013004507704138767,-0.002015708226045832,-0.025636016399804805
5.655,10.0,-7.0,20.0,9.322379544280535,-7.787499103243997,16.12793516024717,2.79233122787888,3.2422400073734954,11.67068182120736,2.7104818228778176,3.1499964129759848,9.680162099382068,14.715,-0.0013158643807583425,-0.0020174379093831274,-0.02525919249742006
5.66,10.0,-7.0,20.0,9.328117602816851,-7.7809486880349255,16.188243114233998,2.7702195041414286,3.2161530218080996,11.489776180706023,2.6875295887326414,3.123794752139707,9.529392214414987,14.715,-0.001330329814834597,-0.002018473969478481,-0.02488712188157211
5.665,10.0,-7.0,20.0,9.333875558161303,-7.774387597767603,16.247635198420184,2.7479771766042456,3.1899855473338294,11.311535299700804,2.664497767354752,3.097550391070462,9.380912003949518,14.715,-0.0013438723157134774,-0.0020188414804341985,-0.02451978676340754
5.67,10.0,-7.0,20.0,9.339650809748933,-7.767818187655636,16.306124569038253,2.7256159859293296,3.163748365484764,11.135925262687804,2.6413967610043083,3.0712727506225117,9.234688577404384,14.715,-0.001356516775626426,-0.0020185648033523426,-0.02415716648889583
5.675,10.0,-7.0,20.0,9.345440838354163,-7.761242733634853,16.36372422120004,2.703147329987256,3.1374519023066973,10.962912302086732,2.6182366465833447,3.044970934539453,9.090689446999908,14.715,-0.0013682877269725255,-0.002017667603162931,-0.02379923777049665
5.68,10.0,-7.0,20.0,9.351243204479474,-7.754663434417671,16.420446989406607,2.6805822697301602,3.111106237443316,10.792462817102006,2.59502718208207,3.018653737670635,8.94888252648351,14.715,-0.0013792093340709694,-0.0020161728652547334,-0.023445974903776767
5.6850000000000005,10.0,-7.0,20.0,9.357055546747342,-7.748082413504348,16.47630554815751,2.6579315351196793,3.0847211130468124,10.624543391032498,2.571777813010611,2.9923296540173983,8.80923612960621,14.715,-0.0013893053865063345,-0.002014102911775904,-0.023097349969958943
5.69,10.0,-7.0,20.0,9.36287558029736,-7.741501721151372,16.531312412651683,2.6352055310904285,3.0583059425148105,10.45912080713059,2.5484976788106004,2.9660068846054872,8.671718968370781,14.715,-0.0013985992929017544,-0.0020114794182051567,-0.02275333302519963
5.695,10.0,-7.0,20.0,9.368701095190374,-7.734923336297279,16.585479939572593,2.612414343546111,3.031869819046973,10.296162063105644,2.525195619238479,2.9396933451891134,8.536300151068527,14.715,-0.001407114076122528,-0.002008323429123882,-0.022413892277539753
5.7,10.0,-7.0,20.0,9.374529954821261,-7.728349168446308,16.638820327950793,2.589567745370881,3.005421524030062,10.135634384360158,2.5018801807149957,2.9133966737852584,8.402949180123048,14.715,-0.0014148723688701234,-0.002004655374440892,-0.02207899425217372
5.705,10.0,-7.0,20.0,9.380360094341892,-7.721781059510304,16.691345620097486,2.5666752024533137,2.978969535242404,9.977505236042262,2.478559622632382,2.887124238041262,8.271635949756295,14.715,-0.0014218964106221907,-0.0020004950847818522,-0.02174860394587316
5.71,10.0,-7.0,20.0,9.386189519095653,-7.7152207856093185,16.743067702603128,2.5437458797065315,2.952522034887223,9.82174233399225,2.455241923617341,2.8608831424372285,8.142330743492204,14.715,-0.0014282080446658674,-0.0019958618071438893,-0.021422684971180928
5.715,10.0,-7.0,20.0,9.39201630306484,-7.70867005883144,16.793998307395405,2.5207886470858507,2.9260869174486603,9.668313654656375,2.4319347877406137,2.834680235325789,8.015004231511508,14.715,-0.0014338287166215514,-0.0019907742198585353,-0.021101199691062965
5.72,10.0,-7.0,20.0,9.397838587332036,-7.702130528952375,16.84414901285139,2.4978120855851595,2.8996717973780695,9.51718744403629,2.4086456506718856,2.808522115809529,7.8896274678715335,14.715,-0.0014387794727875871,-0.0019852504477601185,-0.020784109344557742
5.7250000000000005,10.0,-7.0,20.0,9.403654578556576,-7.69560378511535,16.893531244958908,2.474824493217057,2.873284016605416,9.368332225738593,2.3853816857737296,2.782415140461373,7.76617188760275,14.715,-0.0014430809598880725,-0.0019793080765197514,-0.020471374164051197
5.73,10.0,-7.0,20.0,9.40946254746704,-7.689091357471938,16.94215627852262,2.4518338909589876,2.8469306518855966,9.221716808184432,2.362149810131835,2.7563654298877243,7.644609303693471,14.715,-0.0014467534246904823,-0.001972964167304069,-0.020162953484670003
5.735,10.0,-7.0,20.0,9.415260827370636,-7.682594718784398,16.99003523841044,2.4288480286694654,2.8206185219729574,9.07731029103566,2.338956690517455,2.7303788751376117,7.524911903973925,14.715,-0.0014498167147444475,-0.001966235270623132,-0.019858805846275675
5.74,10.0,-7.0,20.0,9.42104781268027,-7.676115285990194,17.037179100836333,2.4058743909604505,2.7943541946336503,8.935082070890495,2.3158087492789114,2.704461143960801,7.407052247909181,14.715,-0.00145229027913922,-0.0019591374402821576,-0.019558889088566015
5.745,10.0,-7.0,20.0,9.426821957459989,-7.669654421729297,17.083598694675775,2.382920203027636,2.7681439934924343,8.795001846298081,2.2927121701600277,2.6786176869172067,7.291003263310579,14.715,-0.0014541931700475237,-0.0019516862467403927,-0.019263160439677414
5.75,10.0,-7.0,20.0,9.432581773989424,-7.663213435834964,17.129304702810295,2.3599924364292932,2.741994004720577,8.65703962213847,2.2696729040423254,2.6528537433398482,7.176738242974265,14.715,-0.0014555440444601598,-0.0019438967904413804,-0.018971576598723058
5.755,10.0,-7.0,20.0,9.438325831347795,-7.656793586788633,17.17430766349795,2.3370978148127928,2.7159100835635224,8.521165713411472,2.2466966746088555,2.627174347154501,7.064230841255163,14.715,-0.001456361166486137,-0.0019357837146071692,-0.018684093812630535
5.76,10.0,-7.0,20.0,9.444052754017926,-7.65039608313963,17.21861797176659,2.3142428195824203,2.6898978607143142,8.387350748475194,2.223788983928336,2.601584332558487,6.953455070583503,14.715,-0.0014566624098240701,-0.0019273612179440101,-0.018400667947671076
5.765,10.0,-7.0,20.0,9.449761220510753,-7.644022084890334,17.262245880827173,2.291433695507707,2.663962748532422,8.255565671772294,2.200955117956952,2.5760883395613554,6.844385297932053,14.715,-0.0014564652607661193,-0.0019186430668867121,-0.018121254555944724
5.7700000000000005,10.0,-7.0,20.0,9.45544996201063,-7.637672704847519,17.305201503504346,2.268676456266208,2.638109947113042,8.125781746080062,2.1782001519575127,2.5506908193900943,6.736996241239137,14.715,-0.0014557868212643368,-0.0019096426076877242,-0.01784580893726021
5.775,10.0,-7.0,20.0,9.461117761041773,-7.631349009940512,17.347494813681998,2.245976889921338,2.612344450207605,7.99797055431733,2.155528955832908,2.5253960397620316,6.631262965795019,14.715,-0.0014546438125737538,-0.0019003727780767525,-0.01757428619655984
5.78,10.0,-7.0,20.0,9.466763450156106,-7.625052022506882,17.389135647761357,2.2233405643284136,2.5866710510002346,7.8721040009400935,2.1329461993756045,2.5002080900275647,6.527160880596605,14.715,-0.001453052578729648,-0.0018908461187769168,-0.017306641297286176
5.785,10.0,-7.0,20.0,9.472385910642696,-7.61878272154632,17.430133706129524,2.2007728324726363,2.561094347740837,7.748154312954929,2.110456357429201,2.475130886185258,6.424665734676192,14.715,-0.0014510290907750782,-0.0018810747846323885,-0.017042829110878815
5.79,10.0,-7.0,20.0,9.477984071258959,-7.612542043943381,17.470498554636492,2.1782788377295375,2.5356187492391093,7.626094040577922,2.0880637149641865,2.450168175773485,6.32375361340878,14.715,-0.0014485889506035841,-0.0018710705554404977,-0.016782804462696196
5.795,10.0,-7.0,20.0,9.48355690698377,-7.606330885659773,17.510239626078718,2.15586351905462,2.51024848022244,7.505896057564696,2.0657723720649486,2.4253235426391226,6.224400934803227,14.715,-0.0014457473956083213,-0.0018608448466493023,-0.016526522174534434
5.8,10.0,-7.0,20.0,9.48910343779255,-7.600150102896843,17.549366221687652,2.1335316160917897,2.484987586558456,7.387533561235921,2.0435862488297607,2.400600411587372,6.126584445780875,14.715,-0.0014425193028742161,-0.0018504087195814574,-0.01627393710402476
5.805,10.0,-7.0,20.0,9.494622727454393,-7.594000513228932,17.58788751262147,2.1112876742082163,2.4598399403478606,7.2709800722206746,2.0215090901824286,2.376002052915751,6.030281218446346,14.715,-0.0014389191940811247,-0.0018397728915146901,-0.016025004181040556
5.8100000000000005,10.0,-7.0,20.0,9.500113882351242,-7.587882896708229,17.625812541458643,2.08913604944647,2.434809244888541,7.156209433939034,1.9995444705950807,2.3515315868328766,5.9354686463533834,14.715,-0.0014349612401205831,-0.0018289477455200947,-0.01577967844138068
5.815,10.0,-7.0,20.0,9.505576050319124,-7.581797996941805,17.66315022369192,2.0670809133990224,2.409899039513378,7.0431958118434475,1.9776957987235364,2.3271919877672294,5.8421244407701804,14.715,-0.0014306592660771132,-0.0018179433398578819,-0.01553791505781531
5.82,10.0,-7.0,20.0,9.511008419511386,-7.575746522141413,17.699909349221432,2.0451262580008045,2.3851127043071196,6.93191369243775,1.9559663219544297,2.3029860885656848,5.750226626946424,14.715,-0.0014260267561695319,-0.0018067694174303736,-0.015299669368758978
5.825,10.0,-7.0,20.0,9.516410217283866,-7.569729146146726,17.7360985838458,2.0232759002412846,2.360453464700553,6.822337882090816,1.934359130864499,2.278916584586917,5.659753540385497,14.715,-0.0014210768588865663,-0.0017954354145743073,-0.015064896904648628
5.83,10.0,-7.0,20.0,9.52178070910193,-7.5637465094225975,17.771726470750032,2.0015334867941044,2.3359243959505527,6.714443505661308,1.9128771635922475,2.2549860376903696,5.570683823124944,14.715,-0.001415822392123231,-0.0017839504700381966,-0.014833553412191378
5.835,10.0,-7.0,20.0,9.527119197469245,-7.557799220030967,17.80680143198935,1.9799024985650489,2.311528427502505,6.608206004948752,1.8915232101229902,2.231196880123865,5.482996420026613,14.715,-0.0014102758484040015,-0.0017723234333379574,-0.014605594876677912
5.84,10.0,-7.0,20.0,9.532425020878172,-7.551887854578011,17.84133176996787,1.9583862551578486,2.2872683472431947,6.503601136984809,1.8702999164872864,2.207551418312074,5.3966705750803365,14.715,-0.0014044494001706398,-0.0017605628731895498,-0.014380977542367949
5.845,10.0,-7.0,20.0,9.537697552781605,-7.546012959137114,17.87532566891138,1.9369879192575912,2.263146805642292,6.400604972178545,1.849209788873577,2.1840518365484027,5.311685827721554,14.715,-0.00139835490508919,-0.0017486770854483163,-0.014159657931230056
5.8500000000000005,10.0,-7.0,20.0,9.54293620058613,-7.54017505014824,17.908791196333368,1.9157105009321227,2.2391663197887692,6.299193892327493,1.8282551976555288,2.16070020059294,5.228022009166609,14.715,-0.0013920039114169696,-0.0017366741010090335,-0.013941592859970086
5.855,10.0,-7.0,20.0,9.548140404666276,-7.53437461529428,17.941736304493553,1.8945568618512099,2.2153292773221174,6.199344588506741,1.8074383813349049,2.137498461177171,5.145659238766118,14.715,-0.0013854076633655723,-0.0017245616934359052,-0.013726739455622026
5.86,10.0,-7.0,20.0,9.553309637399694,-7.52861211435492,17.974168831848313,1.8735297194241038,2.1916379402615647,6.101034058846386,1.7867614504011802,2.1144484574196403,5.064577920379204,14.715,-0.0013785771064708124,-0.0017123473862984562,-0.013515055169660993
5.865,10.0,-7.0,20.0,9.558443402223048,-7.522887980038569,18.00609650449236,1.8526316508559655,2.1680944487368916,6.00423960620788,1.7662263911078018,2.0915519201542883,4.984758738769094,14.715,-0.0013715228930342336,-0.0017000384603822506,-0.013306497790849133
5.87,10.0,-7.0,20.0,9.563541232708385,-7.517202618792899,18.037526937591046,1.8318650971226447,2.144700824622032,5.908938835768404,1.7458350691664155,2.068810475171562,4.906182656022397,14.715,-0.001364255387487854,-0.001687641960759648,-0.01310102545679916
5.875,10.0,-7.0,20.0,9.568602691659764,-7.511556411594501,18.068467636802918,1.8112323668654107,2.121458975072907,5.815109652522399,1.7255892333609943,2.046225646378005,4.8288309079927245,14.715,-0.001356784671746021,-0.001675164703385507,-0.01289859666441787
5.88,10.0,-7.0,20.0,9.573627370229898,-7.505949714718178,18.09892599969189,1.7907356402062773,2.0983706959757655,5.722730258708316,1.7054905190804415,2.0237988588726927,4.752685000770283,14.715,-0.0013491205506978548,-0.0016626132819444327,-0.012699170279248856
5.885,10.0,-7.0,20.0,9.578614887056574,-7.500382860486367,18.12890931712877,1.770376972482344,2.075437675301909,5.63177915116845,1.6855404517737422,2.0015314419455033,4.677726707178044,14.715,-0.0013412725573669225,-0.001649994073971299,-0.01250270554383334
5.89,10.0,-7.0,20.0,9.583564887418559,-7.494856157999187,18.158424774681606,1.7501582979043337,2.052661496378747,5.542235118648891,1.665740450325728,1.9794246319967146,4.60393806329597,14.715,-0.0013332499584776704,-0.001637313247369167,-0.012309162085108396
5.8950000000000005,10.0,-7.0,20.0,9.588477042410773,-7.489369893845597,18.187479453994623,1.7300814331338792,2.030043641071031,5.454077239046496,1.6460918303569145,1.9574795753824035,4.531301365013421,14.715,-0.0013250617595005276,-0.001624576766124973,-0.012118499920967757
5.9,10.0,-7.0,20.0,9.593351048138436,-7.483924332796106,18.216080334155365,1.7101480807873872,2.007585492883329,5.367284876608862,1.6265958074462945,1.935697331184431,4.459799164611589,14.715,-0.0013167167101912631,-0.0016117903965413814,-0.01193067946595629
5.905,10.0,-7.0,20.0,9.598186624929907,-7.478519718477536,18.24423429304979,1.690359832859741,1.9852883399759482,5.281837679093526,1.6072535002803408,1.9140788739100951,4.389414267375497,14.715,-0.0013082233095370029,-0.0015989597125482156,-0.011745661536263368
5.91,10.0,-7.0,20.0,9.602983516567955,-7.4731562740302255,18.27194810870507,1.6707181740766548,1.9631533781071038,5.197715574891396,1.5880659337282217,1.8926250961208484,4.320129728237318,14.715,-0.0012995898111672676,-0.0015860901015932384,-0.011563407353951491
5.915,10.0,-7.0,20.0,9.60774148953917,-7.467834202748177,18.299228460619844,1.6512244851693125,1.9411817134926788,5.114898770119901,1.5690340418433277,1.8713368109927186,4.251928848450396,14.715,-0.0012908242283835925,-0.0015731867697280106,-0.011383878550585766
5.92,10.0,-7.0,20.0,9.612460332301245,-7.462553688702518,18.326081931081767,1.6318800460770353,1.9193743655947668,5.033367745690143,1.5501586707949808,1.8502147548100698,4.184795172295594,14.715,-0.0012819343392376779,-0.0015602547470576818,-0.011207037170193133
5.925,10.0,-7.0,20.0,9.617139854567796,-7.457314897348723,18.352515006472164,1.6126860390775382,1.8977322698334627,4.953103254352855,1.5314405817287955,1.8292595893949333,4.118712483819573,14.715,-0.001272927691641903,-0.001547298892586893,-0.011032845671696606
5.93,10.0,-7.0,20.0,9.621779886610502,-7.45211797611799,18.378534078557653,1.5936435518445529,1.8762562802302556,4.874086317726931,1.512880453558035,1.8084719044719162,4.0536648036058915,14.715,-0.0012638116082904418,-0.0015343238993840017,-0.010861266930788746
5.9350000000000005,10.0,-7.0,20.0,9.626380278578209,-7.446963054993186,18.404145445768574,1.5747535804357546,1.85494717197818,4.796298223314531,1.4944788856871851,1.7878522199727551,3.989636385578547,14.715,-0.0012545931916258383,-0.0015213342990762577,-0.010692264241349479
5.94,10.0,-7.0,20.0,9.630940899832735,-7.441850247069703,18.42935531446418,1.5560170322105509,1.8338056439480446,4.719720521506034,1.4762364006690647,1.7674009882787856,3.9266117138395518,14.715,-0.001245279328652706,-0.0015083344668319688,-0.010525801316343883
5.945,10.0,-7.0,20.0,9.635461638301104,-7.436779649101668,18.454169800184438,1.5374347286801135,1.8128323211235164,4.644335022578565,1.4581534467955792,1.7471185964067202,3.8645754995388852,14.715,-0.001235876695833625,-0.001495328625468652,-0.010361842288386413
5.95,10.0,-7.0,20.0,9.639942399843859,-7.431751342033815,18.47859492888843,1.5190074082886604,1.7920277569773468,4.570123793690475,1.440230400624556,1.7270053681352953,3.8035126777789245,14.715,-0.0012263917637306333,-0.0014823208502622507,-0.010200351709814624
5.955,10.0,-7.0,20.0,9.644383107639236,-7.4267653915194165,18.502636638179236,1.5007357291297898,1.7713924357784812,4.497069155875296,1.4224675694430724,1.7070615660776693,3.7434084045518854,14.715,-0.0012168308017809165,-0.0014693150727553969,-0.010041294552484965
5.96,10.0,-7.0,20.0,9.648783701582841,-7.4218218484245995,18.52630077851532,1.4826202715961083,1.750926774844183,4.42515368103716,1.404865193668595,1.6872873936983528,3.684248053711684,14.715,-0.0012071998828406393,-0.0014563150853000655,-0.009884636207159405
5.965,10.0,-7.0,20.0,9.653144137702585,-7.41692074931941,18.549593114408346,1.4646615409656065,1.7306311267264696,4.354360188950605,1.3874234491896649,1.6676829972776197,3.6260172139791234,14.715,-0.0011975048877577985,-0.0014433245447021113,-0.009730342482643185
5.97,10.0,-7.0,20.0,9.657464387588568,-7.412062116955937,18.572519325607455,1.4468599699245024,1.7105057813455433,4.284671744266568,1.3701424496457202,1.6482484678237097,3.56870168598137,14.715,-0.001187751509900494,-0.0014303469764353211,-0.009578379604583768
5.9750000000000005,10.0,-7.0,20.0,9.66174443783763,-7.407245960733837,18.59508500826995,1.4292159210273083,1.6905509680618978,4.216071653526964,1.3530222486495136,1.6289838429353585,3.512287479325145,14.715,-0.0011779452594551383,-0.0014173857781182063,-0.009428714214038068
5.98,10.0,-7.0,20.0,9.665984289512279,-7.402472277153566,18.617295676118463,1.4117296890975273,1.6707668576975065,4.14854346218954,1.336062841950908,1.6098891086142584,3.4567608097038183,14.715,-0.0011680914679297505,-0.001404444223485479,-0.009281313365779134
5.985,10.0,-7.0,20.0,9.670183957613729,-7.3977410502576335,18.63915676158456,1.3944015035661388,1.6511535644988682,4.082070951664853,1.3192641695451006,1.5909642010304932,3.4021080960385985,14.715,-0.0011581952922520898,-0.0013915254656601795,-0.009136144526370004
5.99,10.0,-7.0,20.0,9.67434347056874,-7.393052252060171,18.660673616938872,1.3772315307537737,1.631711148051794,4.016638136367034,1.3026261177250738,1.5722090082406501,3.3483159576528005,14.715,-0.0011482617191463744,-0.0013786325408892937,-0.008993175572071565
5.995,10.0,-7.0,20.0,9.678462869729996,-7.388405842965115,18.681851515407743,1.3602198760926614,1.6124396151411773,3.952229260779552,1.2861485210799997,1.5536233718604338,3.2953712114806555,14.715,-0.0011382955691255606,-0.001365768371690588,-0.008852374786487668
6.0,10.0,-7.0,20.0,9.682542208889766,-7.383801772173289,18.702695652276482,1.3433665862939403,1.5933389215640692,3.888828796537831,1.269831164440927,1.535207088693111,3.2432608693088154,14.715,-0.0011283015006485564,-0.0013529357702816074,-0.00871371085812134
6.005,10.0,-7.0,20.0,9.686581553806516,-7.379239978078661,18.723211145979253,1.3266716514580263,1.5744089738919147,3.8264214395293723,1.2536737847739479,1.5169599123145978,3.1919721350518895,14.715,-0.001118284014075134,-0.0013401374416305773,-0.008577152877694252
6.01,10.0,-7.0,20.0,9.690580981744283,-7.374720388654044,18.743403039175657,1.310135007131003,1.5556496311872727,3.764992107013076,1.2376760730228848,1.4988815546162055,3.141492402060868,14.715,-0.0011082474555977452,-0.0013273759866497751,-0.008442670335377038
6.015000000000001,10.0,-7.0,20.0,9.69454058102446,-7.37024292182651,18.7632762998141,1.293756536307413,1.537060706672894,3.7045259347584008,1.2218376759022067,1.4809716873060674,3.0918092504647516,14.715,-0.0010981960210848447,-0.0013146539051187968,-0.008310233117855751
6.0200000000000005,10.0,-7.0,20.0,9.698460450589792,-7.365807485842778,18.782835822182008,1.2775360713807669,1.5186419693569457,3.6450082742055288,1.2061581976407876,1.463229943371073,3.0429104445450026,14.715,-0.0010881337598979562,-0.0013019735986165377,-0.008179811505293224
6.025,10.0,-7.0,20.0,9.702340699580283,-7.3614139796248095,18.80208642794295,1.2614733960421824,1.5003931456141915,3.5864246896472967,1.1906372016788471,1.4456559184992126,2.9947839301426304,14.715,-0.001078064578521368,-0.0012893373733633,-0.008051376168178156
6.03,10.0,-7.0,20.0,9.706181446920784,-7.357062293115879,18.82103286716079,1.2455682471298786,1.4823139207243472,3.528760955433694,1.1752742123168516,1.4282491724635522,2.9474178320980364,14.715,-0.0010679922443571652,-0.0012767474429772998,-0.007924898164062704
6.035,10.0,-7.0,20.0,9.70998282091998,-7.352752307617338,18.839679819310923,1.2298203164271766,1.464403940368783,3.4720030531997232,1.1600687163200403,1.4110092304693622,2.900800451722661,14.715,-0.0010579203891004525,-0.0012642059311220196,-0.007800348934244539
6.04,10.0,-7.0,20.0,9.713744958880547,-7.348483896116321,18.85803189427872,1.2142292524150533,1.4466628120870828,3.4161371691170257,1.1450201644777622,1.3939355844653207,2.854920264303206,14.715,-0.0010478525124337252,-0.0012517148741005414,-0.007677700300322627
6.045,10.0,-7.0,20.0,9.717468006720226,-7.3442569236046085,18.876093633345246,1.19879466197469,1.4290901066941801,3.361149691170174,1.1301279731190492,1.377027694418382,2.8097659166368927,14.715,-0.0010377919853194859,-0.0012392762234437393,-0.007556924460745523
6.05,10.0,-7.0,20.0,9.721152118603563,-7.340071247388867,18.893869510160357,1.1835161120457904,1.4116853596581105,3.3070272064576876,1.115391525585746,1.3602849895554645,2.765326224599103,14.715,-0.0010277420534689676,-0.001226891848232333,-0.007437993987219345
6.055,10.0,-7.0,20.0,9.724797456584078,-7.335926717392488,18.911363931703324,1.1683931312381488,1.3944480724421677,3.2537564985187686,1.10081017366371,1.3437068695699252,2.721590170741677,14.715,-0.0010177058405760498,-0.001214563537686419,-0.0073208818211362575
6.0600000000000005,10.0,-7.0,20.0,9.728404190256647,-7.331823176449238,18.92858123923102,1.15342521139985,1.3773777138075955,3.201324544685624,1.0863832389733998,1.3272927057969894,2.6785469019224477,14.715,-0.0010076863515952287,-0.0012022930032135116,-0.007205561269906015
6.065,10.0,-7.0,20.0,9.731972496419814,-7.327760460588904,18.945525709213808,1.138611809141461,1.3604737210845486,3.1497185134620564,1.0721100143207725,1.3110418423555965,2.636185726965496,14.715,-0.0009976864758641315,-0.0011900818809778032,-0.007092006003266687
6.07,10.0,-7.0,20.0,9.735502558747875,-7.323738399315162,18.962201554259288,1.123952347318451,1.3437355014038401,3.0989257619284785,1.0579897650084846,1.294953597260627,2.594496114351814,14.715,-0.000987708990291743,-0.0011779317337438184,-0.006980190049557272
6.075,10.0,-7.0,20.0,9.73899456747244,-7.319756815875831,18.978612924023917,1.1094462164708883,1.3271624328998461,3.0489338331736224,1.0440217301102532,1.279027263503273,2.553467689940184,14.715,-0.0009777565622546467,-0.0011658440533739976,-0.0068700877919583465
6.08,10.0,-7.0,20.0,9.742448719073302,-7.315815527525735,18.994763906112706,1.0950927762245954,1.3107538658751918,2.999730453753177,1.0302051237067416,1.263262110102911,2.51309023471827,14.715,-0.0009678317527665602,-0.0011538202625377897,-0.006761673964696099
6.085,10.0,-7.0,20.0,9.745865215978352,-7.311914345782324,19.010658526967052,1.0808913566498342,1.2945091239385051,2.9513035311756046,1.0165391360865377,1.2476573831292568,2.4733536825824025,14.715,-0.0009579370191492371,-0.0011418617170650925,-0.0066549236492820605
6.09,10.0,-7.0,20.0,9.74924426627239,-7.308053076674258,19.026300752740866,1.066841259584656,1.2784275051059995,2.903641151414897,1.0030229349103892,1.232212306697039,2.4342481181478277,14.715,-0.0009480747181541372,-0.0011299697075906772,-0.006549812270641991
6.095,10.0,-7.0,20.0,9.752586083414535,-7.304231520983119,19.04169449016507,1.0529417599164426,1.2625082828770413,2.856731576451049,0.9896556663418533,1.21692608393248,2.395763774587331,14.715,-0.0009382471084716672,-0.0011181454617537722,-0.006446315593326077
6.1000000000000005,10.0,-7.0,20.0,9.755890885964108,-7.300449474478413,19.056843587400614,1.039192106830396,1.2467507072757502,2.8105632418376794,0.9764364561435438,1.2017978979136212,2.3578910314984833,14.715,-0.0009284563537187008,-0.001106390145775803,-0.006344409717672732
6.105,10.0,-7.0,20.0,9.759158897314737,-7.296706728146055,19.071751834880125,1.0255915250181078,1.2311540058675423,2.765124754297125,0.9633644107410149,1.1868269125841853,2.3206204127997054,14.715,-0.0009187045248606059,-0.0010947048665005165,-0.006244071075958246
6.11,10.0,-7.0,20.0,9.762390345436511,-7.293003068410459,19.086422966138276,1.0121392158542872,1.2157173847439995,2.72040488934311,0.9504386182539726,1.1720122736417904,2.2839425846543198,14.715,-0.0009089936030454551,-0.0010830906729672727,-0.006145276428569251
6.115,10.0,-7.0,20.0,9.765585462625959,-7.289338277350433,19.100860658631085,0.9988343585357227,1.2004400294827575,2.6763925889308293,0.9376581494961399,1.1573531094017386,2.2478483534222713,14.715,-0.0008993254819729253,-0.0010715485582322747,-0.006048002860175605
6.12,10.0,-7.0,20.0,9.768744485263698,-7.285712132909002,19.11506853454414,0.9856761111891182,1.1853211060788773,2.6330769591344403,0.9250220589451985,1.142848531635969,2.2123286636396515,14.715,-0.000889701970486428,-0.0010600794609710326,-0.0059522277758931215
6.125,10.0,-7.0,20.0,9.771867653579537,-7.28212440909732,19.129050161589966,0.9726636119445818,1.1703597618508381,2.5904472678520385,0.9125293856818919,1.1284976363893156,2.1773745960250594,14.715,-0.000880124794989346,-0.0010486842670769235,-0.005857928897485708
6.13,10.0,-7.0,20.0,9.774955211424869,-7.278574876192824,19.142809053794632,0.9597959799772585,1.1555551263212303,2.5484929425378313,0.9001791543005295,1.1142995047713389,2.1429773655134503,14.715,-0.0008705956018107795,-0.0010373638113281992,-0.005765084259534029
6.135,10.0,-7.0,20.0,9.778007406052138,-7.275063300931761,19.156348672273687,0.9470723165178052,1.140906312071178,2.507203567961756,0.8879703757913996,1.1002532037270873,2.1091283193158032,14.715,-0.0008611159595213886,-0.001026118878750618,-0.005673672205683512
6.140000000000001,10.0,-7.0,20.0,9.781024487901268,-7.271589446696232,19.169672425997593,0.9344917058323913,1.1264124155728727,2.4665688839959627,0.8759020483948883,1.0863577867849619,2.0758189350060188,14.715,-0.000851687361249515,-0.0010149502062930997,-0.005583671384824854
6.1450000000000005,10.0,-7.0,20.0,9.784006710392799,-7.2681530736958875,19.182783672546726,0.9220532161721929,1.1120725179957511,2.426578783428659,0.8639731584288304,1.0726122947835095,2.0430408186331968,14.715,-0.0008423112268520381,-0.001003858484104257,-0.005495060747372214
6.15,10.0,-7.0,20.0,9.786954329727632,-7.264753939144415,19.195685718856137,0.9097559006944291,1.0978856859920583,2.387223309804605,0.8521826810895009,1.0590157565776595,2.0107857028596743,14.715,-0.0008329889051225933,-0.0009928443570548647,-0.005407819541518052
6.155,10.0,-7.0,20.0,9.78986760469317,-7.261391797430937,19.208381821950095,0.8975987983543754,1.0838509724582905,2.3484926552924357,0.8405295812273649,1.0455671897237904,1.9790454451247663,14.715,-0.000823721675847665,-0.000981908426067306,-0.005321927309508647
6.16,10.0,-7.0,20.0,9.792746796475718,-7.258066400286437,19.22087518966662,0.8855809347704987,1.0699674172753126,2.3103771585786532,0.8290128140971792,1.0322656011457618,1.9478120258334377,14.715,-0.000814510751959795,-0.0009710512494315699,-0.005237363883960478
6.165,10.0,-7.0,20.0,9.795592168478962,-7.254777496945374,19.233168981372096,0.8737013230612922,1.0562340480273595,2.272867302788006,0.8176313260841769,1.01910998778151,1.9170775465697238,14.715,-0.0008053572814578115,-0.0009602733441185817,-0.0051541093841936825
6.17,10.0,-7.0,20.0,9.79840398614839,-7.251524834302556,19.245266308666054,0.8619589646571114,1.0426498806999915,2.235953713430122,0.8063840554064357,1.0060993372102016,1.8868342283348931,14.715,-0.0007962623494555781,-0.0009495751870657609,-0.0050721442125801425
6.175,10.0,-7.0,20.0,9.801182516801493,-7.2483081570654155,19.257170236076263,0.8503528500851378,1.0292139203574238,2.1996271563723035,0.7952699327940402,0.9932326282616791,1.8570744098093375,14.715,-0.0007872269800431045,-0.0009389572163447855,-0.004991449050950906
6.18,10.0,-7.0,20.0,9.803928029463584,-7.245127207901818,19.26888378174429,0.8388819597301227,1.0159251618009462,2.1638785358380455,0.7842878821456515,0.9805088316072804,1.827790545639272,14.715,-0.000778252138212998,-0.0009284198324482676,-0.004912004856967002
6.1850000000000005,10.0,-7.0,20.0,9.806640794709118,-7.241981727583464,19.280409918101572,0.8275452645699398,1.0027825902067564,2.128698892431549,0.7734368211634971,0.9679269103338658,1.7989752047460783,14.715,-0.0007693387316235927,-0.0009179633993377816,-0.0048337928606090284
6.19,10.0,-7.0,20.0,9.80932108450834,-7.238871455125053,19.29175157253614,0.8163417268882526,0.9897851817466555,2.0940794011873782,0.7627156619666843,0.9554858205002361,1.7706210686596306,14.715,-0.0007604876124527079,-0.000907588245702273,-0.00475679456061201
6.195,10.0,-7.0,20.0,9.811969172079138,-7.235796127919263,19.302911628050158,0.8052703009629594,0.976931904188618,2.0600113696456464,0.752123311683445,0.9431845116770646,1.7427209298745854,14.715,-0.0007516995790991038,-0.0008972946659527625,-0.004680991720976805
6.2,10.0,-7.0,20.0,9.814585331743952,-7.232755481867685,19.313892923908334,0.7943299337325661,0.9642217174810456,2.02648623595219,0.7416586730241446,0.9310219274707466,1.7152676902291886,14.715,-0.0007429753778441767,-0.0008870829213730978,-0.004606366367509425
6.205,10.0,-7.0,20.0,9.81716983879162,-7.229749251507794,19.32469825627732,0.7835195654410161,0.9516535743184998,1.9934955669835275,0.7313206448335271,0.9189970060311685,1.6882543593067292,14.715,-0.0007343157045962528,-0.000876953241119691,-0.004532900784376747
6.21,10.0,-7.0,20.0,9.819722969344019,-7.226777170136063,19.335330378856245,0.7728381302597614,0.9392264206911036,1.9610310564964866,0.7211081226239301,0.9071086805442105,1.6616740528593832,14.715,-0.0007257212064240453,-0.0008669058232659869,-0.004460577510695151
6.215,10.0,-7.0,20.0,9.82224500022736,-7.22383896992731,19.345792003498506,0.7622845568900571,0.9269391964170056,1.929084523302261,0.7110199990905846,0.8953558797091863,1.6355199912537497,14.715,-0.0007171924831422758,-0.0008569408357724733,-0.004389379337168221
6.22,10.0,-7.0,20.0,9.824736208848051,-7.220934382050383,19.35608580082483,0.7518577691446963,0.9147908356590013,1.8976479094645524,0.7010551646077815,0.8837375282015241,1.6097854979379504,14.715,-0.0007087300888908786,-0.0008470584174733307,-0.004319289302749255
6.2250000000000005,10.0,-7.0,20.0,9.82719687307296,-7.218063136780255,19.36621440082785,0.7415566865092411,0.902780267425106,1.8667132785216103,0.6912125077081438,0.8722525471209966,1.5844639979303579,14.715,-0.0007003345335416748,-0.0008372586790081985,-0.004250290691324528
6.23,10.0,-7.0,20.0,9.829627271113987,-7.215224963606634,19.37618039346822,0.7313802246851866,0.8909064160538943,1.8362728137320306,0.6814909155440863,0.8608998544265148,1.559549016329441,14.715,-0.0006920062842585416,-0.0008275417037098806,-0.004182367028441372
6.235,10.0,-7.0,20.0,9.832027681416813,-7.21241959133918,19.385986329262373,0.7213272961128204,0.8791682016852723,1.8063188163439854,0.6718892743327877,0.8496783653566744,1.5350341768440954,14.715,-0.0006837457668162953,-0.0008179075485558072,-0.004115502078083279
6.24,10.0,-7.0,20.0,9.83439838255373,-7.209646748209387,19.395634719862098,0.7113968104771996,0.8675645407157955,1.7768437038875489,0.662406469785083,0.8385869928375784,1.5109132003447725,14.715,-0.0006755533670464791,-0.0008083562449531685,-0.004049679839453417
6.245,10.0,-7.0,20.0,9.83673965312041,-7.206906161969245,19.40512803862595,0.7015876751953931,0.856094346240951,1.7478400084900616,0.6530413875183746,0.827624647877023,1.4871799034351574,14.715,-0.0006674294321379453,-0.00079888779969302,-0.0039848845437955955
6.25,10.0,-7.0,20.0,9.83905177163654,-7.204197559986737,19.41446872118268,0.6918987958870302,0.8447565284820123,1.7193003752142613,0.643792913453872,0.8167902399469781,1.4638281970433087,14.715,-0.000659374272000094,-0.0007895021956285843,-0.0039211006512827285
6.255,10.0,-7.0,20.0,9.841335016450184,-7.201520669338271,19.423659165986738,0.6823290768272272,0.8335499952014483,1.691217560418699,0.6346599341992755,0.8060826773530405,1.4408520850331568,14.715,-0.000651388160470179,-0.0007801993926346295,-0.00385831284788622
6.26,10.0,-7.0,20.0,9.843589665645782,-7.198875216898109,19.432701734865958,0.6728774213840856,0.8224736521028937,1.6635844301405764,0.625641337416906,0.7955008675923868,1.4182456628350841,14.715,-0.000643471336607735,-0.0007709793282303364,-0.003796506042332119
6.265000000000001,10.0,-7.0,20.0,9.845815996955695,-7.196260929424876,19.44159875356158,0.6635427324394841,0.8115264032205294,1.6363939585003833,0.6167360121771802,0.7850437176995113,1.3960031160960333,14.715,-0.0006356240058939359,-0.0007618419184962642,-0.003735665363052225
6.2700000000000005,10.0,-7.0,20.0,9.84801428767518,-7.1936775336452135,19.450352512260576,0.6543239127944872,0.8007071512936934,1.6096392261283707,0.6079428492992598,0.7747101345808722,1.3741187193485733,14.715,-0.0006278463413578336,-0.0007527870586702464,-0.0036757761551909256
6.275,10.0,-7.0,20.0,9.850184814580693,-7.191124756334666,19.45896526612059,0.6452198655603872,0.7900147981313508,1.5833134186124627,0.5992607416772493,0.7644990253386464,1.3525868346985381,14.715,-0.0006201384848292322,-0.0007438146239667343,-0.0036168239776476737
6.28,10.0,-7.0,20.0,9.852327853851454,-7.188602324395856,19.467439235787364,0.6362294945335295,0.7794482449632522,1.5574098249673463,0.5906885845941809,0.7544092975833907,1.331401910531623,14.715,-0.0006125005479214855,-0.0007349244702135141,-0.003558794600127531
6.285,10.0,-7.0,20.0,9.854443680994148,-7.186109964934014,19.475776607904905,0.6273517045577562,0.7690063927804283,1.5319218361246894,0.582225276023378,0.7444398597360159,1.3105584802377275,14.715,-0.0006049326132193085,-0.0007261164345946,-0.0035016740002707793
6.29,10.0,-7.0,20.0,9.856532570770696,-7.183647405329952,19.483979535618445,0.6185854018715006,0.7586881426635292,1.5068429434439137,0.5738697169171986,0.734589621319788,1.2900511609538723,14.715,-0.0005974347352739586,-0.0007173903362471776,-0.003445448360763715
6.295,10.0,-7.0,20.0,9.858594797128998,-7.181214373310512,19.492050139070237,0.6099294944422552,0.7484923961011287,1.48216673724366,0.5656208114839726,0.7248574932420486,1.2698746523244198,14.715,-0.0005900069416729776,-0.0007087459769778561,-0.0033901040665367376
6.3,10.0,-7.0,20.0,9.860630633136553,-7.178810597016589,19.49999050588839,0.6013828922873157,0.7384180552963137,1.4578869053533234,0.5574774674537437,0.7152423880663685,1.2500237352790415,14.715,-0.00058264923398048,-0.0007001831418246799,-0.003335627701958171
6.305,10.0,-7.0,20.0,9.862640350916902,-7.17643580506876,19.507802691668704,0.5929445077826219,0.7284640234637989,1.433997231684683,0.5494385963324087,0.7057432202750328,1.2304932708282412,14.715,-0.0005753615887770785,-0.0006917015997334503,-0.003282006048067108
6.3100000000000005,10.0,-7.0,20.0,9.864624221588777,-7.1740897266306,19.515488720449724,0.5846132559582371,0.7186292051159574,1.410491594823351,0.5415031136448635,0.6963589065223653,1.2112781988756731,14.715,-0.0005681439585565154,-0.0006833011040970628,-0.0032292260798599923
6.315,10.0,-7.0,20.0,9.866582515207897,-7.1717720914697365,19.523050585181018,0.5763880547824856,0.7089125063397572,1.3873639666396569,0.5336699391683807,0.6870883658788938,1.1923735370474426,14.715,-0.0005609962726298032,-0.0006749813933902006,-0.0031772749635900505
6.32,10.0,-7.0,20.0,9.868515500711322,-7.169482630016705,19.530490248184794,0.5682678254346123,0.6993128350632679,1.3646084109188703,0.525937997154688,0.6779305200668635,1.1737743795380102,14.715,-0.0005539184380916328,-0.0006667421916826099,-0.0031261400541105753
6.325,10.0,-7.0,20.0,9.870423445864313,-7.167221073421646,19.537809641610973,0.5602514925650403,0.6898291013135037,1.3422190820104536,0.5183062165427854,0.668884293686591,1.1554758959725713,14.715,-0.0005469103405866022,-0.0006585832092695307,-0.0030758088922447397
6.33,10.0,-7.0,20.0,9.872306617209588,-7.164987153608932,19.54501066788575,0.5523379845460632,0.6804602174639526,1.3201902234961493,0.5107735311616869,0.659948614435693,1.1374733302856557,14.715,-0.0005399718452578447,-0.0006505041430665835,-0.0030262692021905545
6.335,10.0,-7.0,20.0,9.874165280018929,-7.1627806033297325,19.552095200153776,0.5445262337103324,0.671205098475192,1.2985161668766567,0.5033388799243067,0.6511224133189526,1.119761999615567,14.715,-0.0005331027974486679,-0.0006425046773183058,-0.0029775088889648204
6.34,10.0,-7.0,20.0,9.875999698247053,-7.160601156212622,19.559065082714046,0.5368151765806437,0.6620626621241273,1.2771913302766102,0.49600120701177897,0.6424046248504499,1.1023372932149156,14.715,-0.0005263030236203481,-0.0006345844839489033,-0.0029295160358583172
6.345,10.0,-7.0,20.0,9.87781013448771,-7.158448546812235,19.565922131449543,0.5292037540879032,0.6530318292270022,1.2562102171677882,0.4887594620491262,0.6337941872489748,1.085194671376163,14.715,-0.000519572332018056,-0.0006267432231174383,-0.0028822789019633
6.3500000000000005,10.0,-7.0,20.0,9.87959684993188,-7.156322510656048,19.572668134250748,0.5216909117808477,0.6441115238532809,1.235567415110026,0.48161260027247993,0.6252900426241791,1.0683296643731344,14.715,-0.0005129105135001695,-0.0006189805437590114,-0.002835785919676747
6.355,10.0,-7.0,20.0,9.881360104328083,-7.154222784289327,19.579304851433108,0.5142756000251533,0.6353006735306261,1.215257594510013,0.4745595826876506,0.6168911371573331,1.0517378714172227,14.715,-0.0005063173422276858,-0.0006112960838862425,-0.002790025692289584
6.36,10.0,-7.0,20.0,9.883100155944655,-7.152149105318289,19.585834016148507,0.5069567741939077,0.6265982094444356,1.1952755073973558,0.46759937622136927,0.6085964212731271,1.035414959628735,14.715,-0.000499792576359231,-0.0006036894712901588,-0.0027449869915695062
6.365,10.0,-7.0,20.0,9.884817261534016,-7.150101212451533,19.592257334790865,0.49973339484934104,0.6180030666262364,1.17561598621795,0.4607309538639799,0.6004048498061795,1.0193566630228672,14.715,-0.0004933359587951464,-0.0005961603236863994,-0.0027006587553952796
6.37,10.0,-7.0,20.0,9.886511676298785,-7.1480788455397635,19.598576487395917,0.49260442791508147,0.6095141841389109,1.1562739426442998,0.4539532948049057,0.5923153821590975,1.0035587815101834,14.715,-0.00048694721778132325,-0.0005887082494885412,-0.002657030085414457
6.375,10.0,-7.0,20.0,9.888183653859745,-7.1460817456138805,19.604793128035244,0.4855688448409229,0.6011305052497936,1.1372443664026082,0.4472653845609909,0.5843269824555511,0.9880171799119158,14.715,-0.00048062606759488607,-0.0005813328478573925,-0.002614090244710499
6.38,10.0,-7.0,20.0,9.889833446225568,-7.144109654921463,19.61090888520467,0.4786256227589035,0.5928509776020342,1.1185223241165791,0.44066621509771775,0.5764386196858154,0.9727277869883055,14.715,-0.0004743722091431849,-0.0005740337094730411,-0.0025718286555706524
6.385,10.0,-7.0,20.0,9.891461303764272,-7.142162316961683,19.616925362207066,0.4717737446319127,0.5846745533738982,1.100102958167204,0.43415478494289267,0.5686492678467145,0.9576865944823371,14.715,-0.00046818533064076296,-0.0005668104166033437,-0.00253023489716421
6.390000000000001,10.0,-7.0,20.0,9.893067475176306,-7.140239476518709,19.62284413752965,0.4650121993936846,0.5766001894361047,1.0819814855691756,0.42773009929473393,0.560957906074849,0.9428896561758763,14.715,-0.00046206510808291046,-0.0005596625437938674,-0.0024892987033890805
6.3950000000000005,10.0,-7.0,20.0,9.894652207469274,-7.138340879693634,19.62866676521588,0.4583399820830672,0.5686268474983237,1.0641531968627278,0.42139117012293703,0.5533635187745302,0.9283330869603135,14.715,-0.00045601120594800814,-0.000552589657964483,-0.0024490099606257415
6.4,10.0,-7.0,20.0,9.896215745934212,-7.136466273934949,19.634394775231936,0.45175609396926575,0.560753494253354,1.0466134550215584,0.41513701626312455,0.5458650957398125,0.9140130619201806,14.715,-0.00045002327767848695,-0.00054559131900612,-0.0024093587055997764
6.405,10.0,-7.0,20.0,9.897758334123345,-7.134615408067632,19.64002967382801,0.44525954267120843,0.5529791015118372,1.029357694376062,0.4089666635066139,0.5384616322705189,0.8999258154300023,14.715,-0.00044410096619591023,-0.0005386670799786167,-0.002370335123238278
6.41,10.0,-7.0,20.0,9.899280213829334,-7.13278803232087,19.6455729438943,0.4388493422705217,0.5453026463332471,1.0123814195519152,0.4028791446826542,0.531152129283485,0.8860676402642482,14.715,-0.00043824390454860843,-0.0005318164875420421,-0.002331929544560152
6.415,10.0,-7.0,20.0,9.900781625065914,-7.130983898354451,19.65102604531192,0.4325245134161945,0.5377231111498276,0.99568020442377,0.39687349973638725,0.5239355934177966,0.8724348867202008,14.715,-0.0004324517162370249,-0.0005250390822686876,-0.002294132444592745
6.42,10.0,-7.0,20.0,9.902262806049906,-7.129202759283875,19.656390415298723,0.42628408342552515,0.5302394838852114,0.9792496910838707,0.3909487758003983,0.51681103713555,0.8590239617532252,14.715,-0.00042672401590884994,-0.0005183343989484772,-0.0022569344403305207
6.425,10.0,-7.0,20.0,9.903723993184537,-7.1274443697042065,19.66166746875014,0.4201270863760319,0.5228507580678319,0.9630855888252883,0.38510402726188836,0.5097774788168106,0.8458313281246354,14.715,-0.00042106040961714176,-0.00051170196697378,-0.002220326288704011
6.43,10.0,-7.0,20.0,9.905165421044046,-7.125708485712708,19.666858598575068,0.41405256319456607,0.5155559329380146,0.9471836731397028,0.37933831582384336,0.5028339428508056,0.8328535035623459,14.715,-0.0004154604955117471,-0.0005051413105260382,-0.002184298884562651
6.4350000000000005,10.0,-7.0,20.0,9.906587322359519,-7.123994864930295,19.67196517602692,0.4080595617373999,0.5083540135516014,0.9315397847296311,0.3736507105619276,0.4959794597212138,0.8200870599327189,14.715,-0.00040992386406346636,-0.0004986519490453907,-0.002148843258746128
6.44,10.0,-7.0,20.0,9.907989928005911,-7.122303266521828,19.67698855102987,0.4021471368679609,0.5012440108760767,0.9161498285344697,0.36804028797639043,0.48921306608728277,0.8075286224253244,14.715,-0.0004044500986876302,-0.0004922333973639933,-0.002113950576092915
6.445,10.0,-7.0,20.0,9.909373466990228,-7.120633451215294,19.681930052500377,0.3963143505264722,0.49422494188403154,0.9010097727707981,0.3625061320390876,0.4825338048611794,0.7951748687490232,14.715,-0.00039903877603006643,-0.0004858851660696667,-0.0020796121335504686
6.45,10.0,-7.0,20.0,9.910738166440812,-7.118985181319894,19.686790988664036,0.39056027179631375,0.48729582964068135,0.8861156479862182,0.3570473342367368,0.47594072527954023,0.7830225283398816,14.715,-0.0003936894664368888,-0.00047960676180815783,-0.0020458193582681672
6.455,10.0,-7.0,20.0,9.912084251597708,-7.117358220743072,19.69157264736784,0.3848839769644533,0.48045570338633925,0.8714635461268522,0.35166299360918607,0.46943288297227265,0.771068381580409,14.715,-0.0003884017343386481,-0.0004733976874391908,-0.002012563805739774
6.46,10.0,-7.0,20.0,9.913411945804055,-7.115752335006527,19.696276296387893,0.3792845495771536,0.4737035986159531,0.8570496196181426,0.34635221678381467,0.46300934002606475,0.7593092590302449,14.715,-0.0003831751386221473,-0.00046725744245792853,-0.001979837157954366
6.465,10.0,-7.0,20.0,9.914721470498497,-7.1141672912612055,19.700903183732688,0.3737610804911138,0.4670385571519243,0.8428700804588974,0.34111411800596475,0.4566691650448409,0.7477420406682967,14.715,-0.0003780092330030141,-0.0004611855230613619,-0.0019476312215680257
6.47,10.0,-7.0,20.0,9.916013045208537,-7.112602858301349,19.705454537941925,0.3683126679200175,0.4604596272153096,0.8289211993284279,0.33594781916581046,0.45041143320543436,0.7363636551451823,14.715,-0.00037290356635781287,-0.00045518142259840135,-0.0019159379261425205
6.4750000000000005,10.0,-7.0,20.0,9.917286887544838,-7.111058806577575,19.709931568381027,0.3629384174770465,0.4539658634899276,0.8151993047063012,0.33085244982064754,0.4442352263103082,0.7251710790474399,14.715,-0.00036785768314135314,-0.00044924463159491933,-0.001884749322333383
6.48,10.0,-7.0,20.0,9.918543213196422,-7.109534908209066,19.71433546553132,0.357637442212125,0.44755632718547395,0.8017007820050706,0.32582714721433265,0.43813963283630664,0.7141613361717263,14.715,-0.0003628711236171495,-0.0004433746381724285,-0.0018540575801836486
6.485,10.0,-7.0,20.0,9.919782235926723,-7.108030936994851,19.718667401276026,0.3524088626465511,0.4412300860940224,0.7884220727152255,0.3208710562930589,0.4321237479794375,0.7033314968099544,14.715,-0.00035794342427219084,-0.00043757092815046455,-0.001823854987379909
6.49,10.0,-7.0,20.0,9.921004167570485,-7.106546668424238,19.722928529182084,0.34725180680236045,0.43498621464445847,0.775359673562631,0.31598332971807835,0.4261866736969062,0.6926786770448015,14.715,-0.00035307411803473757,-0.0004318329853189425,-0.0017941339475618348
6.495,10.0,-7.0,20.0,9.922209218031464,-7.105081879686402,19.727119984777815,0.3421654102292267,0.4288237939524259,0.7625101356780762,0.3111631278741493,0.42032751874558794,0.6822000380554567,14.715,-0.0003482627347172229,-0.0004261602916169947,-0.0017648869786474413
6.5,10.0,-7.0,20.0,9.9233975952809,-7.1036363496791655,19.73124288582657,0.33714881602565683,0.4227419118671403,0.7498700637788144,0.3064096188763555,0.414545398716632,0.671892785433548,14.715,-0.00034350880110257915,-0.0004205523274043514,-0.0017361067111798213
6.505,10.0,-7.0,20.0,9.92456950535673,-7.102209859016989,19.7352983325964,0.33220117485957545,0.4167396630137585,0.7374361153619468,0.3017219785730576,0.40883943606792883,0.6617541685089918,14.715,-0.00033881184143945935,-0.00041500857154464605,-0.0017077858867014927
6.51,10.0,-7.0,20.0,9.925725152363539,-7.100802190038199,19.739287408125715,0.32732164498242367,0.4108161488340132,0.7252049999094464,0.29709939054579154,0.40320876015281154,0.6517814796857019,14.715,-0.00033417137755571865,-0.0004095285017326373,-0.001679917356147159
6.515000000000001,10.0,-7.0,20.0,9.926864738473176,-7.0994131268114735,19.743211178485122,0.32250939224222636,0.40497047762163096,0.7131734781046954,0.2925410461073347,0.3976525072459073,0.6419720537872222,14.715,-0.00032958692918696477,-0.00040411159456832943,-0.0016524940782504842
6.5200000000000005,10.0,-7.0,20.0,9.927988463926049,-7.09804245514161,19.747070693035397,0.31776359009253247,0.3992017645561743,0.7013383610604312,0.28804614429580283,0.39216982056644434,0.6323232674115201,14.715,-0.0003250580142570262,-0.0003987573258070715,-0.0016255091180004168
6.525,10.0,-7.0,20.0,9.92909652703306,-7.096689962574593,19.750866984681682,0.31308341959790226,0.393509131732799,0.6896965095577492,0.28361389186772895,0.3867598502984044,0.622832538295765,14.715,-0.0003205841490037778,-0.00039346517050229014,-0.0015989556450738164
6.53,10.0,-7.0,20.0,9.930189124178144,-7.095355438401993,19.754601070123954,0.3084680694381427,0.3878917081894787,0.6782448332963307,0.27924350328737696,0.381421753607926,0.6134973246900781,14.715,-0.0003161648483872432,-0.00038823460320635395,-0.0015728269323342008
6.535,10.0,-7.0,20.0,9.93126644982141,-7.094038673664709,19.75827395010384,0.3039167359072339,0.38234862993087637,0.6669802901554235,0.2749342007143247,0.37615469465887724,0.6043151247403769,14.715,-0.0003117996261409938,-0.000383065098060109,-0.0015471163543326618
6.54,10.0,-7.0,20.0,9.932328696502829,-7.092739461156073,19.761886609647764,0.2994286229120421,0.3768790399504687,0.6558998854655576,0.2706852139887059,0.3709578446242543,0.5952834758805715,14.715,-0.0003074879951339931,-0.0003779561291157186,-0.001521817385817838
6.545,10.0,-7.0,20.0,9.933376054846498,-7.091457595424346,19.76544001830658,0.2950029419663598,0.3714820882475956,0.6450006712909332,0.26649578061401025,0.3658303816973772,0.5863999542335389,14.715,-0.0003032294674837251,-0.0003729071702208299,-0.001496923600285978
6.55,10.0,-7.0,20.0,9.934408713565379,-7.090192872774616,19.768935130391625,0.2906389121838223,0.36615693184572856,0.6342797457221938,0.26236514573845754,0.36077149109850554,0.5776621740209391,14.715,-0.00029902355479459756,-0.0003679176955184979,-0.0014724286685395644
6.555,10.0,-7.0,20.0,9.935426859466586,-7.088945091270126,19.772372885207353,0.2863357602678938,0.36090273480314966,0.6237342521795207,0.2582925621336248,0.3557803650805376,0.5690677869816193,14.715,-0.0002948697683700714,-0.00036298717922961043,-0.0014483263572741042
6.5600000000000005,10.0,-7.0,20.0,9.93643067745712,-7.087714050733037,19.775754207280492,0.2820927204992868,0.3557186682263305,0.6133613787258504,0.2542772901715459,0.35085620293216596,0.5606144817987955,14.715,-0.0002907676193642146,-0.00035811509609895805,-0.0014246105276696102
6.565,10.0,-7.0,20.0,9.937420350550063,-7.086499552744662,19.779080006585875,0.2779090347216708,0.35060391027651533,0.6031583573901786,0.2503185977997762,0.34599821097869143,0.5522999835353134,14.715,-0.0002867166190039796,-0.0003533009212976554,-0.0014012751340286532
6.57,10.0,-7.0,20.0,9.938396059871236,-7.08530140064517,19.78235117876891,0.2737839523246453,0.3455576461773066,0.5931224635006198,0.24641576051503222,0.34120560258069993,0.5441220530777512,14.715,-0.00028271627870896316,-0.00034854413074458747,-0.0013783142223914194
6.575,10.0,-7.0,20.0,9.939357984666243,-7.084119399532792,19.785568605364777,0.2697167302254342,0.3405790682172617,0.5832510150273843,0.24256806133499897,0.33647759813121286,0.536078486588028,14.715,-0.00027876611030982823,-0.0003438442010494077,-0.0013557219292287903
6.58,10.0,-7.0,20.0,9.94030630230795,-7.082953356262539,19.788733154014402,0.26570663284787677,0.3356673757529307,0.5735413719351163,0.23877479076820393,0.33181342505019096,0.5281671149639825,14.715,-0.00027486562618952824,-0.0003392006098243482,-0.0013334924800765873
6.585,10.0,-7.0,20.0,9.941241188304318,-7.081803079444447,19.79184567867722,0.26175293209981043,0.33082177520706396,0.5639909355450138,0.23503524678277107,0.32721231777781706,0.520385803306947,14.715,-0.000271014339428272,-0.00033461283561025143,-0.0013116201882807795
6.59,10.0,-7.0,20.0,9.94216281630662,-7.080668379441372,19.79490701984082,0.257854907348781,0.32604148006752404,0.5545971479059334,0.23134873477354687,0.32267351776543785,0.5127324503979744,14.715,-0.0002672117639686592,-0.00033008035817548917,-0.001290099453669684
6.595,10.0,-7.0,20.0,9.943071358118011,-7.079549068366338,19.79791800472747,0.25401184539578064,0.32132571088157,0.5453574911750075,0.22771456752800465,0.31819627346538615,0.5052049881813163,14.715,-0.00026345741473297044,-0.00032560265843788535,-0.001268924761315545
6.6000000000000005,10.0,-7.0,20.0,9.943966983702412,-7.078444960079471,19.80087944749758,0.25022304044768906,0.31667369525092504,0.5362694870071293,0.224132065190317,0.3137798403178514,0.49780138125604273,14.715,-0.00025975080781153007,-0.00032117921880058767,-0.0012480906802570474
6.605,10.0,-7.0,20.0,9.944849861193726,-7.077355870184521,19.80379214945018,0.24648779408738977,0.3120846678217046,0.5273306959535867,0.220600555225123,0.3094234807380559,0.49051962637453206,14.715,-0.00025609146049140544,-0.00031680952294956157,-0.0012275918622998033
6.61,10.0,-7.0,20.0,9.945720156905356,-7.076281616024981,19.80665689922041,0.24280541524383878,0.307557870276928,0.5185387168692888,0.21711937237854728,0.30512646409997024,0.4833577519489768,14.715,-0.0002524788915601716,-0.0003124930563100194,-0.0012074230407704693
6.615,10.0,-7.0,20.0,9.946578035340007,-7.075222016679838,19.809474472974085,0.2391752201581359,0.3030925513221818,0.5098911863289137,0.21368785863993148,0.3008880667193164,0.47631381756475827,14.715,-0.00024891262116885724,-0.00030822930580961145,-0.0011875790293434984
6.62,10.0,-7.0,20.0,9.947423659199753,-7.074176892958953,19.81224563459936,0.23559653235190406,0.29868796667437447,0.5013857780514606,0.21030536320102164,0.29670757183585844,0.4693859135015824,14.715,-0.00024539217123998154,-0.0003040177601840046,-0.001168054720831612
6.625,10.0,-7.0,20.0,9.94825718939638,-7.07314606739808,19.81497113589559,0.23206868259015967,0.29434337904581986,0.49302020233346266,0.20697124241444265,0.2925842695923346,0.46257216026104014,14.715,-0.0002419170653275838,-0.0002998579100159386,-0.0011488450860550395
6.63,10.0,-7.0,20.0,9.949078785061953,-7.072129364253562,19.817651716759332,0.22859100884651426,0.29005805812747704,0.4847922054903005,0.20368485975217293,0.28851745701420334,0.45587070810167407,14.715,-0.00023848682885860295,-0.0002957492477256717,-0.001129945172666466
6.635,10.0,-7.0,20.0,9.949888603559636,-7.071126609496677,19.820288105367624,0.22516285626523735,0.2858312805720489,0.47669956930592927,0.2004455857614749,0.28450643798674363,0.44927973658091475,14.715,-0.00023510098922479975,-0.00029169126780648566,-0.0011113501040255797
6.640000000000001,10.0,-7.0,20.0,9.950686800494717,-7.07013763080769,19.822881018358515,0.22178357712231186,0.2816623299734377,0.46874011049066794,0.1972527980211302,0.2805505232307297,0.4427974541036965,14.715,-0.00023175907581537855,-0.00028768346679440614,-0.0010930550780861319
6.6450000000000005,10.0,-7.0,20.0,9.951473529725847,-7.069162257569594,19.82543116100892,0.2184525307863243,0.27755049684637223,0.4609116801469582,0.19410588109665777,0.2766490302784118,0.4364220974776885,14.715,-0.00022846062016823872,-0.0002837253433336085,-0.0010750553662993525
6.65,10.0,-7.0,20.0,9.952248943376468,-7.06820032086155,19.82793922740981,0.21516908367748147,0.27349507860484196,0.4532121632429777,0.19100422649410664,0.2728012834462397,0.43015193147546005,14.715,-0.00022520515605124443,-0.00027981639838560283,-0.0010573463125153797
6.655,10.0,-7.0,20.0,9.953013191846434,-7.067251653452068,19.83040590063884,0.21193260922574955,0.2694953795372874,0.4456394780941212,0.18794723261425592,0.26900661380829843,0.42398524840287866,14.715,-0.00022199221947909092,-0.00027595613507770824,-0.0010399233319279724
6.66,10.0,-7.0,20.0,9.953766423823797,-7.066316089791899,19.83283185293032,0.20874248782902888,0.26555071078371906,0.43819157585203933,0.18493430470477923,0.26526435916760743,0.41792036767418844,14.715,-0.0002188213489287117,-0.0002721440590087662,-0.0010227819100065844
6.665,10.0,-7.0,20.0,9.954508786296756,-7.065393466006685,19.835217745842716,0.20559810680851454,0.2616603903082224,0.43086644000132607,0.18196485481302,0.26157386402670635,0.4119556353931945,14.715,-0.00021569208522902994,-0.0002683796781034806,-0.0010059176014689713
6.67,10.0,-7.0,20.0,9.95524042456576,-7.064483619889352,19.83756423042365,0.20249886036589962,0.25782374287332144,0.4236620858635642,0.17903830173693436,0.25793447955742727,0.4060894239408722,14.715,-0.00021260397185680964,-0.00026466250282858805,-0.0009893260292465024
6.675,10.0,-7.0,20.0,9.955961482255752,-7.063586390892272,19.839871947372384,0.19944414953659673,0.2540401000110234,0.4165765601087816,0.1761540709769504,0.25434556356914007,0.4003201315690195,14.715,-0.00020955655473329948,-0.0002609920461637982,-0.0009730028834805348
6.68,10.0,-7.0,20.0,9.956672101328543,-7.062701620119197,19.842141527199928,0.19643338214612235,0.2503087999940639,0.40960794027409486,0.17331159468579183,0.250806480476794,0.39464618200020685,14.715,-0.00020654938259777447,-0.0002573678236841007,-0.0009569439205150599
6.6850000000000005,10.0,-7.0,20.0,9.957372422095306,-7.061829150316974,19.844373590386727,0.19346597276137315,0.24662918780576373,0.4027543342895679,0.1705103116188101,0.247316601267942,0.3890660240331975,14.715,-0.0002035820067621986,-0.0002537893535983515,-0.0009411449619385237
6.69,10.0,-7.0,20.0,9.95806258322919,-7.060968825867056,19.84656874753799,0.19054134264565278,0.24300061510912815,0.39601388001093313,0.16774966708319775,0.24387530346823777,0.383578131155047,14.715,-0.00020065398145483132,-0.00025025615685663144,-0.0009256018935786957
6.695,10.0,-7.0,20.0,9.95874272177803,-7.060120492776819,19.8487275995367,0.18765891970900703,0.23942244021421072,0.38938474475951107,0.1650291128879134,0.24048197110723862,0.37818100115822834,14.715,-0.00019776486357454267,-0.00024676775708540907,-0.0009103106645879742
6.7,10.0,-7.0,20.0,9.959412973177168,-7.059283998670676,19.85085073769433,0.18481813846230138,0.23589402804621262,0.38286512486868113,0.16234810729136812,0.23713599468268137,0.37287315576418095,14.715,-0.00019491421309810733,-0.00024332368076957736,-0.0008952672864657446
6.705,10.0,-7.0,20.0,9.960073471262328,-7.058459192781027,19.85293874389928,0.1820184399656826,0.23241475011078738,0.376453245237354,0.1597061149506384,0.23383677112414777,0.36765314025182255,14.715,-0.00019210159273003885,-0.00023992345718246285,-0.0008804678321670609
6.71,10.0,-7.0,20.0,9.960724348282616,-7.057645925939032,19.854992190763124,0.1792592717822674,0.22898398446016568,0.3701473588898283,0.15710260686955946,0.23058370375611914,0.3625195230921665,14.715,-0.0001893265683116276,-0.00023656661851404983,-0.000865908435159258
6.715,10.0,-7.0,20.0,9.96136573491356,-7.056844050565215,19.857011641764622,0.17654008792617823,0.22560111565726673,0.3639457465424029,0.15453706034580061,0.22737620226082747,0.35747089558847406,14.715,-0.00018658870862229461,-0.00023325269981127808,-0.0008515852885238504
6.72,10.0,-7.0,20.0,9.96199776027022,-7.056053420659924,19.858997651391597,0.17386034881362486,0.22226553474049243,0.357846716176422,0.15200895891916255,0.22421368263968172,0.35250587152098656,14.715,-0.00018388758552086352,-0.0002299812391439839,-0.0008374946441019982
6.7250000000000005,10.0,-7.0,20.0,9.962620551920363,-7.055273891793632,19.86095076528067,0.171219521212157,0.21897663918597757,0.3518486026174401,0.1495177923185508,0.22109556717449041,0.3476230867983363,14.715,-0.00018122277396720598,-0.00022675177751571205,-0.0008236328115567016
6.73,10.0,-7.0,20.0,9.963234235897685,-7.054505321097111,19.86287152035488,0.16861707818979663,0.21573383287095493,0.3459497671211035,0.14706305640925504,0.21802128438848084,0.34282119911277475,14.715,-0.00017859385203938236,-0.00022356385897260092,-0.0008099961575810271
6.735,10.0,-7.0,20.0,9.963838936715078,-7.053747567251465,19.864760444959252,0.16605249906410915,0.2125365260354029,0.34014859696470273,0.14464425313971924,0.21499026900589327,0.3380988876018885,14.715,-0.00017600040100067727,-0.00022041703063068434,-0.0007965811049787053
6.74,10.0,-7.0,20.0,9.964434777377924,-7.053000490478037,19.866618058994316,0.1635252693504936,0.20938413524314828,0.3344435050453093,0.14226089048831195,0.21200196191218576,0.3334548525141959,14.715,-0.0001734420052935408,-0.0002173108426400539,-0.000783384131890187
6.745,10.0,-7.0,20.0,9.965021879397444,-7.052263952528214,19.868444874047615,0.1610348807107339,0.20627608334333355,0.3288329294834559,0.13991248241019832,0.20905581011281432,0.32888781488097724,14.715,-0.00017091825258097054,-0.00021424484832262175,-0.0007704017709028538
6.75,10.0,-7.0,20.0,9.965600362804043,-7.051537816673098,19.870241393523223,0.1585808309011272,0.20321179942976594,0.3233153332331886,0.13759854878380495,0.2061512666924199,0.32439651619192206,14.715,-0.00016842873377932114,-0.0002112186040574246,-0.0007576306082961312
6.755,10.0,-7.0,20.0,9.966170346160704,-7.050821947693093,19.87200811276932,0.15616262372030681,0.2001907188017683,0.31788920369752643,0.1353186153571831,0.20328779077238715,0.3199797180766918,14.715,-0.00016597304307833208,-0.00020823166949338688,-0.0007450672831834737
6.76,10.0,-7.0,20.0,9.966731946576365,-7.050116211867385,19.87374551920383,0.15377976895693898,0.1972122829218459,0.312553052350065,0.13307221369457523,0.20046484746952264,0.3156362019904266,14.715,-0.00016355077794879045,-0.00020528360732800593,-0.0007327084867678168
6.765000000000001,10.0,-7.0,20.0,9.967285279719338,-7.04942047696333,19.87545409243817,0.15143178233746565,0.1942759393763903,0.30730541436191333,0.13085888112267652,0.19768190785330816,0.31136476890459547,14.715,-0.00016116153918914908,-0.00020237398358595625,-0.0007205509615271659
6.7700000000000005,10.0,-7.0,20.0,9.967830459830704,-7.048734612225761,19.877134304399117,0.14911818547333094,0.19138114183226348,0.30214484823446336,0.12867816067720145,0.19493844890305234,0.3071642390022354,14.715,-0.00015880493090088445,-0.00019950236741991088,-0.0007085915004643939
6.775,10.0,-7.0,20.0,9.968367599737723,-7.048058488366215,19.878786619448867,0.1468385058087082,0.1885273499961095,0.29706993543753185,0.12652960104914515,0.19223395346483865,0.3030334513778343,14.715,-0.00015648056055623752,-0.00019666833129586373,-0.000696826946343813
6.78,10.0,-7.0,20.0,9.968896810867232,-7.047391977552083,19.88041149450321,0.14459227656740004,0.18571402957088978,0.2920792800529707,0.1244127565310448,0.1895679102083716,0.29897126374198474,14.715,-0.00015418803897291786,-0.00019387145086226747,-0.0006852541909355761
6.785,10.0,-7.0,20.0,9.969418203259032,-7.046734953395697,19.88200937914798,0.14237903670023988,0.18294065221417455,0.2871715084236881,0.12232718696385157,0.18693981358280526,0.2949765521300451,14.715,-0.00015192698032052648,-0.00019111130512989858,-0.0006738701743002713
6.79,10.0,-7.0,20.0,9.969931885579264,-7.046087290943355,19.88358071575372,0.14019833083253705,0.18020669549374307,0.2823452688077943,0.12027245768298847,0.18434916377338587,0.29104821061569863,14.715,-0.00014969700218923684,-0.00018838747628761076,-0.0006626718840392245
6.795,10.0,-7.0,20.0,9.970437965133762,-7.045448866664279,19.885125939588583,0.13804970921066972,0.17751164284571117,0.2775992310381155,0.11824813946491701,0.18179546665707677,0.28718515102852066,14.715,-0.00014749772552742992,-0.0001856995499193291,-0.0006516563545979408
6.8,10.0,-7.0,20.0,9.97093654788139,-7.044819558439536,19.886645478929566,0.13593272764969921,0.1748549835294422,0.2729320861866977,0.11625380847441635,0.17927823375818333,0.2833863026760612,14.715,-0.00014532877466404934,-0.00018304711483982839,-0.0006408206665475425
6.805,10.0,-7.0,20.0,9.971427738447336,-7.0441992455509,19.888139755172006,0.13384694748078835,0.1722362125847051,0.26834254623445586,0.11428904621064107,0.17679698220357068,0.2796506120699994,14.715,-0.00014318977738467643,-0.00018042976325879668,-0.0006301619458988652
6.8100000000000005,10.0,-7.0,20.0,9.971911640136394,-7.04358780866968,19.889609182937463,0.13179193549765109,0.1696548307863799,0.26382934374573636,0.11235343945440027,0.17435123467869582,0.2759770426563692,14.715,-0.0001410803648134616,-0.00017784709060235385,-0.0006196773634199363
6.815,10.0,-7.0,20.0,9.97238835494621,-7.042985129845502,19.89105417017992,0.129767263904811,0.16711034460162086,0.2593912315477667,0.11044658021513142,0.17194051938201102,0.27236457455017327,14.715,-0.00013900017153902608,-0.00017529869576052163,-0.0006093641339489766
6.82,10.0,-7.0,20.0,9.972857983580468,-7.042391092495068,19.892475118290402,0.12777251026417047,0.16460226614337775,0.2550269824150266,0.10856806567817942,0.16956436998028357,0.26881220427400543,14.715,-0.00013694883550794543,-0.0001727841808387507,-0.0005992195157320422
6.825,10.0,-7.0,20.0,9.97332062546206,-7.041805581390878,19.893872422199976,0.1258072574432166,0.16213011312738343,0.2507353887583617,0.10671749815177048,0.16722232556350816,0.26531894450004406,14.715,-0.00013492599814152181,-0.00017030315138203854,-0.0005892408097927082
6.83,10.0,-7.0,20.0,9.973776378746209,-7.041228482649932,19.8952464704812,0.12387109356166234,0.15969340882583954,0.24651526231861254,0.10489448501520716,0.16491393059971754,0.26188382379700686,14.715,-0.00013293130417554497,-0.00016785521620353943,-0.0005794253592386108
6.835,10.0,-7.0,20.0,9.974225340333529,-7.040659683722412,19.896597645448022,0.12196361194048794,0.15729168202346916,0.24236543386520953,0.10309863866584221,0.1626387348896914,0.25850588637996885,14.715,-0.00013096440187246227,-0.00016543998752829533,-0.0005697705486752308
6.84,10.0,-7.0,20.0,9.974667605883054,-7.040099073380343,19.897926323254158,0.12008441104804482,0.1549244669714248,0.23828475289896656,0.10132957646778255,0.16039629352136006,0.2551841918646322,14.715,-0.00012902494275212744,-0.0001630570808981909,-0.0005602738035421212
6.845,10.0,-7.0,20.0,9.975103269825196,-7.03954654170625,19.89923287398996,0.1182330944501155,0.1525913033424749,0.2342720873596284,0.09958692069916845,0.15818616682502207,0.2519178150250958,14.715,-0.00012711258190074132,-0.0001607061151944708,-0.0005509325895126485
6.8500000000000005,10.0,-7.0,20.0,9.97553242537467,-7.039001980081799,19.900517661777823,0.11640927075564426,0.1502917361857863,0.23032632333771735,0.0978702985012846,0.15600792032723912,0.24870584555544026,14.715,-0.0001252269776160373,-0.00015838671269962975,-0.0005417444118755506
6.855,10.0,-7.0,20.0,9.975955164543338,-7.0384652811764346,19.90178104486613,0.11461255356764367,0.14802531588074255,0.2264463647908091,0.09617934182665347,0.15386112470574825,0.24554738783468535,14.715,-0.00012336779175515435,-0.00015609849898395216,-0.0005327068149481029
6.86,10.0,-7.0,20.0,9.97637157815301,-7.03793633893602,19.90302337572173,0.1128425614292091,0.1457915980923105,0.22263113326401124,0.09451368738794291,0.1517453557440692,0.24244156069569076,14.715,-0.00012153468941073555,-0.00015384110300893674,-0.0005238173814673811
6.865,10.0,-7.0,20.0,9.976781755848174,-7.037415048571477,19.90424500112107,0.11109891777426083,0.14359014372485196,0.21887956761480185,0.09287297660728079,0.1496601942859078,0.23938749719730112,14.715,-0.00011972733914357184,-0.00015161415705335264,-0.0005150737320227378
6.87,10.0,-7.0,20.0,9.977185786108667,-7.036901306547423,19.90544626223986,0.10938125087503969,0.14142051887692256,0.21519062374193243,0.09125685556536617,0.14760522618966143,0.2363843444003714,14.715,-0.00011794541280905405,-0.00014941729676194092,-0.000506473524461244
6.875,10.0,-7.0,20.0,9.977583756262266,-7.036395010570836,19.90662749474142,0.10768919379217173,0.1392822947953032,0.21156327431858926,0.08966497495098748,0.14558004228333146,0.2334312631464639,14.715,-0.00011618858567095082,-0.00014725016107419841,-0.000498014453357594
6.88,10.0,-7.0,20.0,9.977975752497237,-7.035896059579708,19.907789028863643,0.1060223843231841,0.1371750478299843,0.20799650852935117,0.08809699001104968,0.14358423831882494,0.23052742784087077,14.715,-0.00011445653627631131,-0.0001451123923125788,-0.0004896942494105291
6.885,10.0,-7.0,20.0,9.978361859874786,-7.035404353731727,19.908931189504635,0.10438046495289138,0.13509835938782053,0.20448933181146992,0.08655256050090673,0.14161741492686722,0.2276720262384355,14.715,-0.00011274894653152979,-0.00014300363606788022,-0.0004815106789233525
6.890000000000001,10.0,-7.0,20.0,9.978742162341451,-7.0349197943929775,19.910054296307052,0.10276308280276877,0.13305181588776394,0.20104076559987155,0.08503135063418514,0.13967917757191425,0.22486425923236414,14.715,-0.0001110655016710775,-0.00014092354128109755,-0.0004734615432688649
6.8950000000000005,10.0,-7.0,20.0,9.97911674274142,-7.034442284126648,19.91115866374113,0.10116988958084715,0.13103500871486246,0.19764984707598945,0.08353302903433776,0.13776913650655628,0.22210334064717102,14.715,-0.00010940589016955118,-0.000138871760202619,-0.0004655446783177403
6.9,10.0,-7.0,20.0,9.979485682828773,-7.033971726681778,19.912244601186444,0.09960054153294012,0.129047534174783,0.1943156289206917,0.08205726868487447,0.13588690672714265,0.21938849703391486,14.715,-0.00010776980388742347,-0.00013684794833919778,-0.00045775795395633373
6.905,10.0,-7.0,20.0,9.979849063279644,-7.033508026982016,19.913312413012402,0.09805469939185335,0.12708899344903588,0.19103717907066148,0.08060374688142481,0.13403210792808368,0.21671896746899671,14.715,-0.00010615693783535421,-0.00013485176456855413,-0.0004500992735428359
6.91,10.0,-7.0,20.0,9.980206963704306,-7.033051091114413,19.91436239865755,0.09653202833003759,0.1251589925485008,0.18781358047867286,0.07917214518278298,0.13220436445767905,0.2140940033561387,14.715,-0.00010456699041697422,-0.00013288287094386636,-0.0004425665733984081
6.915,10.0,-7.0,20.0,9.980559462659187,-7.032600826318247,19.915394852707564,0.09503219790883032,0.12325714226969897,0.18464393087751094,0.0777621493632758,0.13040330527303026,0.21151286823109794,14.715,-0.00010299966314617554,-0.00013094093289400975,-0.0004351578223160833
6.92,10.0,-7.0,20.0,9.98090663765878,-7.03215714097387,19.916410064972155,0.09355488203181085,0.12138305814814328,0.18152734254740902,0.07637344936482536,0.12862856389546204,0.20897483756962468,14.715,-0.00010145466088172023,-0.0001290256190228513,-0.00042787102105307684
6.925,10.0,-7.0,20.0,9.9812485651875,-7.031719944591604,19.917408320560703,0.09209975889485722,0.11953636041451184,0.1784629420871222,0.0750057392500295,0.12687977836645256,0.2064791985982192,14.715,-9.993169156625099e-05,-0.00012713660122428105,-0.00042070420185154014
6.93,10.0,-7.0,20.0,9.981585320711433,-7.0312891478006625,19.918389899956757,0.09066651094000194,0.11771667394912372,0.17544987018843308,0.07365871715422452,0.12515659120264758,0.20402525010813313,14.715,-9.843046648937255e-05,-0.0001252735546361222,-0.0004136554279412232
6.9350000000000005,10.0,-7.0,20.0,9.981916978690029,-7.030864662338115,19.919355079091414,0.08925482480557796,0.11592362823702612,0.17248728141421932,0.07233208523988874,0.12345864935250325,0.20161230227146967,14.715,-9.695069992089796e-05,-0.00012343615756317278,-0.00040672279310101573
6.94,10.0,-7.0,20.0,9.982243612587673,-7.030446401037895,19.920304129415513,0.08786439128167511,0.11415685732413669,0.16957434397966173,0.07102554964931578,0.12178560415160562,0.1992396764612278,14.715,-9.549210949798323e-05,-0.00012162409160651008,-0.0003999044211387244
6.945,10.0,-7.0,20.0,9.98256529488521,-7.030034277819842,19.92123731797075,0.0864949052601066,0.11241599977148788,0.1667102395371778,0.06973882045912,0.12013711127941509,0.1969067050731277,14.715,-9.405441579297673e-05,-0.00011983704145948003,-0.000393198465482288
6.95,10.0,-7.0,20.0,9.982882097091348,-7.029628207678801,19.922154907459703,0.0851460656906192,0.11070069861234902,0.16389416296428339,0.06847161163464,0.11851283071519668,0.19461273135074372,14.715,-9.263734264879252e-05,-0.00011807469510607773,-0.00038660310869288695
6.955,10.0,-7.0,20.0,9.983194089753997,-7.029228106673752,19.923057156314748,0.08381757553235193,0.10901060130646381,0.1611253221549409,0.06722364098403688,0.11691242669496797,0.1923571092131184,14.715,-9.124061691920517e-05,-0.00011633674358552531,-0.0003801165620345392
6.96,10.0,-7.0,20.0,9.983501342471515,-7.028833891917007,19.923944318765933,0.08250914170906533,0.10734535969761792,0.15840293781399065,0.06599463011391918,0.1153355676680401,0.19013920308517537,14.715,-8.986396856807963e-05,-0.00011462288118956523,-0.00037373706502453504
6.965,10.0,-7.0,20.0,9.983803923903855,-7.028445481563431,19.924816644907782,0.0812204750629985,0.10570462996834015,0.15572624325480164,0.06478430438456058,0.11378192625376214,0.18795838773054915,14.715,-8.850713059858404e-05,-0.00011293280527923,-0.00036746288501046496
6.97,10.0,-7.0,20.0,9.984101901783635,-7.028062794799745,19.92567438076509,0.07995129030978795,0.10408807259718862,0.15309448419995153,0.06359239286542308,0.11225117919897803,0.185814048087278,14.715,-8.71698390782405e-05,-0.00011126621637096067,-0.00036129231672930634
6.9750000000000005,10.0,-7.0,20.0,9.984395342927108,-7.0276857518338565,19.926517768357684,0.07870130599307393,0.10249535231476536,0.1505069185850649,0.06241862829159616,0.11074300733538174,0.18370557910578625,14.715,-8.585183304653029e-05,-0.00010962281805657692,-0.00035522368189967995
6.98,10.0,-7.0,20.0,9.984684313245054,-7.027314273884249,19.92734704576418,0.07747024444047523,0.10092613806083998,0.14796281636557124,0.0612627470198287,0.10925709553697407,0.18163238558953854,14.715,-8.455285459859857e-05,-0.00010800231704545222,-0.00034925532879773554
6.985,10.0,-7.0,20.0,9.984968877753566,-7.026948283169441,19.92816244718476,0.0762578317184087,0.09938010294083341,0.14546145932650073,0.060124488985782404,0.10779313267772321,0.17959388203811139,14.715,-8.327264872704296e-05,-0.00010640442310303495,-0.0003433856318526645
6.99,10.0,-7.0,20.0,9.985249100584754,-7.026587702897481,19.92896420300298,0.07506379758921741,0.09785692418314725,0.14300214089517688,0.05900359766097976,0.10635081158993755,0.17758949249255446,14.715,-8.201096344973387e-05,-0.00010482884903799598,-0.0003376129912495277
6.995,10.0,-7.0,20.0,9.985525044997361,-7.0262324572555155,19.9297525398466,0.07388787546650906,0.09635628309664351,0.14058416595675374,0.05789982001056632,0.104929829022028,0.17561865038348734,14.715,-8.076754964106543e-05,-0.00010327531073374953,-0.0003319358325177662
7.0,10.0,-7.0,20.0,9.985796773387275,-7.0258824713994095,19.930527680647494,0.07272980237295158,0.09487786502763984,0.13820685067270008,0.056812906450869345,0.1035298855975933,0.1736807983812954,14.715,-7.954216116306468e-05,-0.00010174352702377008,-0.0003263526061537899
7.005,10.0,-7.0,20.0,9.986064347297956,-7.02553767144343,19.931289844700615,0.07158931889622944,0.09342135931865904,0.13586952230198665,0.05574261080817781,0.10215068577369109,0.17177538824848854,14.715,-7.83345546673327e-05,-0.00010023321982307467,-0.00032086178724080166
7.01,10.0,-7.0,20.0,9.986327827430781,-7.0251979844499814,19.93203924772204,0.07046616914787461,0.0919864592652642,0.13357151902499634,0.05468869027691178,0.10079193779992333,0.1699018806949221,14.715,-7.714448977325784e-05,-9.874411395701403e-05,-0.00031546187504533893
7.015000000000001,10.0,-7.0,20.0,9.986587273655273,-7.0248633384194195,19.93277610190614,0.06936010071958147,0.09057286207531642,0.1313121897703237,0.0536509053789113,0.09945335367772519,0.16805974523467224,14.715,-7.597172883991203e-05,-9.727593726635423e-05,-0.000310151392672941
7.0200000000000005,10.0,-7.0,20.0,9.986842745019253,-7.024533662279915,19.93350061598182,0.06827086464282438,0.08918026882669806,0.12909089404404067,0.0526290199230306,0.09813464911965387,0.16624846004545507,14.715,-7.481603710883774e-05,-9.582842050565157e-05,-0.00030492888668140727
7.025,10.0,-7.0,20.0,9.987094299758905,-7.024208885877386,19.934212995267924,0.06719821534646447,0.08780838442646377,0.1269070017617322,0.05162280096442705,0.09683554350959366,0.1644675118302092,14.715,-7.367718259202468e-05,-9.440129734796559e-05,-0.00029979292672336727
7.03,10.0,-7.0,20.0,9.987341995308729,-7.0238889399654925,19.934913441727744,0.0661419106159945,0.08645691756989643,0.12475989308309174,0.050632018765071334,0.09555575986194284,0.16271639568064977,14.715,-7.255493606799061e-05,-9.299430442691633e-05,-0.000294742105195763
7.035,10.0,-7.0,20.0,9.987585888311422,-7.0235737561957015,19.935602154022714,0.06510171155287224,0.08512558069893424,0.12264895824902697,0.04965644675435949,0.09429502478283659,0.16099461494323994,14.715,-7.144907105733332e-05,-9.160718115783519e-05,-0.00028977503687489873
7.04,10.0,-7.0,20.0,9.987826034627652,-7.023263267107414,19.936279327565227,0.06407738253423549,0.08381408996313401,0.12057359742137955,0.0486958614894196,0.09305306842963929,0.1593016810869434,14.715,-7.035936384464267e-05,-9.023966996852817e-05,-0.0002848903585854178
7.045,10.0,-7.0,20.0,9.988062489345737,-7.022957406118162,19.93694515457068,0.06306869117233387,0.082522165177304,0.11853322052501541,0.04775004261704689,0.0918296244726761,0.15763711357326696,14.715,-6.928559334074103e-05,-8.889151595816645e-05,-0.00028008672884661135
7.05,10.0,-7.0,20.0,9.988295306791255,-7.02265610751387,19.93759982410864,0.06207540827596334,0.08124952978399858,0.11652724709244842,0.04681877283502819,0.09062443005543795,0.1560004397284022,14.715,-6.822754120901552e-05,-8.756246724396995e-05,-0.0002753628275353507
7.055,10.0,-7.0,20.0,9.988524540536527,-7.0223593064391885,19.93824352215329,0.06109730781012011,0.07999591081102357,0.11455510611087788,0.045901837853873494,0.08943722575672014,0.15439119461676656,14.715,-6.718499172291002e-05,-8.625227454589553e-05,-0.0002707173555803242
7.0600000000000005,10.0,-7.0,20.0,9.988750243410038,-7.0220669388878925,19.938876431633012,0.06013416685772356,0.07876103883486794,0.112616235871416,0.04499902635987067,0.08826775555153969,0.15280892091747075,14.715,-6.615773177618442e-05,-8.496069157344208e-05,-0.0002661490345916294
7.065,10.0,-7.0,20.0,9.988972467505752,-7.021778941693355,19.939498732479255,0.059185765581219345,0.07754464793857263,0.11071008382096828,0.044110129977020525,0.08711576677337582,0.15125316880186732,14.715,-6.514555092456358e-05,-8.368747461717428e-05,-0.0002616566065831494
7.07,10.0,-7.0,20.0,9.989191264192325,-7.021495252519083,19.940110601674608,0.05825188718361221,0.07634647567542908,0.1088361064161021,0.043234943230702205,0.0859810100763086,0.14972349581345282,14.715,-6.414824122710423e-05,-8.24323828596341e-05,-0.0002572388336292542
7.075,10.0,-7.0,20.0,9.989406684122251,-7.021215809849333,19.94071221330012,0.05733231787179656,0.0751662630282036,0.10699376897937407,0.04237326351103317,0.08486323939736122,0.14821946674967854,14.715,-6.316559736927248e-05,-8.11951780952908e-05,-0.0002528944975573173
7.08,10.0,-7.0,20.0,9.989618777240901,-7.0209405529797895,19.941303738581897,0.056426846818148746,0.07400375437235307,0.10518254555785961,0.04152489103643276,0.08376221191914753,0.14674065354528767,14.715,-6.219741653406066e-05,-7.997562491633006e-05,-0.000248622399652839
7.085,10.0,-7.0,20.0,9.989827592795466,-7.020669422008317,19.941885345936953,0.05553526612398951,0.07285869743655977,0.1034019187837943,0.040689628818101786,0.08267768803323203,0.14528663515762455,14.715,-6.124349842812828e-05,-7.877349049881859e-05,-0.0002444213603494654
7.09,10.0,-7.0,20.0,9.990033179343822,-7.020402357825788,19.942457201018357,0.05465737078269527,0.07173084326631049,0.10165137973743547,0.039867282624705624,0.0816094313031846,0.1438569974541066,14.715,-6.0303645226034096e-05,-7.758854477176323e-05,-0.00024029021891707494
7.095,10.0,-7.0,20.0,9.990235584763294,-7.020139302106978,19.94301946675966,0.0537929586436308,0.07061994618503555,0.0999304278121576,0.0390576609468538,0.08055720842794045,0.1424513331008413,14.715,-5.937766160884681e-05,-7.642056024555068e-05,-0.00023622783319630528
7.1000000000000005,10.0,-7.0,20.0,9.990434856259341,-7.019880197301535,19.943572303418648,0.05294183037555076,0.06952576375768758,0.09823857058144901,0.038260574962597306,0.07952078920617799,0.141069241453406,14.715,-5.846535465131653e-05,-7.526931206440955e-05,-0.0002322330792871853
7.105,10.0,-7.0,20.0,9.990631040374137,-7.019624986625017,19.944115868620354,0.052103789431638604,0.06844805675355162,0.09657532366813867,0.037475838503434875,0.07849994650008583,0.13971032844909065,14.715,-5.756653385716477e-05,-7.41345779813405e-05,-0.00022830485127994224
7.11,10.0,-7.0,20.0,9.990824182995071,-7.019373614050016,19.94465031739948,0.051278642014060724,0.06738658910939752,0.09494021061555084,0.0367032680197085,0.07749445620004602,0.13837420650130344,14.715,-5.668101114956223e-05,-7.301613830229973e-05,-0.0002244420609512034
7.115,10.0,-7.0,20.0,9.99101432936316,-7.019126024297335,19.94517580224207,0.050466197038676844,0.0663411278934158,0.09333276276083559,0.035942682547322136,0.07650409718931711,0.1370604943948033,14.715,-5.580860077799019e-05,-7.191377590954858e-05,-0.00022064363752737393
7.12,10.0,-7.0,20.0,9.99120152408137,-7.018882162827253,19.945692473126588,0.04966626610110407,0.06531144326880328,0.09175251910999398,0.03519390367456215,0.07552865130902262,0.13576881718354053,14.715,-5.4949119363413364e-05,-7.082727620445073e-05,-0.00021690852736501134
7.125,10.0,-7.0,20.0,9.991385811122841,-7.018641975830861,19.94620047756431,0.0488786634421526,0.0642973084581529,0.09019902621519235,0.034456755508612436,0.07456790332344478,0.13449880608919698,14.715,-5.4102385862957707e-05,-6.975642711435262e-05,-0.00021323569373036857
7.13,10.0,-7.0,20.0,9.991567233839033,-7.018405410221468,19.946699960639116,0.048103205913785745,0.0632984997077302,0.08867183805365556,0.033731064643901534,0.0736216408858273,0.1332500984022074,14.715,-5.326822146272404e-05,-6.870101903453058e-05,-0.00020962411648889437
7.135,10.0,-7.0,20.0,9.991745834967794,-7.01817241362608,19.94719106504662,0.04733971294663289,0.06231479625256713,0.087170515908784,0.033016660128821325,0.07268965450427976,0.1320223373834164,14.715,-5.2446449744043926e-05,-6.766084484708106e-05,-0.0002060727918934638
7.140000000000001,10.0,-7.0,20.0,9.991921656641315,-7.017942934376956,19.947673931132716,0.046588006515138274,0.061345980281271306,0.08569462825278736,0.03231337343478656,0.07177173750778383,0.1308151721682169,14.715,-5.163689638653373e-05,-6.663569988037588e-05,-0.0002025807322798601
7.1450000000000005,10.0,-7.0,20.0,9.992094740394018,-7.017716921503238,19.948148696931494,0.04584791110697983,0.06039183690140274,0.08424375063149914,0.03162103842397135,0.07086768601291202,0.12962825767126032,14.715,-5.083938946525977e-05,-6.562538187704853e-05,-0.00019914696586386486
7.15,10.0,-7.0,20.0,9.99226512717036,-7.0174943247226516,19.94861549820257,0.04511925368824762,0.059452154105295994,0.08281746555064472,0.03093949131857225,0.06997729889064801,0.1284612544935847,14.715,-5.0053759100352174e-05,-6.462969099169208e-05,-0.00019577053644496243
7.155,10.0,-7.0,20.0,9.992432857332536,-7.0172750944332805,19.94907446846784,0.04440186367365684,0.058526722735902745,0.08141536236423116,0.03026857066986786,0.06910037773310546,0.12731382883037845,14.715,-4.927983772712621e-05,-6.364842978049049e-05,-0.0001924505032062068
7.16,10.0,-7.0,20.0,9.99259797066811,-7.01705918170542,19.949525739047612,0.04369557289290685,0.057615336452770595,0.0800370371643706,0.029608117327583696,0.06823672682167148,0.12618565238097065,14.715,-4.851745984243167e-05,-6.268140309928337e-05,-0.0001891859404321408
7.165,10.0,-7.0,20.0,9.992760506397552,-7.016846538273499,19.949969439096222,0.04300021556068819,0.056717791699470235,0.07868209267312372,0.028957974409765982,0.06738615309403069,0.12507640225945757,14.715,-4.776646215599635e-05,-6.172841823331518e-05,-0.00018597593731299353
7.17,10.0,-7.0,20.0,9.992920503181706,-7.016637116528071,19.950405695637055,0.04231562824453607,0.05583388766915246,0.07735013813574569,0.02831798727316433,0.06654846611230877,0.12398576090736452,14.715,-4.702668341657029e-05,-6.078928470692678e-05,-0.0001828195976772253
7.175,10.0,-7.0,20.0,9.993077999129154,-7.016430869507895,19.950834633597008,0.041641649835188047,0.054963426272820144,0.0760407892158476,0.027688003483410852,0.06572347803162311,0.12291341600745288,14.715,-4.629796454380402e-05,-5.986381438776291e-05,-0.00017971603977809188
7.18,10.0,-7.0,20.0,9.993233031803515,-7.01622775089207,19.95125637584044,0.04097812151506607,0.05410621210609668,0.07475366789208636,0.02706787278591173,0.06491100356832818,0.12185906039892654,14.715,-4.558014846021311e-05,-5.895182140245576e-05,-0.00017666439606167438
7.1850000000000005,10.0,-7.0,20.0,9.993385638230647,-7.016027714992257,19.95167104320255,0.040324886729178555,0.05326205241719172,0.07348840235651617,0.026457447077451228,0.06411085996897332,0.12082239199365599,14.715,-4.487308015877311e-05,-5.805312214103921e-05,-0.00017366381295935113
7.19,10.0,-7.0,20.0,9.993535854905783,-7.0158307167449685,19.952078754522255,0.03968179115506687,0.05243075707479356,0.07224462691442614,0.025856580376879684,0.0633228669798712,0.11980311369437457,14.715,-4.417660668741079e-05,-5.7167535192963464e-05,-0.0001707134506384337
7.195,10.0,-7.0,20.0,9.993683717800572,-7.015636711703931,19.95247962667452,0.039048682672986175,0.05161213853686822,0.071021981885964,0.025265128797735303,0.06254684681575022,0.11880093331370145,14.715,-4.349057702220527e-05,-5.6294881436693504e-05,-0.00016781248281055948
7.2,10.0,-7.0,20.0,9.993829262370049,-7.015445656032522,19.952873774602214,0.03842541133791447,0.05080601181816556,0.0698201135091319,0.02468295051984818,0.06178262413013722,0.117815563494437,14.715,-4.281484221014245e-05,-5.543498384212557e-05,-0.00016496009651433767
7.205,10.0,-7.0,20.0,9.993972523559513,-7.01525750649628,19.95326131134743,0.03781182934952831,0.05001219446054643,0.06863867384433912,0.024109905761962057,0.06103002598512953,0.11684672163144834,14.715,-4.214925517461384e-05,-5.458766764393284e-05,-0.00016215549189329908
7.21,10.0,-7.0,20.0,9.994113535811344,-7.0150722204554805,19.953642348082308,0.03720779102497577,0.049230506500817756,0.06747732068054489,0.02354585675466147,0.060288881821879345,0.1158941297942546,14.715,-4.149367083059064e-05,-5.375276013984671e-05,-0.00015939788201437306
7.215,10.0,-7.0,20.0,9.99425233307172,-7.014889755857798,19.954016994139398,0.036613152770010475,0.0484607704414485,0.06633571744270142,0.02299066771309528,0.059559023431180004,0.11495751465152067,14.715,-4.084794598679791e-05,-5.293009082495355e-05,-0.000156686492631327
7.22,10.0,-7.0,20.0,9.994388948797278,-7.014710071231023,19.954385357041513,0.03602777305153739,0.04770281121935348,0.06521353310089106,0.02244420481092161,0.05884028492405221,0.11403660739625036,14.715,-4.021193932819978e-05,-5.21194912663958e-05,-0.00015402056201139645
7.2250000000000005,10.0,-7.0,20.0,9.99452341596167,-7.014533125675866,19.954747542531123,0.03545151237041965,0.04695645617646381,0.06411044208070532,0.021906336153336706,0.05813250270344981,0.1131311436721886,14.715,-3.95855114678687e-05,-5.132079511352101e-05,-0.0001513993407320869
7.23,10.0,-7.0,20.0,9.994655767062074,-7.014358878858823,19.95510365459928,0.03488423323355237,0.046221535030144166,0.06302612417507886,0.021376931751732286,0.057435515435253146,0.11224086350181349,14.715,-3.896852478615268e-05,-5.053383811382181e-05,-0.0001488220914708861
7.235,10.0,-7.0,20.0,9.994786034125603,-7.014187291005114,19.955453795514078,0.0343258001282497,0.04549787984337403,0.0619602644576299,0.020855863497538676,0.056749164020483724,0.11136551121477388,14.715,-3.836084358934633e-05,-4.9758458005487025e-05,-0.00014628808884624525
7.24,10.0,-7.0,20.0,9.99491424871565,-7.0140183228917,19.95579806584866,0.033776079494368415,0.044785324996460596,0.06091255319713931,0.020343005137391013,0.05607329156680643,0.1105048353783625,14.715,-3.776233388217762e-05,-4.899449462803553e-05,-0.00014379661918538357
7.245,10.0,-7.0,20.0,9.995040441938155,-7.013851935840358,19.95613656450881,0.03323493969969943,0.04408370715715985,0.05988268577369276,0.019838232247379493,0.05540774336145668,0.10965858872798898,14.715,-3.717286358786443e-05,-4.824178972633007e-05,-0.00014134698039401856
7.25,10.0,-7.0,20.0,9.995164644447796,-7.013688091710836,19.95646938876005,0.032702251012215855,0.043392865253597965,0.05887036259575581,0.019341422208826255,0.05475236684335328,0.1088265280998793,14.715,-3.6592302260072255e-05,-4.750018713740719e-05,-0.00013893848171639002
7.255,10.0,-7.0,20.0,9.995286886454114,-7.013526752894077,19.956796634254353,0.03217788557645551,0.0427126404445098,0.05787528901896772,0.018852454183553406,0.05410701157633092,0.10800841436409335,14.715,-3.602052132408164e-05,-4.676953255379699e-05,-0.00013657044359803718
7.26,10.0,-7.0,20.0,9.99540719772755,-7.013367882305506,19.957118395056423,0.03166171738645714,0.04204287609286111,0.05689717526591809,0.018371209089761663,0.05347152922206724,0.10720401235894186,14.715,-3.5457393829027945e-05,-4.6049673711637326e-05,-0.00013424219748602557
7.265000000000001,10.0,-7.0,20.0,9.995525607605428,-7.013211443378396,19.95743476366953,0.03115362226225345,0.041383417736769824,0.05593573634735422,0.017897569578316175,0.05284577351362067,0.10641309082616673,14.715,-3.490279460102124e-05,-4.534046018445787e-05,-0.00013195308567183868
7.2700000000000005,10.0,-7.0,20.0,9.995642144997847,-7.013057400057295,19.957745831060965,0.030653477824178595,0.04073411306337515,0.05499069198451365,0.017431420008625156,0.052229600229171745,0.10563542234758436,14.715,-3.435660012942399e-05,-4.464174351571314e-05,-0.0001297024610982549
7.275,10.0,-7.0,20.0,9.995756838393516,-7.012905716791526,19.958051686687075,0.03016116346881209,0.04009481188080219,0.054061766532839936,0.01697264642594349,0.051622867166069744,0.10487078328230146,14.715,-3.381868855100864e-05,-4.395337707487351e-05,-0.0001274896872127719
7.28,10.0,-7.0,20.0,9.995869715865517,-7.012756358528755,19.9583524185179,0.029676560345156873,0.039465366092182264,0.053148688906748086,0.016521136537963808,0.05102543411498122,0.10411895370526683,14.715,-3.328893968716595e-05,-4.3275216147723914e-05,-0.00012531413778281788
7.285,10.0,-7.0,20.0,9.995980805076979,-7.012609290708622,19.958648113061418,0.029199551330291427,0.0388456296683742,0.05225119250571354,0.016076779692120076,0.050437162834445486,0.10337971734645905,14.715,-3.276723495404916e-05,-4.260711782098744e-05,-0.00012317519675040929
7.29,10.0,-7.0,20.0,9.996090133286717,-7.012464479256451,19.958938855387398,0.028730021006315783,0.038235458622332845,0.05136901514140205,0.015639466853094707,0.049857917025837334,0.10265286153147381,14.715,-3.225345740365707e-05,-4.1948941029910305e-05,-0.0001210722580492574
7.295,10.0,-7.0,20.0,9.996197727354772,-7.012321890577011,19.959224729150883,0.028267855636715633,0.03763471098279077,0.05050189896610939,0.015209090580936339,0.04928756230802437,0.1019381771228108,14.715,-3.1747491634132804e-05,-4.1300546522000115e-05,-0.00011900472546017228
7.3,10.0,-7.0,20.0,9.996303613747891,-7.012181491548361,19.959505816615287,0.027812943144017752,0.03704324676845431,0.04964959040223677,0.014785545008465175,0.048725966193449224,0.10123545846179681,14.715,-3.124922388966122e-05,-4.066179677810742e-05,-0.00011697201246498494
7.305,10.0,-7.0,20.0,9.996407818544954,-7.012043249515746,19.95978219867514,0.02736517308602062,0.03646092796332514,0.04881184007281236,0.014368725820204997,0.048172998062990455,0.10054450331216272,14.715,-3.0758541869428464e-05,-4.003255613266371e-05,-0.0001149735420609029
7.3100000000000005,10.0,-7.0,20.0,9.996510367442305,-7.011907132285571,19.96005395487844,0.026924436634767564,0.03588761849029477,0.047988402733342414,0.013958530230806274,0.04762852914224835,0.09986511280387482,14.715,-3.027533489213288e-05,-3.941269057346545e-05,-0.00011300874664163074
7.315,10.0,-7.0,20.0,9.996611285759052,-7.011773108119431,19.960321163448675,0.026490626553169232,0.03532318418760239,0.04717903720451383,0.013554856963774618,0.0470924324777289,0.09919709137830215,14.715,-2.9799493730437777e-05,-3.880206788739068e-05,-0.00011107706782317304
7.32,10.0,-7.0,20.0,9.996710598442272,-7.011641145728215,19.96058390130648,0.026063637174002997,0.034767492783200925,0.04638350630614431,0.013157606230911674,0.04656458291282429,0.09854024673376535,14.715,-2.9330910681397797e-05,-3.820055754067696e-05,-0.0001091779563232453
7.325,10.0,-7.0,20.0,9.996808330072168,-7.011511214266265,19.960842244090955,0.025643364377909064,0.034220413870833716,0.045601576791996105,0.01276667971134891,0.04604485706501464,0.0978943897726122,14.715,-2.886947951874674e-05,-3.76080306807368e-05,-0.0001073108717840121
7.33,10.0,-7.0,20.0,9.996904504867153,-7.0113832833256104,19.96109626618063,0.025229705572075278,0.03368181888608105,0.04483301928585943,0.012381980531395612,0.04553313330245916,0.09725933454842046,14.715,-2.8415095464916772e-05,-3.702436015356281e-05,-0.000105475282666316
7.335,10.0,-7.0,20.0,9.996999146688875,-7.0112573229302555,19.961346040714094,0.024822559669327858,0.033151581082153235,0.044077608218393266,0.01200341324448868,0.04502929172099436,0.09663489821479097,14.715,-2.7967655189215997e-05,-3.6449420449796326e-05,-0.00010367066607101505
7.34,10.0,-7.0,20.0,9.997092279047173,-7.011133303530538,19.961591639610333,0.02442182706725322,0.03262957550645232,0.04333512176524586,0.011630883811345957,0.044533214122150055,0.09602090097414062,14.715,-2.752705678018278e-05,-3.588308766532023e-05,-0.00010189650764323892
7.345,10.0,-7.0,20.0,9.997183925104984,-7.011011195997546,19.961833133588666,0.0240274096277206,0.032115678977694455,0.04260534178586084,0.011264299580017796,0.0440447839901476,0.09541716602834023,14.715,-2.7093199759524043e-05,-3.53252395786807e-05,-0.00010015230138496004
7.3500000000000005,10.0,-7.0,20.0,9.997274107683175,-7.010890971617601,19.96207059218843,0.02363921065620971,0.0316097700619196,0.04188805376362578,0.010903569267261728,0.043563886470424786,0.09482351952890701,14.715,-2.6665984971286922e-05,-3.477575547839724e-05,-9.843754958328598e-05
7.355,10.0,-7.0,20.0,9.997362849265311,-7.010772602086799,19.962304083788318,0.023257134882730405,0.03111172905097121,0.04118304674653428,0.010548602938797582,0.043090408347244716,0.09423979052916906,14.715,-2.6245314723099985e-05,-3.4234516340074536e-05,-9.675176261782113e-05
7.36,10.0,-7.0,20.0,9.997450172002383,-7.010656059505618,19.96253367562542,0.022881088440723604,0.030621437938435653,0.04049011328922768,0.010199311990478594,0.04262423802242429,0.0936658109364298,14.715,-2.5831092604234072e-05,-3.370140460027636e-05,-9.509445887504295e-05
7.365,10.0,-7.0,20.0,9.997536097717452,-7.010541316373581,19.962759433813925,0.022510978848572564,0.03013878039881711,0.039809049395650144,0.009855609130174978,0.04216526549436797,0.09310141546521382,14.715,-2.5423223568311644e-05,-3.317630429795367e-05,-9.34651645985209e-05
7.37,10.0,-7.0,20.0,9.997620647910244,-7.010428345583982,19.962981423363587,0.02214671498993352,0.0296636417646836,0.03913965446277629,0.009517408359046811,0.0417133823358802,0.0925464415910216,14.715,-2.5021613888628387e-05,-3.2659101024009945e-05,-9.186341377883014e-05
7.375,10.0,-7.0,20.0,9.997703843761697,-7.01031712041868,19.96319970819782,0.021788207094710292,0.02919590900453217,0.03848173122512743,0.009184624953224047,0.041268481674725924,0.09200072950542015,14.715,-2.4626171156096587e-05,-3.21496817738431e-05,-9.028874800142252e-05
7.38,10.0,-7.0,20.0,9.997785706138426,-7.010207614542936,19.963414351171554,0.021435366720062236,0.028735470702763288,0.03783508570037721,0.008857175446300734,0.04083045817174831,0.09146412207113346,14.715,-2.4236804214028088e-05,-3.1647935198544904e-05,-8.87407163600146e-05
7.385,10.0,-7.0,20.0,9.997866255597156,-7.010099802000324,19.963625414088785,0.021088106732350086,0.02828221703605411,0.03719952713557766,0.008534977611422136,0.04039920800132744,0.09093646477802372,14.715,-2.3853423219260032e-05,-3.115375124597673e-05,-8.721887532372274e-05
7.390000000000001,10.0,-7.0,20.0,9.997945512389075,-7.009993657207697,19.96383295771984,0.02074634128820985,0.027836039754870083,0.03657486795433679,0.008217950443677183,0.03997462883082122,0.09041760570040826,14.715,-2.3475939561512608e-05,-3.0667021491720414e-05,-8.57227885955921e-05
7.3950000000000005,10.0,-7.0,20.0,9.998023496464148,-7.009889154950205,19.964037041818386,0.020409985816785377,0.02739683216023328,0.035960923705009334,0.007906014143406916,0.03955661980082049,0.08990739545405839,14.715,-2.3104265854368892e-05,-3.018763880990946e-05,-8.425202704225791e-05
7.4,10.0,-7.0,20.0,9.998100227475375,-7.00978627037638,19.96423772513812,0.020078957002093497,0.02696448908520307,0.035357513009391404,0.007599090098495163,0.039145081505505885,0.08940568715472504,14.715,-2.2738315991409598e-05,-2.9715497612908066e-05,-8.280616853634697e-05
7.405,10.0,-7.0,20.0,9.998175724782973,-7.009684978993274,19.964435065449234,0.019753172764588402,0.026538906872921014,0.034764457512543694,0.007297100868084094,0.03873991597310656,0.08891233637691873,14.715,-2.237800499994746e-05,-2.92504936381944e-05,-8.138479786978462e-05
7.41,10.0,-7.0,20.0,9.998250007458532,-7.0095852566616506,19.964629119554598,0.01943255224482432,0.02611998335770595,0.0341815818332357,0.006999970165882675,0.03834102664656239,0.08842720111351654,14.715,-2.2023249166444478e-05,-2.8792524091463365e-05,-7.99875066304607e-05
7.415,10.0,-7.0,20.0,9.9983230942891,-7.00948707959124,19.964819943305688,0.019117015785324838,0.025707617844096847,0.03360871351527319,0.006707622843576891,0.0379483183650004,0.08795014173575073,14.715,-2.1673965917683214e-05,-2.834148746473337e-05,-7.86138931076025e-05
7.42,10.0,-7.0,20.0,9.998395003781217,-7.009390424336047,19.96500759161824,0.018806484914157286,0.025301711088498727,0.033045682979503416,0.0064199848751559764,0.03756169734419349,0.087481020954406,14.715,-2.1330073843774717e-05,-2.7897283730599685e-05,-7.726356215779148e-05
7.425,10.0,-7.0,20.0,9.998465754164895,-7.009295267789711,19.965192118487657,0.018500882328180503,0.02490216527804383,0.03249232347677989,0.006136983340424415,0.03718107115885106,0.08701970378088943,14.715,-2.0991492716438094e-05,-2.7459814058472693e-05,-7.593612513586738e-05
7.43,10.0,-7.0,20.0,9.998535363397556,-7.009201587180924,19.9653735770042,0.018200131876033532,0.024508884013515187,0.03194847104142208,0.0058585464097352805,0.03680634872368836,0.08656605748950916,14.715,-2.0658143385736875e-05,-2.7028981100154425e-05,-7.463119975997927e-05
7.4350000000000005,10.0,-7.0,20.0,9.998603849167907,-7.009109360068908,19.96555201936788,0.017904158542606245,0.02412177228817744,0.03141396444564151,0.005584603328418241,0.03643744027561539,0.08611995158032551,14.715,-2.0329947865560473e-05,-2.6604688679391493e-05,-7.334841001651701e-05
7.44,10.0,-7.0,20.0,9.998671228899768,-7.009018564338933,19.965727496903156,0.017612888432288136,0.023740736471052428,0.03088864515464882,0.0053150844009022275,0.03607425735572225,0.08568125774212929,14.715,-2.0006829273865334e-05,-2.6186842036525324e-05,-7.208738607720996e-05
7.445,10.0,-7.0,20.0,9.99873751975585,-7.008929178197908,19.96590006007336,0.017326248753075663,0.023365684286688435,0.030372357282354535,0.005049920976568329,0.03571671279167155,0.08524984981662877,14.715,-1.9688711758057588e-05,-2.5775347593534166e-05,-7.084776417151308e-05
7.45,10.0,-7.0,20.0,9.998802738641485,-7.008841180170003,19.966069758494903,0.017044167801750904,0.022996524798293005,0.0298649475479838,0.004789045434076019,0.03536472067998913,0.0848256037627639,14.715,-1.9375520634420646e-05,-2.5370113134208916e-05,-6.962918651319987e-05
7.455,10.0,-7.0,20.0,9.998866902208306,-7.00875454909234,19.966236640951283,0.01676657494706544,0.02263316838828304,0.029366265233216855,0.004532391166808935,0.03501819636937247,0.08440839762178372,14.715,-1.9067182197763088e-05,-2.4971047581302104e-05,-6.843130119166553e-05
7.46,10.0,-7.0,20.0,9.998930026857867,-7.008669264110734,19.96640075540679,0.016493400615653173,0.022275526742025202,0.02887616214010798,0.0042798925685242194,0.03467705644298139,0.08399811148302372,14.715,-1.876362384595476e-05,-2.4578061223512548e-05,-6.725376207416457e-05
7.465,10.0,-7.0,20.0,9.99899212874524,-7.008585304675478,19.966562149020085,0.016224576276161536,0.02192351282832324,0.02839449254970465,0.004031485019001853,0.03434121870195003,0.08359462744981017,14.715,-1.846477396683581e-05,-2.4191065446259254e-05,-6.609622873097514e-05
7.47,10.0,-7.0,20.0,9.999053223782537,-7.00850265053718,19.966720868157456,0.015960034425004797,0.021577040883759974,0.027921113181202627,0.0037871048697957718,0.03401060214869532,0.08319782960638243,14.715,-1.817056201029826e-05,-2.3809972943495716e-05,-6.495836632115507e-05
7.4750000000000005,10.0,-7.0,20.0,9.999113327642409,-7.008421281742663,19.96687695840595,0.01569970857108701,0.021236026394003633,0.02745588315191926,0.003546689430392095,0.03368512697063252,0.0828076039851332,14.715,-1.788091839301187e-05,-2.3434697509060492e-05,-6.383984551560314e-05
7.48,10.0,-7.0,20.0,9.99917245576147,-7.008341178630902,19.967030464586255,0.015443533221891676,0.020900386078101258,0.026998663937817854,0.0033101769541637903,0.033364714523585484,0.08242383853435774,14.715,-1.759577457543486e-05,-2.3065154209467834e-05,-6.274034240625699e-05
7.485,10.0,-7.0,20.0,9.99923062334371,-7.008262321829012,19.96718143076535,0.015191443868470305,0.020570037870295526,0.02654931933468233,0.0030775066251395723,0.03304928731601104,0.08204642308663909,14.715,-1.731506293729914e-05,-2.2701259182439472e-05,-6.16595384145694e-05
7.49,10.0,-7.0,20.0,9.999287845363833,-7.008184692248294,19.967329900268986,0.014943376972216461,0.02024490090472589,0.02610771541994738,0.002848618544671014,0.032738768993223526,0.08167524932755146,14.715,-1.70387168689982e-05,-2.2342929782543943e-05,-6.05971202144922e-05
7.495,10.0,-7.0,20.0,9.999344136570567,-7.008108271080322,19.967475915693953,0.014699269950332605,0.019924895498042147,0.02567372051508022,0.0026234537176925503,0.03243308432131383,0.0813102107651269,14.715,-1.6766670714113523e-05,-2.1990084472249336e-05,-5.955277963543286e-05
7.5,10.0,-7.0,20.0,9.999399511489917,-7.0080330397930775,19.96761951892014,0.014459061162122012,0.019609943133577133,0.02524720514865735,0.002401954040304594,0.032132159172289884,0.08095120269964003,14.715,-1.6498859721187016e-05,-2.1642642819448354e-05,-5.852621358857868e-05
7.505,10.0,-7.0,20.0,9.999453984428392,-7.00795898012714,19.96776075112241,0.014222689895973216,0.019299966445553537,0.024828042019969,0.0021840622864406503,0.031835920508606425,0.08059812219396521,14.715,-1.6235220126056935e-05,-2.1300525521985262e-05,-5.751712397935305e-05
7.51,10.0,-7.0,20.0,9.999507569476172,-7.007886074091915,19.967899652782275,0.0139900963551668,0.018994889202938067,0.024416105963250546,0.0019697220953486523,0.03154429636769478,0.08025086804431558,14.715,-1.5975689025768728e-05,-2.0963654378318306e-05,-5.65252176321562e-05
7.515000000000001,10.0,-7.0,20.0,9.999560280510234,-7.007814303961916,19.968036263699386,0.013761221645489891,0.01869463629371456,0.02401127391245292,0.0017588779590723004,0.03125721584761222,0.07990934075155429,14.715,-1.5720204466703096e-05,-2.0631952228147176e-05,-5.5550206205882686e-05
7.5200000000000005,10.0,-7.0,20.0,9.99961213119745,-7.007743652273089,19.96817062300282,0.01353600776158992,0.018399133710006312,0.023613424866618105,0.0015514752102377286,0.030974609092385943,0.07957344249295129,14.715,-1.5468705343243832e-05,-2.030534300291773e-05,-5.459180611756258e-05
7.525,10.0,-7.0,20.0,9.999663134997622,-7.0076741018191875,19.96830276916222,0.013314397574781372,0.018108308532473808,0.023222439855801504,0.0013474600095348447,0.030696407276746412,0.07924307709444882,14.715,-1.5221131487311548e-05,-1.9983751714333343e-05,-5.364973846264621e-05
7.53,10.0,-7.0,20.0,9.999713305166496,-7.007605635648183,19.96843273999872,0.013096334819571571,0.017822088914875817,0.022838201907565216,0.0011467793340128873,0.030422542592692718,0.07891815000318152,14.715,-1.4977423535533628e-05,-1.9667104337130973e-05,-5.272372894812292e-05
7.535,10.0,-7.0,20.0,9.99976265475872,-7.007538237058736,19.968560572695694,0.012881764082090533,0.017540404070308522,0.02246059601395032,0.000949380965070652,0.030152948234938325,0.07859856826075962,14.715,-1.4737523042246688e-05,-1.9355327956745166e-05,-5.1813507803050294e-05
7.54,10.0,-7.0,20.0,9.999811196630771,-7.007471889596695,19.968686303809353,0.012670630786903583,0.017263184255328395,0.022089509099089952,0.0007552134769556048,0.029887558386763984,0.07828424047661603,14.715,-1.450137234682089e-05,-1.9048350617133733e-05,-5.09188097236192e-05
7.545,10.0,-7.0,20.0,9.999858943443838,-7.007406577051652,19.96880996927915,0.012462881185725767,0.01699036075625378,0.021724829987215814,0.0005642262246523311,0.029626308206583078,0.07797507680211656,14.715,-1.4268914708451305e-05,-1.8746101385129228e-05,-5.003937378364181e-05
7.55,10.0,-7.0,20.0,9.999905907666664,-7.007342283453538,19.96893160443802,0.012258462344206819,0.016721865874543725,0.021366449371305784,0.00037636933329764853,0.029369133814201604,0.07767098890492465,14.715,-1.4040094092439797e-05,-1.844851030458028e-05,-4.9174943373803514e-05
7.555,10.0,-7.0,20.0,9.999952101578355,-7.007278993069259,19.969051244022456,0.012057322131778674,0.01645763291283261,0.021014259782166565,0.00019159368657794456,0.02911597227707819,0.07737188994387498,14.715,-1.3814855391005176e-05,-1.8155508423254023e-05,-4.832526612547495e-05
7.5600000000000005,10.0,-7.0,20.0,9.999997537271147,-7.007216690399374,19.969168922182416,0.011859409208341354,0.01619759616057861,0.020668155558062035,9.850915431845362e-06,0.0288667615975001,0.07707769454397437,14.715,-1.3593144220979851e-05,-1.7867027702120983e-05,-4.749009385538372e-05
7.565,10.0,-7.0,20.0,10.00004222665313,-7.007155360174822,19.969284672491078,0.011664673013847807,0.015941690881010512,0.02032803281473783,-0.00016890661253466963,0.028621440699250336,0.0767883187722931,14.715,-1.337490703045524e-05,-1.758300110633387e-05,-4.666918247520004e-05
7.57,10.0,-7.0,20.0,10.000086181450948,-7.007094987353688,19.96939852795442,0.011473063756362319,0.015689853296770542,0.01999378941609347,-0.00034472580383670937,0.02837994941478366,0.07650368011391996,14.715,-1.3160091014310056e-05,-1.7303362490330104e-05,-4.586229194253036e-05
7.575,10.0,-7.0,20.0,10.000129413212447,-7.007035557118003,19.96951052102066,0.011284532401330007,0.01544202057720209,0.01966532494520549,-0.000517652849797135,0.028142228471995472,0.07622369744836252,14.715,-1.2948644165930163e-05,-1.7028046704984857e-05,-4.506918618937365e-05
7.58,10.0,-7.0,20.0,10.000171933309295,-7.006977054870596,19.96962068358953,0.011099030660106554,0.01519813082410173,0.01934254067586294,-0.0006877332371314456,0.02790821948241559,0.07594829102620186,14.715,-1.274051522062127e-05,-1.6756989410945975e-05,-4.428963306497094e-05
7.585,10.0,-7.0,20.0,10.000213752939567,-7.006919466231982,19.9697290470214,0.010916510979299547,0.014958123060144247,0.0190253395445122,-0.0008550117582273312,0.02767786492787539,0.07567738244651065,14.715,-1.2535653672380919e-05,-1.649012731108834e-05,-4.352340425480964e-05
7.59,10.0,-7.0,20.0,10.000254883130292,-7.006862777037287,19.96983564214627,0.010736926529870582,0.014721937213977182,0.018713626122781914,-0.00101953252122067,0.027451108149108654,0.07541089463433477,14.715,-1.2334009737328144e-05,-1.622739783457048e-05,-4.2770275233668476e-05
7.595,10.0,-7.0,20.0,10.000295334739956,-7.006806973333217,19.969940499272585,0.010560231196762174,0.0144895141098402,0.01840730659034415,-0.0011813389598679695,0.027227893332825836,0.07514875181855675,14.715,-1.2135534359383586e-05,-1.5968739471861863e-05,-4.203002520039177e-05
7.6000000000000005,10.0,-7.0,20.0,10.000335118460988,-7.006752041375065,19.970043648195933,0.010386379568444258,0.0142607954523848,0.018106288708242782,-0.001340473843927698,0.02700816550021316,0.07489087951014063,14.715,-1.1940179229335545e-05,-1.5714091410170678e-05,-4.130243701787849e-05
7.605,10.0,-7.0,20.0,10.000374244822197,-7.006697967623755,19.970145118207583,0.010215326926188506,0.014035723816715431,0.017810481792651614,-0.0014969792888291698,0.02679187049502461,0.07463720448107683,14.715,-1.174789671815615e-05,-1.5463393836934088e-05,-4.058729713837788e-05
7.61,10.0,-7.0,20.0,10.000412724191184,-7.00664473874293,19.970244938102887,0.010047029234298708,0.013814242634082752,0.017519796689167554,-0.0016508967647307661,0.026578954971673972,0.07438765474275431,14.715,-1.1558639879705933e-05,-1.5216587688590815e-05,-3.9884395586410735e-05
7.615,10.0,-7.0,20.0,10.000450566776712,-7.006592341596067,19.970343136189562,0.00988144313030326,0.013596296181174774,0.01723414574722611,-0.0018022671069012643,0.026369366384242785,0.0741421595261139,14.715,-1.137236252273142e-05,-1.497361478279317e-05,-3.9193525833253326e-05
7.62,10.0,-7.0,20.0,10.000487782631055,-7.0065407632436445,19.970439740295806,0.009718525914117223,0.013381829567513579,0.016953442795415816,-0.0019511305242691692,0.026163052974572394,0.07390064926046583,14.715,-1.1189019031711924e-05,-1.4734417759093465e-05,-3.8514484822709015e-05
7.625,10.0,-7.0,20.0,10.000524381652294,-7.00648999094033,19.9705347777783,0.009558235539771335,0.013170788723701017,0.01667760311660808,-0.002097526609193378,0.025959963761271916,0.07366305555421557,14.715,-1.10085645748162e-05,-1.4498940061269695e-05,-3.7847072833757416e-05
7.63,10.0,-7.0,20.0,10.000560373586616,-7.006440012132223,19.970628275530085,0.009400530604163066,0.012963120389916968,0.016406543424070764,-0.0022414943464196214,0.025760048528929817,0.07342931117476269,14.715,-1.083095488085484e-05,-1.4267125926068571e-05,-3.719109348931384e-05
7.635,10.0,-7.0,20.0,10.000595768030534,-7.006390814454115,19.970720259988287,0.009245370339003342,0.012758772104578254,0.016140181837518995,-0.002383072122138683,0.02556325781651125,0.07319935002929037,14.715,-1.0656146414473384e-05,-1.4038920434543013e-05,-3.654635366576499e-05
7.640000000000001,10.0,-7.0,20.0,10.000630574433117,-7.006342385726806,19.970810757141738,0.00909271460025455,0.012557692192261643,0.015878437859813896,-0.002522297732433953,0.02536954290718027,0.07297310714568202,14.715,-1.0484096188264844e-05,-1.3814269373579415e-05,-3.591266345556088e-05
7.6450000000000005,10.0,-7.0,20.0,10.000664802098171,-7.006294713954432,19.970899792538468,0.008942523860260518,0.012359829753609778,0.01562123235392923,-0.002659208392644982,0.025178855817714948,0.07275051865381962,14.715,-1.0314761962097347e-05,-1.3593119358373205e-05,-3.528983610837596e-05
7.65,10.0,-7.0,20.0,10.000698460186387,-7.006247787321855,19.97098739129305,0.008794759197022066,0.012165134653482249,0.015368487520339438,-0.0027938407455096997,0.024991149287413607,0.072531521767391,14.715,-1.0148102001049305e-05,-1.3375417759318083e-05,-3.467768797194933e-05
7.655,10.0,-7.0,20.0,10.000731557717458,-7.00620159419206,19.97107357809386,0.00864938228694049,0.011973557510153372,0.015120126874831405,-0.002926230869815524,0.02480637676822238,0.07231605476537896,14.715,-9.98407529018689e-06,-1.3161112675980259e-05,-3.407603846858312e-05
7.66,10.0,-7.0,20.0,10.00076410357219,-7.0061561231036125,19.971158377210198,0.008506355394485274,0.011785049684882289,0.014876075226484499,-0.0030564142887451367,0.024624492414455634,0.0721040569745046,14.715,-9.822641336818388e-06,-1.295015297118925e-05,-3.348471001343885e-05
7.665,10.0,-7.0,20.0,10.000796106494539,-7.00611136276813,19.971241812499283,0.00836564136469489,0.011599563270994253,0.014636258656235811,-0.003184425978120481,0.02444545107251645,0.07189546875179793,14.715,-9.663760313927632e-06,-1.2742488235853057e-05,-3.290352797783972e-05
7.67,10.0,-7.0,20.0,10.00082757509367,-7.0060673020677955,19.97132390741317,0.008227203613623689,0.01141705108346545,0.014400604495708206,-0.00331030037464676,0.024269208271227718,0.0716902314671048,14.715,-9.507392938145706e-06,-1.2538068769669915e-05,-3.233232065265441e-05
7.675,10.0,-7.0,20.0,10.00085851784594,-7.006023930052905,19.971404685005496,0.008091006120537274,0.011237466648783641,0.01416904130630061,-0.003434071383749322,0.02409572021165436,0.07148828748629353,14.715,-9.35350053381567e-06,-1.233684561913146e-05,-3.177091918199872e-05
7.68,10.0,-7.0,20.0,10.000888943096893,-7.005981235939442,19.97148416793818,0.007957013419190813,0.011060764194264026,0.01394149885875314,-0.0035557723876141045,0.02392494375773979,0.07128958015452524,14.715,-9.202044986336802e-06,-1.2138770488061136e-05,-3.121915752892048e-05
7.6850000000000005,10.0,-7.0,20.0,10.00091885906319,-7.005939209106696,19.971562378487956,0.00782519058977616,0.01088689863864613,0.01371790811295799,-0.003675436252719185,0.023756836426738794,0.07109405378009666,14.715,-9.05298873977836e-06,-1.1943795811032641e-05,-3.0676872413642984e-05
7.69,10.0,-7.0,20.0,10.00094827383455,-7.005897839094896,19.97163933855284,0.007695503250903704,0.010715825581638635,0.013498201198212607,-0.0037930953381805597,0.023591356379548643,0.07090165361790113,14.715,-8.906294843476908e-06,-1.1751874693558011e-05,-3.0143903298641343e-05
7.695,10.0,-7.0,20.0,10.000977195375627,-7.005857115602889,19.971715069658455,0.007567917550917265,0.010547501294320567,0.01328231139357978,-0.003908781502469474,0.02342846241154911,0.07071232585384402,14.715,-8.76192680579673e-06,-1.1562960920186e-05,-2.962009231020613e-05
7.7,10.0,-7.0,20.0,10.001005631527889,-7.005817028485845,19.97178959296429,0.007442400161304212,0.010381882709426093,0.013070173108809442,-0.00402252611155464,0.023268113943340683,0.0705260175892579,14.715,-8.619848790423717e-06,-1.1377008945251513e-05,-2.910528421154882e-05
7.705,10.0,-7.0,20.0,10.001033590011446,-7.005777567752997,19.971862929269825,0.0073189182672943566,0.010218927411761468,0.012861721865453129,-0.0041343600458231275,0.023110271011991673,0.07034267682544514,14.715,-8.48002537828923e-06,-1.119397385922402e-05,-2.8599326361150048e-05
7.71,10.0,-7.0,20.0,10.00106107842688,-7.005738723565399,19.971935099020563,0.007197439561869506,0.010058593629103631,0.012656894278276739,-0.004244313707510136,0.0229548942615729,0.07016225244860198,14.715,-8.342421780481058e-06,-1.101381145231237e-05,-2.8102068665341716e-05
7.715,10.0,-7.0,20.0,10.001088104257018,-7.005700486233733,19.972006122313974,0.0070779322367237295,0.009900840222187408,0.012455628037012872,-0.004352417028026996,0.022801944934913675,0.06998469421506087,14.715,-8.207003656653735e-06,-1.08364780797956e-05,-2.7613363534445763e-05
7.72,10.0,-7.0,20.0,10.001114674868708,-7.00566284621613,19.972076018905337,0.006960364975825158,0.009745626676621344,0.01225786188842735,-0.004458699474780275,0.022651384864543607,0.06980995273665982,14.715,-8.073737221250344e-06,-1.0661930810474491e-05,-2.713306584653265e-05
7.7250000000000005,10.0,-7.0,20.0,10.001140797514546,-7.005625794116025,19.97214480821346,0.006844706947456662,0.00959291309267683,0.01206353561864524,-0.004563190058194446,0.022503176464143244,0.06963797946636632,14.715,-7.942589163388155e-06,-1.0490127270386412e-05,-2.6661032905507554e-05
7.73,10.0,-7.0,20.0,10.001166479334598,-7.005589320680048,19.972212509326354,0.006730927797404513,0.009442660177315522,0.011872590035777114,-0.004665917338429213,0.022357282720198313,0.06946872668409212,14.715,-7.813526684929828e-06,-1.0321025746190234e-05,-2.619712440389381e-05
7.735,10.0,-7.0,20.0,10.00119172735808,-7.005553416795935,19.972279141006766,0.0066189976416021045,0.009294829234735577,0.01168496695281183,-0.004766909432300407,0.022213667183755722,0.06930214748308039,14.715,-7.68651747611732e-06,-1.0154585087268702e-05,-2.5741202368575154e-05
7.74,10.0,-7.0,20.0,10.001216548505028,-7.005518073490466,19.972344721697652,0.006508887059123061,0.00914938215831989,0.01150060917089789,-0.004866194020099086,0.022072293961874222,0.06913819575584766,14.715,-7.56152972377436e-06,-9.99076479609707e-06,-2.5293131153162044e-05
7.745,10.0,-7.0,20.0,10.001240949587938,-7.005483281927444,19.972409269527542,0.006400567085057237,0.009006281421289588,0.011319460462679507,-0.004963798351799985,0.021933127709787528,0.06897682618114363,14.715,-7.4385320593843306e-06,-9.829524904517249e-06,-2.485277736139341e-05
7.75,10.0,-7.0,20.0,10.001264937313383,-7.005449033405688,19.972472802315835,0.006294009204130799,0.008865490069129523,0.011141465556181243,-0.005059749253575285,0.02179613362276209,0.06881799421040194,14.715,-7.317493611326976e-06,-9.67082608289767e-06,-2.4420009847728315e-05
7.755,10.0,-7.0,20.0,10.001288518283602,-7.005415319357057,19.97253533757798,0.006189185343578413,0.008726971710449873,0.0109665701186884,-0.005154073134410173,0.021661277428260226,0.06866165605501794,14.715,-7.19838396464756e-06,-9.514629526951897e-06,-2.399469964780884e-05
7.76,10.0,-7.0,20.0,10.001311698998078,-7.005382131344509,19.972596892530586,0.006086067866592036,0.008590690509468707,0.010794720741125464,-0.005246795992311283,0.02152852537800142,0.0685077686734993,14.715,-7.081173162551215e-06,-9.360897047334848e-06,-2.3576719962773775e-05
7.765000000000001,10.0,-7.0,20.0,10.001334485855086,-7.005349461060171,19.97265748409647,0.005984629565748625,0.008456611177210926,0.010625864922546866,-0.005337943420311581,0.02139784424073615,0.06835628975880735,14.715,-6.965831684952977e-06,-9.209590945157125e-06,-2.3165946120445585e-05
7.7700000000000005,10.0,-7.0,20.0,10.001356885153205,-7.005317300323457,19.97271712890957,0.005884843656745404,0.008324698964490092,0.010459951054905742,-0.0054275406127805865,0.02126920129379829,0.06820717772608022,14.715,-6.85233047841772e-06,-9.060674181580057e-06,-2.276225553435869e-05
7.775,10.0,-7.0,20.0,10.001378903092846,-7.005285641079183,19.972775843319813,0.005786683771706583,0.008194919652460744,0.01029692840811611,-0.005515612371429263,0.021142564316693143,0.068060391700483,14.715,-6.740640908352636e-06,-8.914110108553888e-06,-2.23655276734201e-05
7.78,10.0,-7.0,20.0,10.001400545777711,-7.005254475395742,19.972833643397916,0.005690123953175153,0.008067239547027396,0.010136747115332358,-0.0056021831108060095,0.021017901582955203,0.06791589150518537,14.715,-6.630734757512476e-06,-8.76986278193681e-06,-2.19756440303366e-05
7.785,10.0,-7.0,20.0,10.001421819216267,-7.005223795463276,19.97289054494006,0.005595138648126384,0.007941625468768214,0.00997935815845484,-0.005687276865115779,0.0208951818531255,0.0677736376498479,14.715,-6.5225843057364835e-06,-8.627896638167004e-06,-2.159248807464707e-05
7.79,10.0,-7.0,20.0,10.001442729323188,-7.005193593591883,19.97294656347253,0.005501702700839448,0.007818044747489802,0.00982471335397186,-0.00577091729269829,0.02077437436752538,0.06763359131866317,14.715,-6.416162114429398e-06,-8.48817675694387e-06,-2.1215945249326135e-05
7.795,10.0,-7.0,20.0,10.00146328192076,-7.00516386220986,19.97300171425625,0.005409791348856388,0.007696465213019166,0.009672765338825983,-0.005853127683050698,0.020655448839437388,0.06749571435935116,14.715,-6.311441350122999e-06,-8.350668618445354e-06,-2.084590290155129e-05
7.8,10.0,-7.0,20.0,10.00148348274029,-7.00513459386195,19.973056012291263,0.005319380214306671,0.007576855189473091,0.009523467556776181,-0.005933930961204036,0.02053837544777727,0.0673599692718363,14.715,-6.208395357903176e-06,-8.215338322452607e-06,-2.048225027879555e-05
7.805000000000001,10.0,-7.0,20.0,10.001503337423491,-7.005105781207624,19.97310947232112,0.005230445301342186,0.0074591834863885825,0.009376774244787977,-0.006013349693931658,0.020423124830478437,0.0672263191971793,14.715,-6.106998106727798e-06,-8.082152363199973e-06,-2.0124878489290026e-05
7.8100000000000005,10.0,-7.0,20.0,10.001522851523818,-7.005077417019394,19.973162108837204,0.005142962987193791,0.007343419393078169,0.009232640419706735,-0.006091406095245237,0.02030966807757105,0.06709472790701759,14.715,-6.007223788360985e-06,-7.951077820751024e-06,-1.9773680459578324e-05
7.815,10.0,-7.0,20.0,10.001542030507826,-7.005049494181133,19.973213936083003,0.0050569100189729235,0.00722953267024377,0.009091021865234968,-0.0061681220312800955,0.02019797672456649,0.0669651597924971,14.715,-5.90904709229449e-06,-7.822082183164873e-06,-1.942855093522418e-05
7.82,10.0,-7.0,20.0,10.001560879756484,-7.005022005686434,19.973264968058263,0.004972263506535483,0.007117493544137662,0.008951875118904556,-0.006243519025892987,0.020088022745740012,0.06683757985434882,14.715,-5.812443023980979e-06,-7.695133488595195e-06,-1.9089386404937645e-05
7.825,10.0,-7.0,20.0,10.00157940456647,-7.004994944636978,19.973315218523112,0.004889000917949546,0.007007272698687871,0.008815157459592387,-0.006317618265852754,0.019979778547922315,0.06671195369220222,14.715,-5.717387021308415e-06,-7.570200173152307e-06,-1.8756085118812567e-05
7.83,10.0,-7.0,20.0,10.001597610151457,-7.004968304240941,19.973364701002104,0.004807100073294924,0.006898841269802607,0.008680826894905376,-0.006390440605827444,0.019873216963782192,0.06658824749472546,14.715,-5.623854842935926e-06,-7.447251217629429e-06,-1.8428547023014017e-05
7.835,10.0,-7.0,20.0,10.001615501643368,-7.0049420778114015,19.973413428788206,0.004726539140062387,0.006792170837572851,0.008548842149033242,-0.006462006573473193,0.019768311245618113,0.06646642802951129,14.715,-5.531822658111815e-06,-7.326255993738708e-06,-1.810667375657959e-05
7.84,10.0,-7.0,20.0,10.00163308409363,-7.004916258764798,19.97346141494668,0.004647296627266552,0.006687233420677293,0.008419162650624205,-0.006532336374523114,0.019665035059149752,0.06634646263328091,14.715,-5.44126697066726e-06,-7.207184380004475e-06,-1.7790368612441454e-05
7.845,10.0,-7.0,20.0,10.001650362474393,-7.004890840619377,19.973508672318967,0.004569351380647658,0.006584001469127088,0.008291748520939841,-0.006601449897570852,0.019563362477513127,0.06622831920259675,14.715,-5.352164655793791e-06,-7.090006649782877e-06,-1.74795364975023e-05
7.8500000000000005,10.0,-7.0,20.0,10.001667341679736,-7.004865816993694,19.97355521352644,0.004492682577346732,0.006482447858614446,0.00816656056229587,-0.006669366718955917,0.01946326797474681,0.06611196618387555,14.715,-5.2644929316095665e-06,-6.9746935877719105e-06,-1.7174083943674937e-05
7.855,10.0,-7.0,20.0,10.001684026526865,-7.004841181605106,19.97360105097413,0.0044172697209882246,0.006382545883192232,0.008043560246423874,-0.006736106107445457,0.019364726420397705,0.0659973725646736,14.715,-5.1782293643190545e-06,-6.86121632129776e-06,-1.6873919027971948e-05
7.86,10.0,-7.0,20.0,10.001700421757274,-7.004816928268313,19.973646196854393,0.004343092636688904,0.006284269250370055,0.00792270970340534,-0.006801687029119595,0.019267713073210836,0.0658845078640179,14.715,-5.093351872406004e-06,-6.749546504880707e-06,-1.6578951402792197e-05
7.865,10.0,-7.0,20.0,10.001716532037909,-7.004793050893895,19.973690663150492,0.004270131466006854,0.006187592073566531,0.007803971710388777,-0.006866128151646086,0.01917220357553156,0.06577334212375499,14.715,-5.009838680060361e-06,-6.6396561243022195e-06,-1.6289092223441726e-05
7.87,10.0,-7.0,20.0,10.00173236196231,-7.004769543486887,19.973734461640145,0.004198366662557759,0.006092488867367951,0.007687309680825954,-0.006929447849267439,0.01907817394750425,0.06566384589964548,14.715,-4.92766839406435e-06,-6.531517659230025e-06,-1.600425414876763e-05
7.875,10.0,-7.0,20.0,10.001747916051713,-7.004746400145371,19.973777603898995,0.0041277789865300195,0.0059989345404573916,0.007572687653703564,-0.006991664206872017,0.0189856005814745,0.06555599025252207,14.715,-4.846819881357728e-06,-6.425103935347789e-06,-1.5724351314467935e-05
7.88,10.0,-7.0,20.0,10.001763198756183,-7.0047236150590795,19.973820101304028,0.004058349500953777,0.005906904390661807,0.007460070282966064,-0.007052795024777592,0.018894460236289587,0.06544974673995642,14.715,-4.7672724058641776e-06,-6.320388243641296e-06,-1.5449299294414814e-05
7.885,10.0,-7.0,20.0,10.001778214455681,-7.0047011825080245,19.973861965036942,0.003990059566010187,0.005816374098290347,0.007349422827215513,-0.0071128578227006856,0.018804730032107805,0.06534508740760818,14.715,-4.6890054644052145e-06,-6.217344207431135e-06,-1.5179015098387054e-05
7.890000000000001,10.0,-7.0,20.0,10.001792967461148,-7.004679096861153,19.97390320608746,0.003922890835691198,0.005727319721377198,0.007240711139427646,-0.007171869844540112,0.018716387444597114,0.06524198478133712,14.715,-4.611998964035237e-06,-6.115945921363405e-06,-1.4913417117920513e-05
7.8950000000000005,10.0,-7.0,20.0,10.001807462015554,-7.0046573525750055,19.97394383525656,0.0038568252519193256,0.00563971768893341,0.00713390165705577,-0.007229848062244542,0.018629410300049835,0.06514041185861566,14.715,-4.536233020145295e-06,-6.016167778330427e-06,-1.4652425143907517e-05
7.9,10.0,-7.0,20.0,10.00182170229495,-7.00463594419241,19.973983863159685,0.003791845041559519,0.00555354479667781,0.007028961392008612,-0.007286809179781828,0.018543776769683076,0.06504034210076833,14.715,-4.461688116749979e-06,-5.917984652641808e-06,-1.4395960307718035e-05
7.905,10.0,-7.0,20.0,10.001835692409488,-7.004614866341181,19.974023300229895,0.0037279327111352056,0.00546877820014408,0.00692585792104985,-0.007342769637922564,0.01845946536475341,0.06494174942527477,14.715,-4.3883450270532e-06,-5.821371699098437e-06,-1.414394506814979e-05
7.91,10.0,-7.0,20.0,10.001849436404427,-7.00459411373285,19.974062156720944,0.0036650710426822768,0.005385395410665797,0.006824559376291117,-0.007397745617700524,0.018376454931366203,0.06484460819762759,14.715,-4.316184791496855e-06,-5.726304526019546e-06,-1.389630321103057e-05
7.915,10.0,-7.0,20.0,10.001862938261143,-7.0045736811614,19.974100442710327,0.003603243089917625,0.005303374288882951,0.006725034435687848,-0.007451753044585555,0.0182947246455903,0.0647488932242079,14.715,-4.245188772911783e-06,-5.632759032911012e-06,-1.3652959786848023e-05
7.92,10.0,-7.0,20.0,10.001876201898096,-7.004553563502029,19.974138168102265,0.003542432173617816,0.0052226930405736005,0.006627252313981821,-0.007504807592351126,0.01821425400816554,0.06465457974433388,14.715,-4.175338590354602e-06,-5.540711561230854e-06,-1.3413841136781092e-05
7.925,10.0,-7.0,20.0,10.001889231171804,-7.0045337557099305,19.974175342630648,0.0034826218779455903,0.005143330210325888,0.006531182753457255,-0.0075569246872472205,0.01813502283971926,0.06456164342339082,14.715,-4.106616187987591e-06,-5.450138738728172e-06,-1.317887482244766e-05
7.930000000000001,10.0,-7.0,20.0,10.001902029877796,-7.004514252819082,19.974211975861927,0.003423796045789845,0.005065264677439654,0.006436796015200071,-0.0076081195111554435,0.018057011276288025,0.06447006034519781,14.715,-4.0390037114558505e-06,-5.361017577648055e-06,-1.2947989651683977e-05
7.9350000000000005,10.0,-7.0,20.0,10.001914601751546,-7.004495049941062,19.97424807719795,0.0033659387758764848,0.00498847565042129,0.006344062870172501,-0.007658407006169023,0.017980199764228766,0.06437980700513768,14.715,-3.972483691488108e-06,-5.273325429251316e-06,-1.2721115622453256e-05
7.94,10.0,-7.0,20.0,10.001926950469404,-7.004476142263878,19.97428365587875,0.0033090344172494917,0.004912942662129967,0.006252954590689437,-0.007707801877646137,0.017904569055536994,0.06429086030309623,14.715,-3.907038800163805e-06,-5.187039992113357e-06,-1.2498183922840848e-05
7.945,10.0,-7.0,20.0,10.0019390796495,-7.004457525050812,19.97431872098532,0.003253067567243306,0.004838645564804921,0.006163442941894808,-0.0077563185979757,0.017830100203266804,0.06420319753671944,14.715,-3.8426520829289166e-06,-5.102139294211678e-06,-1.2279126898296928e-05
7.95,10.0,-7.0,20.0,10.001950992852645,-7.004439193639285,19.97435328144228,0.003198023066131922,0.004765564525349237,0.00607550017347256,-0.007803971410546686,0.017756774557154437,0.06411679639428897,14.715,-3.779306784806394e-06,-5.018601688939768e-06,-1.2063878056234302e-05
7.955,10.0,-7.0,20.0,10.001962693583216,-7.004421143439732,19.974387346020553,0.003143885994267431,0.004693680020670668,0.005989099011324722,-0.007850774332903241,0.01768457375893649,0.06403163494861558,14.715,-3.71698643515245e-06,-4.936405872749367e-06,-1.1852372004607434e-05
7.96,10.0,-7.0,20.0,10.001974185290022,-7.0044033699345025,19.974420923339974,0.0030906416680046046,0.004622972832769673,0.005904212649689345,-0.007896741160103353,0.017613479737973482,0.06394769165004187,14.715,-3.6556747861946857e-06,-4.855530848555642e-06,-1.1644544482564547e-05
7.965,10.0,-7.0,20.0,10.001985471367165,-7.004385868676769,19.974454021871857,0.003038275636505946,0.004553424044351573,0.005820814743038932,-0.00794188546868818,0.017543474707076973,0.06386494532033558,14.715,-3.5953558984653e-06,-4.775955936786112e-06,-1.1440332300009597e-05
7.97,10.0,-7.0,20.0,10.001996555154888,-7.004368635289452,19.974486649941515,0.0029867736773230816,0.004485015034280381,0.005738879398411715,-0.007986220619531826,0.017474541157827775,0.06378337514620133,14.715,-3.536013999951547e-06,-4.697660794658406e-06,-1.1239673348198463e-05
7.9750000000000005,10.0,-7.0,20.0,10.002007439940396,-7.004351665464164,19.974518815730757,0.0029361217939957536,0.0044177274727564345,0.0056583811676670336,-0.008029759761607124,0.017406661856708396,0.0637029606731103,14.715,-3.4776336509870567e-06,-4.620625346340475e-06,-1.1042506567246133e-05
7.98,10.0,-7.0,20.0,10.002018128958694,-7.004334954960172,19.974550527280318,0.0028863062112889997,0.004351543317494355,0.005579295039973446,-0.008072515834733627,0.017339819840726616,0.06362368179919359,14.715,-3.4201995458831583e-06,-4.544829864974362e-06,-1.0848771933521378e-05
7.985,10.0,-7.0,20.0,10.002028625393379,-7.00431849960336,19.974581792492256,0.0028373133732718285,0.004286444808726039,0.005501596434387102,-0.008114501573546947,0.01727399841344613,0.0635455187693263,14.715,-3.3636967443248263e-06,-4.470254878244031e-06,-1.0658410437246603e-05
7.99,10.0,-7.0,20.0,10.002038932377438,-7.004302295285226,19.974612619132323,0.002789129938081467,0.0042224144655562375,0.00542526119259055,-0.008155729509737863,0.01720918114091546,0.06346845216921188,14.715,-3.3081103754337687e-06,-4.396881245327951e-06,-1.0471364070385952e-05
7.995,10.0,-7.0,20.0,10.002049052994044,-7.004286337961876,19.97464301483227,0.002741742776926661,0.004159435081215821,0.005350265571718294,-0.00819621197612343,0.017145351847495043,0.06339246291933887,14.715,-3.2534259837637323e-06,-4.324690098697666e-06,-1.0287575818978623e-05
8.0,10.0,-7.0,20.0,10.002058990277309,-7.00427062365305,19.974672987092156,0.002695138968135027,0.00409748971914866,0.005276586237237254,-0.00819621197612343,0.017145351847495043,0.06339246291933887,14.715,-3.2534259837637323e-06,-4.324690098697666e-06,-1.0287575818978623e-05
